PDB_ID	antigen_name	CF_H1	CF_H2	CF_L1	CF_L2	CF_L3
1adq	igg4_rea_fc	H1-7-seq_353	H2-6-seq_898	L1-11-seq_317	L2-7-seq_1237	L3-11-seq_32
1bvk	lysozyme	H1-7-seq_938		L1-11-seq_407	L2-7-seq_1053	L3-9-seq_79
1dee	immunoglobulin_g_binding_protein_a	H1-7-seq_961	H2-6-seq_609	L1-11-seq_417	L2-7-seq_673	L3-9-seq_484
1h0d	angiogenin	H1-7-seq_257	H2-6-seq_884	L1-15-seq_5	L2-7-seq_1220	L3-9-seq_705
1hez	protein_l	H1-7-seq_961	H2-6-seq_609	L1-11-seq_417	L2-7-seq_673	L3-9-seq_484
1i9r	cd40_ligand	H1-7-seq_675	H2-6-seq_600	L1-15-seq_15	L2-7-seq_353	L3-9-seq_486
1iqd	human_factor_viii	H1-7-seq_1027	H2-6-seq_871	L1-12-seq_123	L2-7-seq_289	L3-9-seq_665
1jps	tissue_factor	H1-7-seq_562	H2-6-seq_451	L1-11-seq_352	L2-7-seq_620	L3-9-seq_352
1uj3	tissue_factor	H1-7-seq_590	H2-6-seq_767	L1-11-seq_605	L2-7-seq_1053	L3-9-seq_352
2cmr	transmembrane_glycoprotein	H1-7-seq_4	H2-6-seq_161	L1-11-seq_477	L2-7-seq_839	L3-9-seq_490
2dd8	spike_glycoprotein	H1-7-seq_673	H2-6-seq_888	L1-11-seq_317	L2-7-seq_740	L3-10-seq_248
2eks	lysozyme_c	H1-7-seq_638		L1-11-seq_398	L2-7-seq_577	L3-9-seq_345
2fed	h(+)/cl(-)_exchange_transporter_clca	H1-7-seq_872	H2-6-seq_470	L1-10-seq_6	L2-7-seq_643	L3-9-seq_368
2fjg	vascular_endothelial_growth_factor_a	H1-7-seq_855	H2-6-seq_54	L1-11-seq_161	L2-7-seq_801	L3-9-seq_226
2fjh	vascular_endothelial_growth_factor_a	H1-7-seq_844	H2-6-seq_684	L1-11-seq_540	L2-7-seq_706	L3-9-seq_549
2ghw	spike_glycoprotein	H1-7-seq_257	H2-6-seq_483	L1-11-seq_469	L2-7-seq_65	L3-9-seq_707
2h9g	tumor_necrosis_factor_receptor_superfamily_member_10bprecursor_	H1-7-seq_853	H2-6-seq_693	L1-11-seq_161	L2-7-seq_801	L3-9-seq_226
2j6e	ig_gamma-1_chain_c_region	H1-9-seq_87		L1-13-seq_22	L2-7-seq_1057	L3-11-seq_126
2qad	envelope_glycoprotein_gp160	H1-7-seq_839	H2-6-seq_679	L1-11-seq_202	L2-7-seq_937	L3-9-seq_546
2qqk	neuropilin-2	H1-7-seq_954	H2-6-seq_774	L1-11-seq_161	L2-7-seq_801	L3-9-seq_621
2qqn	neuropilin-1	H1-7-seq_257	H2-6-seq_54	L1-11-seq_700	L2-7-seq_289	L3-9-seq_710
2r0k	hepatocyte_growth_factor_activator	H1-7-seq_1060	H2-6-seq_855	L1-11-seq_161	L2-7-seq_801	L3-9-seq_226
2r56	beta-lactoglobulin	H1-7-seq_499	H2-6-seq_394	L1-11-seq_315	L2-7-seq_673	L3-9-seq_317
2vh5	gtpase_hras	H1-7-seq_257	H2-6-seq_487	L1-11-seq_417	L2-7-seq_662	L3-9-seq_379
2vxq	pollen_allergen_phl_p_2	H1-9-seq_90		L1-11-seq_580	L2-7-seq_673	L3-9-seq_592
2vxs	interleukin-17a	H1-7-seq_257	H2-6-seq_97	L1-13-seq_28	L2-7-seq_1	L3-9-seq_309
2wub	hepatocyte_growth_factor_activator_long_chain	H1-7-seq_798	H2-6-seq_643	L1-11-seq_161	L2-7-seq_801	L3-9-seq_522
2xqb	interleukin_15	H1-7-seq_833	H2-6-seq_632	L1-13-seq_77	L2-7-seq_927	L3-11-seq_137
2xra	transmembrane_protein_gp41	H1-7-seq_957	H2-6-seq_776	L1-11-seq_22	L2-7-seq_1066	L3-10-seq_213
2xtj	proprotein_convertase_subtilisin/kexin_type_9	H1-7-seq_949	H2-6-seq_771	L1-11-seq_609	L2-7-seq_1058	L3-8-seq_60
2ybr	beta-mammal_toxin_cn2	H1-7-seq_353	H2-6-seq_202	L1-11-seq_452	L2-7-seq_193	L3-9-seq_170
3b2u	epidermal_growth_factor_receptor	H1-9-seq_74		L1-11-seq_417	L2-7-seq_193	L3-9-seq_430
3bn9	membrane-type_serine_protease_1	H1-7-seq_257	H2-6-seq_97	L1-11-seq_301	L2-7-seq_673	L3-9-seq_500
3d85	interleukin-23_subunit_p19	H1-7-seq_1067	H2-6-seq_790	L1-11-seq_582	L2-7-seq_577	L3-9-seq_635
3eob	integrin_alpha-l	H1-7-seq_534	H2-6-seq_810	L1-11-seq_579	L2-7-seq_486	L3-9-seq_337
3g6d	interleukin-13	H1-7-seq_422	H2-6-seq_861	L1-11-seq_681	L2-7-seq_1185	L3-10-seq_237
3grw	fibroblast_growth_factor_receptor_3	H1-7-seq_481	H2-6-seq_887	L1-11-seq_161	L2-7-seq_801	L3-9-seq_226
3hi1	glycoprotein_120	H1-7-seq_991		L1-12-seq_132	L2-7-seq_289	L3-9-seq_644
3hi6	integrin_alpha-l	H1-7-seq_129	H2-6-seq_399	L1-11-seq_4	L2-7-seq_673	L3-8-seq_37
3hmx	interleukin-12_subunit_beta	H1-7-seq_768	H2-6-seq_620	L1-11-seq_679	L2-7-seq_673	L3-9-seq_499
3idy	hiv-1_hxbc2_gp120_core	H1-7-seq_865	H2-6-seq_728	L1-11-seq_22	L2-7-seq_996	L3-10-seq_199
3jwo	hiv-1_gp120_envelope_glycoprotein	H1-7-seq_97	H2-6-seq_567	L1-11-seq_343	L2-7-seq_673	L3-8-seq_47
3kr3	insulin-like_growth_factor_ii	H1-7-seq_767	H2-6-seq_619	L1-11-seq_28	L2-7-seq_673	L3-9-seq_498
3l5x	interleukin-13	H1-9-seq_89		L1-11-seq_579	L2-7-seq_486	L3-9-seq_337
3lev	rna_polymerase_sigma_factor	H1-9-seq_94		L1-11-seq_315	L2-7-seq_513	L3-9-seq_651
3ma9	transmembrane_glycoprotein	H1-7-seq_555	H2-6-seq_161	L1-11-seq_348	L2-7-seq_612	L3-11-seq_156
3mxw	sonic_hedgehog_protein	H1-7-seq_850	H2-6-seq_690	L1-11-seq_65	L2-7-seq_949	L3-9-seq_555
3nfp	interleukin-2_receptor_subunit_alpha	H1-7-seq_257	H2-6-seq_424	L1-10-seq_7	L2-7-seq_706	L3-9-seq_407
3nh7	bone_morphogenetic_protein_receptor_type-1a	H1-7-seq_669	H2-6-seq_538	L1-11-seq_419	L2-7-seq_740	L3-11-seq_106
3nps	suppressor_of_tumorigenicity_14_protein	H1-7-seq_673	H2-6-seq_161	L1-13-seq_22	L2-7-seq_164	L3-9-seq_386
3p0y	epidermal_growth_factor_receptor	H1-7-seq_713	H2-6-seq_572	L1-11-seq_454	L2-7-seq_801	L3-9-seq_466
3pgf	maltose-binding_periplasmic_protein	H1-7-seq_801	H2-6-seq_691	L1-11-seq_257	L2-7-seq_482	L3-9-seq_688
3q1s	interleukin-22	H1-7-seq_1132		L1-11-seq_717	L2-7-seq_193	L3-9-seq_724
3r1g	beta-secretase_1	H1-7-seq_1025	H2-6-seq_827	L1-11-seq_161	L2-7-seq_801	L3-9-seq_664
3skj	ephrin_type-a_receptor_2	H1-7-seq_708	H2-6-seq_846	L1-11-seq_130	L2-7-seq_1168	L3-9-seq_679
3sqo	proprotein_convertase_subtilisin/kexin_type_9	H1-7-seq_257	H2-6-seq_777	L1-11-seq_315	L2-7-seq_775	L3-9-seq_622
3t2n	serine_protease_hepsin	H1-7-seq_97	H2-6-seq_564	L1-14-seq_99	L2-7-seq_778	L3-9-seq_455
3u30	linear_di-ubiquitin	H1-7-seq_814	H2-6-seq_657	L1-11-seq_161	L2-7-seq_907	L3-9-seq_226
3u4e	v1v2_region_of_hiv-1_on_1fd6_scaffold	H1-7-seq_1052	H2-6-seq_848	L1-14-seq_140	L2-7-seq_961	L3-10-seq_232
3ulu	toll-like_receptor_3	H1-7-seq_97	H2-6-seq_397	L1-11-seq_318	L2-7-seq_560	L3-9-seq_79
3ux9	interferon_alpha-1/13	H1-7-seq_257	H2-6-seq_97	L1-13-seq_22	L2-7-seq_164	L3-11-seq_167
3w9e	envelope_glycoprotein_d	H1-7-seq_1018	H2-6-seq_822	L1-12-seq_137	L2-7-seq_166	L3-8-seq_1
3wd5	tumor_necrosis_factor	H1-7-seq_353	H2-6-seq_815	L1-11-seq_679	L2-7-seq_673	L3-9-seq_656
3whe	hemagglutinin	H1-7-seq_641	H2-6-seq_432	L1-14-seq_139	L2-7-seq_833	L3-11-seq_177
3wlw	receptor_tyrosine-protein_kinase_erbb-2	H1-7-seq_879	H2-6-seq_98	L1-14-seq_62	L2-7-seq_961	L3-10-seq_195
3wsq	receptor_tyrosine-protein_kinase_erbb-2	H1-7-seq_779	H2-6-seq_629	L1-13-seq_71	L2-7-seq_865	L3-11-seq_130
3x3f	tumor_necrosis_factor_receptor_superfamily_member_10b	H1-7-seq_97	H2-6-seq_392	L1-11-seq_417	L2-7-seq_193	L3-9-seq_707
4al8	envelope_protein	H1-7-seq_257	H2-6-seq_895	L1-11-seq_704	L2-7-seq_1234	L3-9-seq_15
4cni	interleukin-6	H1-7-seq_418	H2-8-seq_23	L1-11-seq_670	L2-7-seq_1163	L3-9-seq_675
4d9r	complement_factor_d	H1-7-seq_97	H2-6-seq_707	L1-11-seq_413	L2-7-seq_733	L3-9-seq_427
4dag	fusion_glycoprotein_f0	H1-7-seq_115		L1-11-seq_129	L2-7-seq_739	L3-9-seq_431
4dke	interleukin-34	H1-7-seq_847	H2-6-seq_687	L1-11-seq_161	L2-7-seq_801	L3-9-seq_553
4dkf	interleukin-34	H1-7-seq_257	H2-6-seq_628	L1-11-seq_417	L2-7-seq_289	L3-9-seq_502
4dn4	c-c_motif_chemokine_2	H1-7-seq_673	H2-6-seq_161	L1-12-seq_75	L2-7-seq_65	L3-10-seq_127
4dqo	1fd6-v1v2_scaffold_zm109_hiv-1_strain	H1-7-seq_836		L1-14-seq_62	L2-7-seq_262	L3-10-seq_187
4dtg	tissue_factor_pathway_inhibitor	H1-7-seq_1091	H2-6-seq_877	L1-16-seq_57	L2-7-seq_1210	L3-9-seq_700
4edw	beta-nerve_growth_factor	H1-7-seq_340		L1-11-seq_65	L2-7-seq_382	L3-9-seq_212
4ers	glucagon_receptor	H1-7-seq_257	H2-6-seq_412	L1-11-seq_2	L2-7-seq_673	L3-9-seq_328
4fqj	hemagglutinin	H1-7-seq_1061	H2-6-seq_856	L1-13-seq_22	L2-7-seq_1180	L3-11-seq_57
4g3y	tumor_necrosis_factor	H1-7-seq_791	H2-8-seq_20	L1-11-seq_505	L2-7-seq_882	L3-9-seq_514
4g6j	interleukin-1_beta	H1-7-seq_838	H2-6-seq_678	L1-11-seq_428	L2-7-seq_936	L3-9-seq_545
4g6m	interleukin-1_beta	H1-9-seq_68		L1-11-seq_343	L2-7-seq_132	L3-9-seq_667
4g7v	voltage-sensor_containing_phosphatase	H1-7-seq_897	H2-6-seq_731	L1-11-seq_257	L2-7-seq_482	L3-9-seq_585
4g80	voltage-sensor_containing_phosphatase	H1-7-seq_297	H2-6-seq_509	L1-11-seq_257	L2-7-seq_482	L3-9-seq_401
4hcr	mucosal_addressin_cell_adhesion_molecule_1	H1-7-seq_257	H2-6-seq_365	L1-16-seq_33	L2-7-seq_265	L3-9-seq_590
4hfu	hemagglutinin_ha1	H1-7-seq_4	H2-6-seq_1	L1-11-seq_690	L2-7-seq_289	L3-10-seq_233
4hg4	hemagglutinin_ha2	H1-7-seq_568	H2-6-seq_457	L1-11-seq_39	L2-7-seq_626	L3-9-seq_354
4hj0	gastric_inhibitory_polypeptide_receptor	H1-7-seq_673	H2-6-seq_454	L1-13-seq_22	L2-7-seq_1	L3-11-seq_126
4hwb	interleukin-13_receptor_subunit_alpha-1	H1-7-seq_1013	H2-6-seq_694	L1-12-seq_1	L2-7-seq_289	
4i2x	signal-regulatory_protein_gamma	H1-7-seq_698	H2-6-seq_561	L1-11-seq_161	L2-7-seq_775	L3-9-seq_453
4i77	interleukin-13	H1-7-seq_641		L1-15-seq_3	L2-7-seq_1213	L3-9-seq_702
4idj	alpha-hemolysin	H1-7-seq_763	H2-6-seq_615	L1-12-seq_102	L2-7-seq_289	L3-9-seq_355
4irz	integrin_alpha4_subunit	H1-7-seq_449	H2-6-seq_792	L1-11-seq_629	L2-7-seq_1089	L3-8-seq_31
4j6r	envelope_glycoprotein_gp160	H1-7-seq_97	H2-6-seq_897	L1-11-seq_706	L2-7-seq_289	
4jb9	clade_a/e_93th057_hiv-1_gp120_core	H1-7-seq_1056	H2-6-seq_852	L1-10-seq_13	L2-7-seq_1174	
4jhw	fusion_glycoprotein_f0	H1-7-seq_589	H2-6-seq_309	L1-11-seq_22	L2-7-seq_798	L3-9-seq_354
4k8r	proprotein_convertase_subtilisin/kexin_type_9	H1-7-seq_257		L1-11-seq_315	L2-7-seq_513	L3-9-seq_597
4khx	gp41_helix	H1-7-seq_555	H2-6-seq_444	L1-11-seq_348	L2-7-seq_612	L3-11-seq_156
4kv5	transforming_growth_factor_beta-1_proprotein	H1-7-seq_1067	H2-6-seq_181	L1-12-seq_31	L2-7-seq_198	L3-9-seq_156
4lmq	stromal_cell-derived_factor_1	H1-7-seq_234		L1-11-seq_414	L2-7-seq_735	L3-9-seq_657
4m5z	hemagglutinin_ha1_chain	H1-8-seq_8		L1-11-seq_317	L2-7-seq_740	L3-11-seq_90
4m8q	4e10_epitope_scaffold_t117	H1-7-seq_673	H2-6-seq_161	L1-12-seq_1	L2-7-seq_289	L3-9-seq_410
4mwf	envelope_glycoprotein_e2	H1-7-seq_102	H2-6-seq_873	L1-11-seq_673	L2-7-seq_289	L3-9-seq_372
4mxw	lymphotoxin-alpha	H1-7-seq_257	H2-6-seq_667	L1-11-seq_257	L2-7-seq_918	L3-9-seq_325
4nnp	lipoprotein	H1-7-seq_801	H2-6-seq_706	L1-11-seq_257	L2-7-seq_482	L3-10-seq_174
4np4	toxin_b	H1-7-seq_1092	H2-6-seq_878	L1-12-seq_1	L2-7-seq_289	L3-9-seq_288
4od2	tumor_necrosis_factor_receptor_superfamily_member_10b	H1-7-seq_353	H2-6-seq_910	L1-11-seq_104	L2-7-seq_1252	L3-11-seq_180
4ogx	plasma_kallikrein	H1-7-seq_708	H2-6-seq_552	L1-11-seq_130	L2-7-seq_641	L3-8-seq_44
4oqt	leucine-rich_repeat_and_immunoglobulin-like_domain-containing_nogo_receptor-interacting_protein_1_	H1-7-seq_257	H2-6-seq_757	L1-11-seq_417	L2-7-seq_193	L3-10-seq_214
4ot1	envelope_glycoprotein_b	H1-7-seq_953	H2-6-seq_837	L1-13-seq_5	L2-7-seq_867	L3-10-seq_211
4p59	receptor_tyrosine-protein_kinase_erbb-3	H1-7-seq_257	H2-6-seq_755	L1-11-seq_679	L2-7-seq_417	L3-9-seq_610
4ps4	interleukin-13	H1-9-seq_89		L1-11-seq_579	L2-7-seq_486	L3-8-seq_79
4qci	platelet-derived_growth_factor_subunit_b	H1-7-seq_257	H2-6-seq_813	L1-11-seq_645	L2-7-seq_740	L3-9-seq_652
4qhu	interleukin-17a	H1-7-seq_257	H2-6-seq_402	L1-11-seq_175	L2-7-seq_564	L3-11-seq_80
4r4n	m48u1_peptide	H1-7-seq_660		L1-11-seq_301	L2-7-seq_673	L3-8-seq_42
4rfo	hiv-1_clade_a/e_gp120	H1-9-seq_100		L1-14-seq_62	L2-7-seq_769	L3-10-seq_5
4rrp	antigen_asf1p	H1-7-seq_676	H2-6-seq_544	L1-11-seq_257	L2-7-seq_482	L3-9-seq_436
4rwy	hiv-1_yu2_gp120	H1-7-seq_1087		L1-10-seq_14	L2-7-seq_1206	L3-9-seq_697
4rx4	hiv-1_clade_a_q842.d12_gp120	H1-7-seq_1087		L1-10-seq_14	L2-7-seq_709	L3-9-seq_697
4tsa	lysozyme_c	H1-7-seq_419		L1-14-seq_139	L2-7-seq_833	L3-11-seq_177
4tsb	lysozyme_c	H1-7-seq_419		L1-14-seq_139	L2-7-seq_833	L3-11-seq_154
4ttd	lysozyme_c	H1-7-seq_419		L1-14-seq_139	L2-7-seq_833	L3-11-seq_177
4u6v	alpha-hemolysin	H1-7-seq_877		L1-11-seq_130	L2-7-seq_641	L3-8-seq_50
4ut6	envelope_glycoprotein_e	H1-7-seq_877	H2-6-seq_226	L1-14-seq_75	L2-7-seq_593	L3-10-seq_126
4uu9	complement_c5	H1-7-seq_257	H2-6-seq_97	L1-14-seq_96	L2-7-seq_703	L3-10-seq_243
4uv7	epidermal_growth_factor_receptor	H1-7-seq_97	H2-6-seq_875	L1-16-seq_56	L2-7-seq_1186	L3-9-seq_673
4v1d	beta-mammal_toxin_cn2	H1-7-seq_1090	H2-6-seq_876	L1-13-seq_22	L2-7-seq_1209	L3-11-seq_126
4wv1	fibroblast_growth_factor_receptor_2	H1-7-seq_481	H2-6-seq_578	L1-11-seq_458	L2-7-seq_801	L3-9-seq_471
4xak	spike_glycoprotein	H1-7-seq_673	H2-6-seq_161	L1-11-seq_2	L2-7-seq_673	L3-9-seq_228
4xnm	hemagglutinin	H1-8-seq_20		L1-11-seq_617	L2-7-seq_519	L3-9-seq_624
4xny	envelope_glycoprotein_gp160,envelope_glycoprotein_gp160,envelope_glycoprotein_gp160_	H1-7-seq_1071	H2-6-seq_866	L1-12-seq_144	L2-7-seq_1190	
4xx1	phosphatidylcholine-sterol_acyltransferase	H1-7-seq_257	H2-6-seq_4	L1-11-seq_129	L2-7-seq_519	L3-10-seq_122
4y5v	erythropoietin_receptor	H1-7-seq_257	H2-6-seq_647	L1-14-seq_62	L2-7-seq_961	L3-10-seq_178
4y5x	erythropoietin_receptor	H1-7-seq_257	H2-6-seq_97	L1-13-seq_42	L2-7-seq_806	L3-11-seq_128
4y5y	erythropoietin_receptor	H1-7-seq_129	H2-6-seq_647	L1-14-seq_38	L2-7-seq_322	L3-11-seq_61
4ydi	envelope_glycoprotein_gp160	H1-7-seq_917	H2-6-seq_745	L1-11-seq_588	L2-7-seq_1025	
4ydk	envelope_glycoprotein_gp160,envelope_glycoprotein_gp160	H1-7-seq_353	H2-6-seq_589	L1-11-seq_22	L2-7-seq_818	L3-9-seq_481
4ydl	envelope_glycoprotein_gp160,envelope_glycoprotein_gp160	H1-7-seq_834	H2-6-seq_866	L1-12-seq_111	L2-7-seq_929	
4ye4	ht593.1_gp120	H1-7-seq_1072		L1-17-seq_38	L2-7-seq_1191	L3-9-seq_689
4yfl	envelope_glycoprotein_gp160,envelope_glycoprotein_gp160,envelope_glycoprotein_gp160_	H1-7-seq_896	H2-6-seq_730	L1-13-seq_82	L2-7-seq_1057	L3-11-seq_148
4yjz	hemagglutinin	H1-7-seq_646	H2-6-seq_761	L1-13-seq_22	L2-7-seq_712	L3-11-seq_100
4yk4	hemagglutinin	H1-7-seq_132		L1-11-seq_417	L2-7-seq_673	L3-9-seq_49
4ypg	interferon_alpha-2	H1-7-seq_257	H2-6-seq_383	L1-12-seq_1	L2-7-seq_289	L3-9-seq_162
4ywg	scaffold_hiv-1_gp120_v1v2_region_derived_from_strain_zm109	H1-7-seq_1022		L1-11-seq_656	L2-7-seq_451	L3-10-seq_224
4z5r	interferon_alpha-2	H1-7-seq_963	H2-6-seq_462	L1-15-seq_15	L2-7-seq_353	L3-9-seq_360
4zs6	s_protein	H1-7-seq_67	H2-6-seq_461	L1-11-seq_22	L2-7-seq_630	L3-8-seq_41
4zso	natural_cytotoxicity_triggering_receptor_3_ligand_1	H1-7-seq_257	H2-6-seq_708	L1-10-seq_4	L2-7-seq_943	L3-9-seq_550
5a3i	hemagglutinin	H1-7-seq_97	H2-6-seq_729	L1-16-seq_41	L2-7-seq_675	L3-9-seq_390
5anm	ig_epsilon_chain_c_region	H1-7-seq_737	H2-6-seq_592	L1-14-seq_139	L2-7-seq_821	L3-11-seq_120
5bjz	maltose-binding_periplasmic_protein	H1-7-seq_595	H2-6-seq_480	L1-11-seq_257	L2-7-seq_482	L3-10-seq_140
5bk1	maltose_binding_protein	H1-7-seq_297	H2-6-seq_480	L1-11-seq_257	L2-7-seq_482	L3-10-seq_217
5bk2	maltose-binding_periplasmic_protein	H1-7-seq_851	H2-6-seq_691	L1-11-seq_257	L2-7-seq_482	L3-10-seq_189
5bo1	protein_jagged-1	H1-7-seq_577	H2-6-seq_464	L1-11-seq_161	L2-7-seq_801	L3-9-seq_362
5bv7	phosphatidylcholine-sterol_acyltransferase	H1-9-seq_100		L1-11-seq_104	L2-7-seq_713	L3-11-seq_101
5c8j	protein_mj0480	H1-7-seq_801	H2-6-seq_373	L1-11-seq_257	L2-7-seq_482	L3-9-seq_413
5cba	c-x-c_motif_chemokine_13	H1-7-seq_673	H2-6-seq_161	L1-14-seq_38	L2-7-seq_681	L3-10-seq_175
5cbe	c-x-c_motif_chemokine_13	H1-7-seq_673	H2-6-seq_161	L1-14-seq_38	L2-7-seq_681	L3-10-seq_146
5cd5	93th057_hiv-1_gp120_core	H1-7-seq_968	H2-6-seq_786	L1-11-seq_625	L2-7-seq_1080	
5cus	receptor_tyrosine-protein_kinase_erbb-3	H1-7-seq_652	H2-6-seq_425	L1-13-seq_49	L2-7-seq_1057	L3-11-seq_84
5czv	neurogenic_locus_notch_homolog_protein_3	H1-7-seq_673	H2-6-seq_744	L1-11-seq_289	L2-7-seq_1024	L3-9-seq_601
5czx	neurogenic_locus_notch_homolog_protein_3	H1-7-seq_789	H2-6-seq_637	L1-11-seq_417	L2-7-seq_129	L3-9-seq_513
5d1q	iron-regulated_surface_determinant_protein_b	H1-7-seq_639	H2-6-seq_1	L1-11-seq_343	L2-7-seq_673	L3-9-seq_406
5d1x	iron-regulated_surface_determinant_protein_b	H1-7-seq_960	H2-6-seq_778	L1-16-seq_19	L2-7-seq_1070	L3-9-seq_673
5d1z	iron-regulated_surface_determinant_protein_b	H1-9-seq_97		L1-11-seq_573	L2-7-seq_985	L3-9-seq_564
5e8e	thrombin_heavy_chain	H1-7-seq_1038	H2-6-seq_449	L1-11-seq_661	L2-7-seq_65	L3-10-seq_229
5eii	histone_chaperone_asf1	H1-7-seq_676	H2-6-seq_450	L1-11-seq_257	L2-7-seq_482	L3-9-seq_712
5esv	2-c-methyl-d-erythritol_2,4-cyclodiphosphate_synthase,envelope_glycoprotein_gp160_	H1-7-seq_700	H2-6-seq_563	L1-12-seq_92	L2-7-seq_777	L3-9-seq_454
5eu7	integrase	H1-7-seq_1023	H2-6-seq_825	L1-11-seq_257	L2-7-seq_482	L3-9-seq_663
5f72	kelch-like_ech-associated_protein_1	H1-7-seq_115	H2-6-seq_871	L1-11-seq_257	L2-7-seq_482	L3-9-seq_692
5f9o	clade_a/e_93th057_hiv-1_gp120_core	H1-7-seq_418	H2-6-seq_826	L1-11-seq_658	L2-7-seq_289	L3-8-seq_63
5f9w	clade_a/e_93th057_hiv-1_gp120_core	H1-7-seq_97	H2-6-seq_601	L1-11-seq_469	L2-7-seq_289	L3-8-seq_18
5fec	426c.tm4deltav1-3_gp120	H1-7-seq_961	H2-6-seq_33	L1-11-seq_22	L2-7-seq_129	
5ggr	programmed_cell_death_protein_1	H1-7-seq_724	H2-6-seq_581	L1-11-seq_417	L2-7-seq_193	L3-9-seq_474
5ggs	programmed_cell_death_protein_1	H1-7-seq_97	H2-6-seq_535	L1-15-seq_13	L2-7-seq_732	L3-9-seq_426
5ggt	programmed_cell_death_1_ligand_1	H1-7-seq_4	H2-6-seq_554	L1-11-seq_417	L2-7-seq_193	L3-8-seq_22
5ggv	cytotoxic_t-lymphocyte_protein_4	H1-7-seq_257	H2-6-seq_4	L1-11-seq_227	L2-7-seq_673	L3-9-seq_250
5gmq	s_protein	H1-7-seq_673	H2-6-seq_355	L1-12-seq_1	L2-7-seq_289	L3-9-seq_258
5grj	programmed_cell_death_1_ligand_1	H1-7-seq_257	H2-6-seq_650	L1-14-seq_62	L2-7-seq_321	L3-10-seq_148
5gzo	genome_polyprotein	H1-8-seq_1		L1-11-seq_2	L2-7-seq_673	L3-9-seq_704
5ibl	hemagglutinin	H1-7-seq_257	H2-6-seq_421	L1-12-seq_72	L2-7-seq_585	L3-9-seq_132
5if0	germline-targeting_hiv-1_gp120_engineered_outer_domain_eod-gt8_	H1-7-seq_961	H2-6-seq_33	L1-17-seq_1	L2-7-seq_1153	
5iwl	leukocyte_surface_antigen_cd47	H1-7-seq_97	H2-6-seq_183	L1-16-seq_35	L2-7-seq_1186	L3-9-seq_451
5j13	thymic_stromal_lymphopoietin	H1-7-seq_104	H2-6-seq_4	L1-11-seq_666	L2-7-seq_740	L3-11-seq_32
5jz7	beta-nerve_growth_factor	H1-7-seq_673	H2-6-seq_801	L1-13-seq_42	L2-7-seq_867	L3-11-seq_166
5k59	uncharacterized_leukocidin-like_protein_1	H1-9-seq_93		L1-11-seq_227	L2-7-seq_673	L3-9-seq_643
5k9o	hemagglutinin	H1-7-seq_257	H2-6-seq_98	L1-16-seq_19	L2-7-seq_674	L3-9-seq_673
5k9q	hemagglutinin_ha2	H1-7-seq_129	H2-6-seq_856	L1-11-seq_59	L2-7-seq_353	L3-9-seq_356
5kw9	capsid_protein_vp1	H1-7-seq_960	H2-6-seq_761	L1-17-seq_32	L2-7-seq_1153	L3-9-seq_613
5l0q	disintegrin_and_metalloproteinase_domain-containing_protein10_	H1-7-seq_97	H2-6-seq_533	L1-11-seq_410	L2-7-seq_577	L3-9-seq_414
5lsp	hepatocyte_growth_factor_receptor	H1-7-seq_97	H2-6-seq_449	L1-11-seq_22	L2-7-seq_129	L3-9-seq_382
5mes	induced_myeloid_leukemia_cell_differentiation_protein_mcl-1homolog,induced_myeloid_leukemia_cell_differentiation_protein_mcl-1_	H1-7-seq_257	H2-6-seq_195	L1-13-seq_22	L2-7-seq_1	L3-11-seq_128
5mvz	interleukin-1_beta	H1-7-seq_257	H2-6-seq_132	L1-11-seq_417	L2-7-seq_193	L3-9-seq_361
5n7w	interleukin-17a	H1-7-seq_257	H2-6-seq_840	L1-11-seq_39	L2-7-seq_132	L3-9-seq_671
5nh3	activin_receptor_type-2a	H1-7-seq_481	H2-6-seq_455	L1-14-seq_38	L2-7-seq_624	L3-11-seq_92
5o14	factor_h_binding_protein_variant_1.1	H1-7-seq_97	H2-6-seq_830	L1-11-seq_662	L2-7-seq_2	L3-10-seq_225
5o1r	gna2132	H1-9-seq_64		L1-11-seq_582	L2-7-seq_755	L3-8-seq_43
5o4g	receptor_tyrosine-protein_kinase_erbb-2	H1-7-seq_1126	H2-6-seq_906	L1-11-seq_417	L2-7-seq_673	L3-9-seq_226
5o4o	receptor_tyrosine-protein_kinase_erbb-3	H1-7-seq_961	H2-6-seq_33	L1-11-seq_417	L2-7-seq_673	L3-9-seq_226
5ob5	c-x-c_motif_chemokine_2	H1-7-seq_97	H2-6-seq_754	L1-11-seq_595	L2-7-seq_1039	L3-9-seq_609
5occ	low_affinity_immunoglobulin_gamma_fc_region_receptor_ii-b	H1-7-seq_641	H2-6-seq_834	L1-14-seq_139	L2-7-seq_833	L3-11-seq_126
5otj	polcalcin_phl_p_7	H1-7-seq_257	H2-6-seq_832	L1-14-seq_139	L2-7-seq_612	L3-11-seq_177
5sx4	epidermal_growth_factor_receptor	H1-9-seq_74		L1-11-seq_22	L2-7-seq_129	L3-9-seq_507
5t33	rhpa_gp120_core	H1-7-seq_1104	H2-6-seq_886	L1-11-seq_696	L2-7-seq_1223	L3-11-seq_178
5t3z	envelope_glycoprotein_gp160	H1-7-seq_808	H2-6-seq_651	L1-14-seq_115	L2-7-seq_901	L3-8-seq_54
5te6	clade_a/e_93th057_hiv-1_gp120_core	H1-7-seq_877	H2-6-seq_747	L1-11-seq_588	L2-7-seq_1027	
5tpn	fusion_glycoprotein_f0,fibritin	H1-7-seq_353	H2-6-seq_896	L1-11-seq_705	L2-7-seq_289	L3-9-seq_459
5tz2	leukocyte_surface_antigen_cd47	H1-7-seq_97	H2-6-seq_132	L1-11-seq_424	L2-7-seq_746	L3-9-seq_435
5tzt	leukocyte_surface_antigen_cd47	H1-7-seq_97	H2-6-seq_574	L1-16-seq_37	L2-7-seq_1186	L3-9-seq_451
5tzu	leukocyte_surface_antigen_cd47	H1-7-seq_961	H2-6-seq_739	L1-11-seq_582	L2-7-seq_577	L3-9-seq_595
5udc	fusion_glycoprotein_f0	H1-7-seq_717	H2-6-seq_309	L1-11-seq_22	L2-7-seq_798	L3-9-seq_354
5uek	histone_chaperone_asf1	H1-7-seq_33	H2-6-seq_825	L1-11-seq_257	L2-7-seq_482	L3-9-seq_631
5ug0	hemagglutinin_ha1	H1-7-seq_1035		L1-12-seq_139	L2-7-seq_1152	L3-10-seq_226
5ugy	hemagglutinin_ha1	H1-7-seq_97	H2-6-seq_548	L1-11-seq_317	L2-7-seq_98	L3-11-seq_32
5uoe	insulin-degrading_enzyme	H1-7-seq_897	H2-6-seq_411	L1-11-seq_257	L2-7-seq_482	L3-9-seq_327
5uqy	envelope_glycoprotein_gp1	H1-9-seq_97		L1-11-seq_482	L2-7-seq_921	L3-9-seq_494
5ush	imv_membrane_protein	H1-9-seq_80		L1-14-seq_139	L2-7-seq_933	L3-11-seq_177
5usl	imv_membrane_protein	H1-7-seq_840	H2-6-seq_680	L1-11-seq_29	L2-7-seq_897	L3-11-seq_140
5utz	interleukin-2	H1-9-seq_2		L1-13-seq_33	L2-7-seq_257	L3-9-seq_420
5vag	hemagglutinin	H1-7-seq_673	H2-6-seq_161	L1-11-seq_417	L2-7-seq_673	L3-9-seq_484
5veb	cadherin-6	H1-7-seq_877	H2-6-seq_726	L1-11-seq_417	L2-7-seq_994	L3-10-seq_198
5vgj	1fd6-v1v2-wito	H1-7-seq_1085		L1-16-seq_55	L2-7-seq_675	L3-10-seq_242
5vic	dengue_1_envelope_diii_domain	H1-7-seq_865	H2-6-seq_820	L1-11-seq_651	L2-7-seq_1129	L3-9-seq_660
5vig	zika_virus_envelope_protein_diii	H1-7-seq_865	H2-6-seq_698	L1-11-seq_123	L2-7-seq_959	L3-8-seq_57
5vkd	nucleoprotein	H1-7-seq_676	H2-6-seq_706	L1-11-seq_257	L2-7-seq_482	L3-9-seq_103
5vl7	proprotein_convertase_subtilisin/kexin_type_9	H1-7-seq_766	H2-6-seq_618	L1-11-seq_161	L2-7-seq_801	L3-9-seq_497
5vn8	envelope_glycoprotein_gp160	H1-7-seq_515	H2-6-seq_30	L1-12-seq_113	L2-7-seq_945	L3-9-seq_552
5vqm	toxin_b	H1-7-seq_650	H2-6-seq_526	L1-11-seq_404	L2-7-seq_577	L3-9-seq_414
5w08	hemagglutinin_ha1	H1-7-seq_482	H2-6-seq_595	L1-14-seq_72	L2-7-seq_1188	L3-8-seq_36
5w1k	pre-glycoprotein_polyprotein_gp_complex	H1-9-seq_70		L1-12-seq_1	L2-7-seq_791	L3-9-seq_463
5w42	hemagglutinin	H1-7-seq_4	H2-6-seq_899	L1-12-seq_149	L2-7-seq_289	L3-8-seq_75
5w4l	clade_a/e_93th057_hiv-1_gp120_core	H1-7-seq_257	H2-6-seq_513	L1-12-seq_84	L2-7-seq_698	L3-11-seq_99
5wi9	beta-klotho	H1-7-seq_721	H2-6-seq_579	L1-12-seq_1	L2-7-seq_289	L3-9-seq_472
5wk3	c-c_motif_chemokine_17	H1-7-seq_810	H2-6-seq_653	L1-17-seq_27	L2-7-seq_903	L3-9-seq_529
5wux	tumor_necrosis_factor_alpha	H1-7-seq_737	H2-6-seq_642	L1-11-seq_510	L2-7-seq_801	L3-9-seq_499
5x8l	programmed_cell_death_1_ligand_1	H1-7-seq_259	H2-6-seq_654	L1-11-seq_161	L2-7-seq_801	L3-9-seq_530
5xhv	hemagglutinin	H1-7-seq_885	H2-6-seq_720	L1-11-seq_566	L2-7-seq_987	L3-9-seq_577
5xj3	cytotoxic_t-lymphocyte_protein_4	H1-7-seq_257	H2-6-seq_867	L1-12-seq_34	L2-7-seq_39	L3-9-seq_132
5xj4	programmed_cell_death_1_ligand_1	H1-7-seq_129	H2-6-seq_228	L1-12-seq_35	L2-7-seq_65	L3-9-seq_172
5xku	influenza_a_virus	H1-9-seq_2		L1-11-seq_417	L2-7-seq_673	L3-9-seq_226
5xmh	immunoglobulin_gamma-1_heavy_chain	H1-7-seq_673	H2-6-seq_873	L1-12-seq_1	L2-7-seq_289	L3-9-seq_355
5xwd	epidermal_growth_factor_receptor	H1-9-seq_97		L1-11-seq_317	L2-7-seq_98	L3-11-seq_32
5y11	membrane_glycoprotein_polyprotein	H1-7-seq_97	H2-6-seq_132	L1-11-seq_673	L2-7-seq_289	L3-10-seq_233
5y9j	tumor_necrosis_factor_ligand_superfamily_member_13b	H1-7-seq_591	H2-6-seq_873	L1-11-seq_104	L2-7-seq_713	L3-11-seq_94
5yoy	tumor_necrosis_factor	H1-7-seq_675	H2-6-seq_483	L1-11-seq_3	L2-7-seq_193	L3-10-seq_214
5yy5	mers-cov_rbd	H1-7-seq_697	H2-6-seq_560	L1-13-seq_42	L2-7-seq_774	L3-11-seq_126
6al5	b-lymphocyte_antigen_cd19	H1-7-seq_257	H2-6-seq_70	L1-15-seq_18	L2-7-seq_1151	L3-9-seq_669
6aod	coagulation_factor_xi	H1-7-seq_961	H2-6-seq_768	L1-11-seq_2	L2-7-seq_673	L3-9-seq_619
6aru	epidermal_growth_factor_receptor	H1-7-seq_625		L1-11-seq_464	L2-7-seq_689	L3-9-seq_459
6att	receptor_tyrosine-protein_kinase_erbb-2	H1-7-seq_257	H2-6-seq_195	L1-17-seq_22	L2-7-seq_1153	L3-9-seq_384
6b08	pfs25	H1-7-seq_97	H2-6-seq_33	L1-11-seq_317	L2-7-seq_906	L3-10-seq_182
6b0e	25_kda_ookinete_surface_antigen	H1-7-seq_675	H2-6-seq_98	L1-16-seq_19	L2-7-seq_1154	L3-9-seq_673
6b0g	25_kda_ookinete_surface_antigen	H1-7-seq_257	H2-6-seq_98	L1-16-seq_19	L2-7-seq_1154	L3-9-seq_600
6b0h	pfs25	H1-8-seq_11		L1-11-seq_436	L2-7-seq_673	L3-9-seq_444
6b0n	envelope_glycoprotein_gp140	H1-7-seq_97	H2-6-seq_709	L1-13-seq_80	L2-7-seq_971	
6b0s	circumsporozoite_protein	H1-7-seq_257	H2-6-seq_195	L1-11-seq_129	L2-7-seq_519	L3-9-seq_387
6b9j	imv_membrane_protein	H1-7-seq_97	H2-6-seq_843	L1-12-seq_1	L2-7-seq_451	L3-10-seq_185
6bf4	hiv-1_clade_ae_gp120_core	H1-7-seq_548	H2-6-seq_438	L1-17-seq_18	L2-7-seq_604	L3-8-seq_39
6bft	vascular_endothelial_growth_factor_a	H1-7-seq_822	H2-6-seq_707	L1-11-seq_22	L2-7-seq_915	L3-9-seq_536
6bgt	receptor_tyrosine-protein_kinase_erbb-2	H1-7-seq_1109	H2-6-seq_891	L1-11-seq_701	L2-7-seq_1229	L3-9-seq_124
6bkd	polyprotein	H1-7-seq_1054	H2-6-seq_359	L1-12-seq_142	L2-7-seq_1172	L3-8-seq_70
6c6z	spike_protein	H1-7-seq_355	H2-6-seq_161	L1-16-seq_33	L2-7-seq_675	L3-8-seq_4
6cde	glycoprotein_41	H1-7-seq_97	H2-6-seq_396	L1-16-seq_25	L2-7-seq_1186	L3-9-seq_319
6cdi	glycoprotein_gp41	H1-7-seq_97	H2-6-seq_507	L1-16-seq_35	L2-7-seq_688	L3-9-seq_451
6cmg	glycoprotein_g	H1-7-seq_839	H2-6-seq_355	L1-12-seq_38	L2-7-seq_289	L3-8-seq_46
6cyf	type_iii_secretion_system_protein	H1-7-seq_257	H2-6-seq_756	L1-11-seq_2	L2-7-seq_673	L3-9-seq_611
6dc3	rsv_fusion_glycoprotein	H1-7-seq_1063	H2-6-seq_481	L1-14-seq_62	L2-7-seq_321	L3-10-seq_236
6dfh	envelope_glycoprotein_gp160	H1-8-seq_1		L1-11-seq_29	L2-7-seq_897	L3-11-seq_160
6dfj	dengue_1_envelope_diii_domain	H1-7-seq_690		L1-11-seq_440	L2-7-seq_361	L3-11-seq_109
6dkj	gastric_inhibitory_polypeptide_receptor	H1-7-seq_1017	H2-6-seq_821	L1-11-seq_673	L2-7-seq_289	L3-9-seq_459
6e1k	two_pore_calcium_channel_protein_1	H1-7-seq_607	H2-6-seq_491	L1-11-seq_257	L2-7-seq_482	L3-9-seq_103
6e4x	hemagglutinin	H1-9-seq_63		L1-11-seq_428	L2-7-seq_161	
6e56	hemagglutinin	H1-7-seq_1062	H2-6-seq_857	L1-11-seq_673	L2-7-seq_289	L3-10-seq_235
6e63	pf48/45	H1-7-seq_353	H2-6-seq_577	L1-13-seq_61	L2-7-seq_1057	L3-9-seq_470
6eyo	immunoglobulin_heavy_constant_epsilon	H1-7-seq_445	H2-6-seq_725	L1-15-seq_18	L2-7-seq_17	L3-9-seq_581
6fax	tumor_necrosis_factor_receptor_superfamily_member_5	H1-7-seq_963	H2-6-seq_781	L1-11-seq_289	L2-7-seq_583	L3-9-seq_626
6fy1	cap228_autologous_scaffolded_v1v2	H1-7-seq_815	H2-6-seq_189	L1-11-seq_521	L2-7-seq_740	L3-10-seq_183
6h2y	lipoprotein_gna1870	H1-7-seq_986	H2-6-seq_799	L1-11-seq_634	L2-7-seq_98	L3-11-seq_162
6hhc	coagulation_factor_xi	H1-7-seq_966	H2-6-seq_784	L1-11-seq_22	L2-7-seq_129	L3-9-seq_508
6i04	hepatocyte_growth_factor_receptor	H1-9-seq_79		L1-11-seq_679	L2-7-seq_673	L3-9-seq_543
6i07	epithelial_cell_adhesion_molecule	H1-7-seq_97	H2-6-seq_707	L1-16-seq_38	L2-7-seq_816	L3-9-seq_479
6ii4	hemagglutinin	H1-7-seq_257	H2-6-seq_483	L1-13-seq_33	L2-7-seq_1161	L3-9-seq_674
6ii8	hemagglutinin	H1-7-seq_257	H2-6-seq_97	L1-13-seq_33	L2-7-seq_257	L3-9-seq_420
6ii9	hemagglutinin	H1-7-seq_835		L1-14-seq_139	L2-7-seq_930	L3-11-seq_177
6iut	hemagglutinin	H1-7-seq_690		L1-14-seq_46	L2-7-seq_703	L3-10-seq_153
6iuv	hemagglutinin	H1-7-seq_926	H2-6-seq_753	L1-16-seq_33	L2-7-seq_1035	L3-8-seq_58
6iw2	envelope_protein_e	H1-7-seq_733		L1-11-seq_24	L2-7-seq_641	L3-9-seq_480
6jjp	programmed_cell_death_protein_1	H1-7-seq_257	H2-6-seq_646	L1-11-seq_514	L2-7-seq_268	L3-9-seq_153
6ktr	fibroblast_growth_factor_19	H1-7-seq_257	H2-6-seq_97	L1-14-seq_62	L2-7-seq_321	L3-10-seq_165
6kyz	genome_polyprotein	H1-7-seq_257	H2-6-seq_483	L1-11-seq_129	L2-7-seq_519	L3-9-seq_387
6kz0	genome_polyprotein	H1-7-seq_782	H2-6-seq_631	L1-11-seq_679	L2-7-seq_673	L3-9-seq_505
6lxj	neuraminidase	H1-7-seq_587	H2-6-seq_472	L1-14-seq_46	L2-7-seq_321	L3-10-seq_138
6m3b	vitamin_k-dependent_protein_c_heavy_chain	H1-7-seq_257	H2-6-seq_823	L1-14-seq_138	L2-7-seq_1134	L3-11-seq_177
6m3c	vitamin_k-dependent_protein_c_heavy_chain	H1-7-seq_972	H2-8-seq_22	L1-15-seq_3	L2-7-seq_1084	L3-9-seq_632
6m58	serum_albumin	H1-7-seq_727	H2-6-seq_583	L1-11-seq_462	L2-7-seq_536	L3-10-seq_163
6mfp	clade_a/e_93th057_hiv-1_gp120_core	H1-7-seq_257	H2-6-seq_404	L1-11-seq_324	L2-7-seq_673	L3-9-seq_323
6mg7	clade_a/e_93th057_hiv-1_gp120_core	H1-7-seq_712	H2-6-seq_354	L1-11-seq_453	L2-7-seq_873	L3-9-seq_131
6mi2	tumor_necrosis_factor_receptor_superfamily_member_9	H1-7-seq_854	H2-6-seq_694	L1-11-seq_548	L2-7-seq_954	L3-11-seq_143
6mlk	6-deoxyerythronolide-b_synthase_erya3,_modules_5_and_6	H1-7-seq_835		L1-16-seq_33	L2-7-seq_675	L3-9-seq_673
6mlm	hemagglutinin_ha1_chain	H1-7-seq_820	H2-6-seq_663	L1-11-seq_524	L2-7-seq_513	L3-9-seq_131
6mto	vrc42_epitope_t117-f_scaffold	H1-7-seq_673	H2-6-seq_391	L1-12-seq_71	L2-7-seq_289	L3-9-seq_314
6mtq	vrc42_epitope_t117-f_scaffold	H1-7-seq_839	H2-6-seq_818	L1-12-seq_34	L2-7-seq_289	L3-9-seq_658
6mvl	v-type_immunoglobulin_domain-containing_suppressor_of_t-cell_activation_	H1-7-seq_569	H2-6-seq_458	L1-12-seq_1	L2-7-seq_289	L3-9-seq_355
6myy	426c_ds-sosip_d3	H1-7-seq_961	H2-6-seq_33	L1-11-seq_417	L2-7-seq_193	
6n81	major_capsid_protein	H1-7-seq_67	H2-6-seq_634	L1-11-seq_417	L2-7-seq_417	L3-9-seq_484
6n8d	major_capsid_protein	H1-7-seq_581	H2-6-seq_468	L1-11-seq_362	L2-7-seq_639	L3-10-seq_135
6nms	tyrosine-protein_phosphatase_non-receptor_type_substrate_1	H1-7-seq_257	H2-6-seq_311	L1-11-seq_3	L2-7-seq_289	L3-10-seq_123
6nmu	tyrosine-protein_phosphatase_non-receptor_type_substrate_1	H1-7-seq_257	H2-6-seq_669	L1-11-seq_529	L2-7-seq_193	L3-10-seq_186
6nn3	vp2_of_b19_parvovirus	H1-9-seq_100		L1-11-seq_702	L2-7-seq_291	L3-8-seq_23
6o25	circumsporozoite_protein	H1-7-seq_257	H2-6-seq_4	L1-12-seq_1	L2-7-seq_289	L3-9-seq_289
6o2b	circumsporozoite_protein	H1-7-seq_130	H2-8-seq_14	L1-12-seq_1	L2-7-seq_289	L3-9-seq_132
6o39	frizzled-5	H1-7-seq_1076	H2-6-seq_869	L1-11-seq_257	L2-7-seq_482	L3-8-seq_71
6o3a	frizzled-7	H1-7-seq_801	H2-6-seq_593	L1-11-seq_257	L2-7-seq_482	L3-8-seq_48
6o3b	frizzled-7	H1-7-seq_693	H2-6-seq_557	L1-11-seq_257	L2-7-seq_482	L3-9-seq_449
6o41	immunoglobulin_g-binding_protein_g_(domain_iii)	H1-7-seq_673	H2-6-seq_161	L1-12-seq_1	L2-7-seq_289	L3-9-seq_385
6o9h	ecd	H1-7-seq_257	H2-6-seq_748	L1-17-seq_31	L2-7-seq_1028	L3-9-seq_393
6o9i	ecd	H1-7-seq_1067	H2-6-seq_65	L1-16-seq_19	L2-7-seq_1186	L3-10-seq_238
6oan	duffy_binding_surface_protein_region_ii	H1-9-seq_85		L1-11-seq_562	L2-7-seq_981	L3-11-seq_165
6oao	duffy_binding_surface_protein_region_ii	H1-7-seq_1027	H2-6-seq_420	L1-13-seq_5	L2-7-seq_1	L3-11-seq_126
6oe4	fusion_glycoprotein_f0	H1-9-seq_67		L1-11-seq_22	L2-7-seq_630	L3-9-seq_456
6oej	clade_a/e_93th057_hiv-1_gp120_core	H1-7-seq_257	H2-6-seq_870	L1-16-seq_33	L2-7-seq_675	L3-8-seq_72
6ofi	clade_a/e_93th057_hiv-1_gp120_core	H1-7-seq_1128	H2-6-seq_908	L1-11-seq_673	L2-7-seq_289	L3-10-seq_233
6okm	tumor_necrosis_factor_receptor_superfamily_member_4	H1-7-seq_97	H2-6-seq_393	L1-11-seq_314	L2-7-seq_554	L3-9-seq_316
6p9h	iron-regulated_heme-iron_binding_protein	H1-7-seq_694	H2-6-seq_558	L1-11-seq_442	L2-7-seq_771	L3-9-seq_450
6pdx	hemagglutinin	H1-7-seq_950		L1-13-seq_85	L2-7-seq_867	L3-10-seq_210
6pe8	tumor_necrosis_factor_receptor_superfamily_member_5	H1-7-seq_97	H2-6-seq_553	L1-17-seq_31	L2-7-seq_1153	L3-9-seq_393
6pe9	tumor_necrosis_factor_receptor_superfamily_member_5	H1-7-seq_97	H2-6-seq_502	L1-17-seq_31	L2-7-seq_1153	L3-9-seq_393
6phb	25_kda_ookinete_surface_antigen	H1-7-seq_990		L1-11-seq_22	L2-7-seq_129	L3-10-seq_219
6phc	25_kda_ookinete_surface_antigen	H1-7-seq_976	H2-6-seq_42	L1-15-seq_21	L2-7-seq_675	L3-8-seq_61
6phf	25_kda_ookinete_surface_antigen	H1-7-seq_634	H2-6-seq_515	L1-11-seq_129	L2-7-seq_519	L3-10-seq_151
6pi7	tudor_and_kh_domain-containing_protein	H1-7-seq_33	H2-6-seq_27	L1-11-seq_257	L2-7-seq_482	L3-9-seq_476
6plk	env	H1-7-seq_627	H2-6-seq_508	L1-11-seq_394	L2-7-seq_692	L3-9-seq_317
6ppg	interleukin-17f	H1-7-seq_353	H2-6-seq_780	L1-11-seq_452	L2-7-seq_193	L3-10-seq_214
6pze	neuraminidase	H1-9-seq_97		L1-13-seq_42	L2-7-seq_867	L3-11-seq_166
6pzw	neuraminidase	H1-7-seq_353	H2-6-seq_483	L1-14-seq_62	L2-7-seq_321	L3-10-seq_120
6pzy	neuraminidase	H1-8-seq_4		L1-13-seq_26	L2-7-seq_1	L3-11-seq_57
6pzz	neuraminidase	H1-7-seq_486	H2-6-seq_98	L1-11-seq_417	L2-7-seq_673	L3-9-seq_131
6q1z	neuraminidase	H1-7-seq_353	H2-6-seq_616	L1-11-seq_661	L2-7-seq_850	L3-10-seq_222
6q20	neuraminidase	H1-7-seq_353	H2-6-seq_616	L1-11-seq_661	L2-7-seq_850	L3-10-seq_215
6r0x	megakaryocyte_and_platelet_inhibitory_receptor_g6b	H1-7-seq_527	H2-6-seq_419	L1-11-seq_22	L2-7-seq_583	L3-9-seq_334
6r2s	duffy_receptor	H1-9-seq_97		L1-11-seq_130	L2-7-seq_1227	L3-9-seq_329
6rcv	reticulocyte_binding_protein_homologue_5	H1-7-seq_257	H2-6-seq_903	L1-11-seq_353	L2-7-seq_740	L3-11-seq_32
6rlo	cd9_antigen	H1-7-seq_353	H2-6-seq_898	L1-17-seq_1	L2-7-seq_1153	L3-9-seq_340
6rps	carbonic_anhydrase_12	H1-7-seq_994		L1-11-seq_639	L2-7-seq_577	L3-9-seq_645
6svl	myeloid-derived_growth_factor	H1-7-seq_590	H2-6-seq_475	L1-11-seq_369	L2-7-seq_649	L3-10-seq_139
6t3j	tumor_necrosis_factor_receptor_superfamily_member_10b	H1-7-seq_449	H2-6-seq_549	L1-10-seq_4	L2-7-seq_756	L3-9-seq_317
6tou	glycoprotein,glycoprotein	H1-9-seq_76		L1-11-seq_679	L2-7-seq_673	L3-9-seq_176
6txz	hepatitis_a_virus_cellular_receptor_2	H1-7-seq_257	H2-6-seq_660	L1-14-seq_62	L2-7-seq_961	L3-8-seq_55
6u02	neuraminidase	H1-7-seq_257	H2-6-seq_228	L1-11-seq_417	L2-7-seq_460	L3-10-seq_161
6u0n	envelope_glycoprotein_gp120	H1-7-seq_830	H2-6-seq_161	L1-13-seq_42	L2-7-seq_257	L3-11-seq_166
6u36	proprotein_convertase_subtilisin/kexin_type_9	H1-7-seq_257	H2-6-seq_503	L1-11-seq_388	L2-7-seq_193	L3-10-seq_145
6u6u	interleukin-1_receptor-like_2	H1-7-seq_1112	H2-6-seq_894	L1-12-seq_36	L2-7-seq_1233	L3-9-seq_350
6uig	hemagglutinin	H1-9-seq_92		L1-11-seq_632	L2-7-seq_1094	L3-9-seq_639
6ukj	chloroquine_resistance_transporter	H1-7-seq_676	H2-6-seq_684	L1-11-seq_257	L2-7-seq_482	L3-9-seq_647
6um7	envelope_glycoprotein_gp120	H1-7-seq_97	H2-6-seq_257	L1-14-seq_56	L2-7-seq_322	L3-10-seq_239
6umx	growth/differentiation_factor_8	H1-7-seq_257	H2-6-seq_546	L1-13-seq_22	L2-7-seq_164	L3-10-seq_29
6uqr	ige	H1-7-seq_730	H2-6-seq_586	L1-11-seq_464	L2-7-seq_577	L3-9-seq_477
6urm	hemagglutinin	H1-9-seq_68		L1-11-seq_317	L2-7-seq_782	L3-9-seq_458
6usf	chimera_of_soluble_cytochrome_b562_(bril)_and_neuronalacetylcholine_receptor_subunit_alpha-4_	H1-7-seq_609	H2-6-seq_42	L1-11-seq_257	L2-7-seq_482	L3-10-seq_143
6uta	env	H1-7-seq_257	H2-6-seq_97	L1-11-seq_130	L2-7-seq_641	L3-9-seq_329
6ute	envelope_domain_iii	H1-7-seq_1125	H2-6-seq_717	L1-11-seq_563	L2-7-seq_641	L3-9-seq_317
6utk	envelope_glycoprotein_gp120	H1-7-seq_839	H2-6-seq_749	L1-12-seq_122	L2-7-seq_451	L3-9-seq_605
6uye	sgp	H1-7-seq_539	H2-6-seq_430	L1-11-seq_343	L2-7-seq_662	L3-9-seq_341
6uyg	envelope_glycoprotein_e2	H1-7-seq_785	H2-6-seq_873	L1-12-seq_33	L2-7-seq_166	L3-8-seq_1
6v4n	neuraminidase	H1-7-seq_516		L1-11-seq_329	L2-7-seq_2	L3-9-seq_325
6v4o	neuraminidase	H1-7-seq_656	H2-6-seq_532	L1-12-seq_87	L2-7-seq_289	L3-9-seq_422
6vc9	5'-nucleotidase,_ecto_(cd73),_isoform_cra_a	H1-7-seq_974		L1-12-seq_57	L2-7-seq_289	L3-9-seq_634
6vca	5'-nucleotidase,_ecto_(cd73),_isoform_cra_a	H1-7-seq_257	H2-6-seq_4	L1-14-seq_94	L2-7-seq_734	L3-10-seq_155
6vgr	dipeptidase_3	H1-7-seq_673	H2-6-seq_847	L1-12-seq_141	L2-7-seq_706	L3-9-seq_350
6vmj	complement_factor_d	H1-7-seq_257	H2-6-seq_410	L1-11-seq_330	L2-7-seq_573	L3-9-seq_329
6vn1	envelope_glycoprotein_b	H1-7-seq_839	H2-6-seq_551	L1-11-seq_130	L2-7-seq_759	L3-9-seq_317
6vug	reverse_transcriptase_p51	H1-9-seq_38		L1-11-seq_661	L2-7-seq_583	L3-9-seq_153
6vy4	receptor_binding_protein	H1-7-seq_934	H2-6-seq_758	L1-11-seq_317	L2-7-seq_1043	L3-11-seq_155
6vy5	receptor_binding_protein	H1-7-seq_129	H2-6-seq_576	L1-11-seq_317	L2-7-seq_740	L3-11-seq_32
6w16	fusion_glycoprotein_f0,envelope_glycoprotein_fusion	H1-7-seq_872	H2-6-seq_710	L1-11-seq_96	L2-7-seq_973	L3-9-seq_569
6was	1fd6_16055_v1v2_scaffold	H1-7-seq_948	H2-6-seq_770	L1-13-seq_84	L2-7-seq_1057	L3-10-seq_209
6wgl	interleukin-4_receptor_subunit_alpha	H1-7-seq_865	H2-6-seq_834	L1-16-seq_50	L2-7-seq_675	L3-9-seq_98
6wh9	kr1	H1-7-seq_673	H2-6-seq_98	L1-14-seq_133	L2-7-seq_1082	L3-10-seq_216
6wir	interleukin-17a	H1-7-seq_540	H2-6-seq_883	L1-12-seq_1	L2-7-seq_289	L3-9-seq_363
6wjl	glypican-2	H1-7-seq_97	H2-6-seq_103	L1-11-seq_130	L2-7-seq_673	L3-9-seq_228
6wm9	reticulocyte_binding_protein_2b	H1-7-seq_775	H2-6-seq_483	L1-14-seq_143	L2-7-seq_861	L3-10-seq_96
6wmw	gdnf_family_receptor_alpha-like	H1-7-seq_97	H2-6-seq_707	L1-15-seq_5	L2-7-seq_969	L3-9-seq_567
6wn1	reticulocyte_binding_protein_2b	H1-7-seq_865	H2-6-seq_539	L1-11-seq_420	L2-7-seq_98	L3-11-seq_107
6wno	plasmodium_vivax_reticulocyte_binding_protein_2b	H1-7-seq_257	H2-6-seq_867	L1-14-seq_143	L2-7-seq_861	L3-10-seq_96
6wo4	envelope_glycoprotein_e2	H1-7-seq_1083	H2-6-seq_873	L1-12-seq_145	L2-7-seq_1202	L3-9-seq_258
6wo5	envelope_glycoprotein_e2	H1-7-seq_207	H2-6-seq_309	L1-11-seq_679	L2-7-seq_673	L3-9-seq_347
6woz	reticulocyte_binding_protein_2b	H1-7-seq_793	H2-6-seq_639	L1-11-seq_417	L2-7-seq_884	L3-9-seq_516
6wqo	reticulocyte_binding_protein_2b	H1-7-seq_1075		L1-11-seq_683	L2-7-seq_513	L3-9-seq_176
6wtu	reticulocyte_binding_protein_2b	H1-7-seq_749	H2-6-seq_97	L1-11-seq_543	L2-7-seq_834	L3-11-seq_165
6wtv	reticulocyte_binding_protein_2b	H1-7-seq_749	H2-6-seq_97	L1-11-seq_317	L2-7-seq_834	L3-11-seq_165
6wty	reticulocyte_binding_protein_2b	H1-7-seq_314	H2-6-seq_447	L1-14-seq_79	L2-7-seq_322	L3-10-seq_130
6wvz	hepatocyte_growth_factor_receptor	H1-7-seq_257	H2-6-seq_632	L1-11-seq_679	L2-7-seq_873	L3-9-seq_508
6ww5	dass_family_sodium-coupled_anion_symporter	H1-7-seq_912	H2-6-seq_303	L1-11-seq_257	L2-7-seq_482	L3-9-seq_598
6wzk	c-x-c_motif_chemokine_3	H1-7-seq_592	H2-6-seq_477	L1-11-seq_65	L2-7-seq_651	L3-9-seq_371
6x4t	icos_ligand	H1-7-seq_257	H2-6-seq_859	L1-11-seq_679	L2-7-seq_673	L3-9-seq_282
6xcn	spike_glycoprotein	H1-7-seq_419		L1-14-seq_62	L2-7-seq_322	L3-11-seq_78
6xe1	spike_protein_s1	H1-7-seq_292		L1-12-seq_1	L2-7-seq_289	L3-9-seq_194
6xey	sars-cov-2_spike_glycoprotein	H1-7-seq_961	H2-6-seq_33	L1-14-seq_62	L2-7-seq_322	L3-10-seq_89
6xkp	spike_protein_s1	H1-7-seq_97	H2-6-seq_103	L1-14-seq_62	L2-7-seq_769	L3-10-seq_164
6xkq	spike_protein_s1	H1-7-seq_600	H2-6-seq_292	L1-14-seq_83	L2-7-seq_660	L3-10-seq_142
6xkr	programmed_cell_death_protein_1	H1-7-seq_257	H2-6-seq_804	L1-17-seq_31	L2-7-seq_604	L3-9-seq_646
6xlq	butyrophilin_subfamily_3_member_a1	H1-7-seq_961	H2-6-seq_33	L1-11-seq_679	L2-7-seq_673	L3-9-seq_375
6xpx	hemagglutinin	H1-7-seq_980	H2-6-seq_794	L1-17-seq_34	L2-7-seq_1153	L3-9-seq_638
6xpy	hemagglutinin	H1-7-seq_726		L1-11-seq_461	L2-7-seq_1218	L3-9-seq_131
6xpz	hemagglutinin	H1-7-seq_678	H2-6-seq_546	L1-11-seq_22	L2-7-seq_751	L3-9-seq_438
6xq0	hemagglutinin	H1-7-seq_727		L1-12-seq_93	L2-7-seq_166	L3-9-seq_461
6xq2	hemagglutinin	H1-7-seq_818	H2-6-seq_661	L1-11-seq_523	L2-7-seq_911	L3-9-seq_533
6xq4	hemagglutinin	H1-7-seq_165		L1-17-seq_29	L2-7-seq_1153	L3-9-seq_572
6xqw	pfmsp1-19	H1-7-seq_835		L1-13-seq_86	L2-7-seq_1061	L3-11-seq_126
6xxv	s2_1.2	H1-7-seq_749	H2-6-seq_659	L1-11-seq_603	L2-7-seq_641	L3-9-seq_532
6xy2	cytotoxic_t-lymphocyte_protein_4	H1-7-seq_641		L1-11-seq_369	L2-7-seq_1127	L3-9-seq_79
6xzw	lipoprot_c_domain-containing_protein	H1-7-seq_1125	H2-6-seq_905	L1-12-seq_150	L2-7-seq_289	L3-9-seq_720
6ye3	interleukin-2	H1-7-seq_579	H2-6-seq_646	L1-17-seq_21	L2-7-seq_637	L3-10-seq_134
6yio	interleukin-2_receptor_subunit_alpha	H1-7-seq_138	H2-6-seq_161	L1-11-seq_130	L2-7-seq_641	L3-9-seq_499
6ymq	triggering_receptor_expressed_on_myeloid_cells_2	H1-7-seq_652	H2-6-seq_528	L1-11-seq_417	L2-7-seq_673	L3-9-seq_416
6ywc	de_novo_design_4e1h_95	H1-9-seq_68		L1-15-seq_18	L2-7-seq_656	L3-9-seq_374
6ywd	de_novo_designed_protein_4h_01	H1-9-seq_68		L1-10-seq_10	L2-7-seq_643	L3-9-seq_544
6yxd	adiponectin_receptor_protein_2	H1-7-seq_97	H2-6-seq_33	L1-11-seq_407	L2-7-seq_560	L3-9-seq_657
6yye	triggering_receptor_expressed_on_myeloid_cells_2	H1-7-seq_585	H2-6-seq_103	L1-11-seq_417	L2-7-seq_673	L3-10-seq_136
7ahv	coagulation_factor_ix	H1-7-seq_62	H2-6-seq_844	L1-11-seq_130	L2-7-seq_1165	L3-9-seq_676
7akd	spike_glycoprotein	H1-7-seq_991		L1-11-seq_359	L2-7-seq_198	L3-9-seq_459
7amq	human_a6_t-cell_receptor_beta_chain_trbc1	H1-7-seq_961	H2-6-seq_442	L1-16-seq_30	L2-7-seq_678	L3-9-seq_392
7amr	human_t-cell_receptor_beta_chain_trbc2	H1-7-seq_808	H2-6-seq_442	L1-16-seq_30	L2-7-seq_678	L3-9-seq_392
7b3o	surface_glycoprotein	H1-7-seq_553		L1-11-seq_301	L2-7-seq_673	L3-10-seq_222
7bej	spike_glycoprotein	H1-7-seq_771		L1-11-seq_301	L2-7-seq_673	L3-9-seq_318
7bel	spike_glycoprotein	H1-9-seq_93		L1-13-seq_42	L2-7-seq_806	L3-11-seq_63
7beo	spike_glycoprotein	H1-7-seq_481	H2-6-seq_354	L1-12-seq_1	L2-7-seq_289	L3-9-seq_132
7bep	spike_glycoprotein	H1-7-seq_97	H2-6-seq_673	L1-11-seq_679	L2-7-seq_673	L3-9-seq_540
7bnv	surface_glycoprotein	H1-7-seq_884	H2-6-seq_132	L1-12-seq_1	L2-7-seq_289	L3-11-seq_13
7bpk	envelope_protein	H1-7-seq_257	H2-6-seq_483	L1-13-seq_42	L2-7-seq_1145	L3-11-seq_166
7bq5	envelope_protein	H1-9-seq_69		L1-11-seq_436	L2-7-seq_417	L3-9-seq_460
7bsc	non-structural_protein_1	H1-8-seq_4		L1-15-seq_14	L2-7-seq_827	L3-9-seq_485
7bu8	genome_polyprotein	H1-7-seq_1067	H2-6-seq_670	L1-11-seq_39	L2-7-seq_921	L3-9-seq_354
7byr	sars-cov-2_spike_glycoprotein	H1-7-seq_257	H2-6-seq_903	L1-11-seq_130	L2-7-seq_641	L3-9-seq_176
7bz5	spike_protein_s1	H1-7-seq_929		L1-11-seq_301	L2-7-seq_673	L3-10-seq_222
7cdj	spike_protein_s1	H1-7-seq_97	H2-6-seq_103	L1-11-seq_301	L2-7-seq_673	L3-9-seq_228
7ce2	tetanus_toxin	H1-7-seq_132		L1-12-seq_1	L2-7-seq_289	L3-8-seq_56
7cgw	programmed_cell_death_protein_1	H1-7-seq_641		L1-11-seq_432	L2-7-seq_754	L3-9-seq_440
7chc	spike_glycoprotein	H1-7-seq_404		L1-11-seq_301	L2-7-seq_289	L3-9-seq_162
7che	sars-cov-2_receptor_binding_domain	H1-7-seq_771		L1-11-seq_301	L2-7-seq_673	L3-9-seq_501
7chh	spike_glycoprotein	H1-7-seq_525	H2-6-seq_452	L1-16-seq_33	L2-7-seq_675	L3-9-seq_332
7cho	spike_protein_s1	H1-7-seq_929		L1-14-seq_139	L2-7-seq_833	L3-11-seq_104
7chs	spike_protein_s1	H1-7-seq_419		L1-11-seq_301	L2-7-seq_673	L3-8-seq_59
7chy	interleukin-1_beta	H1-7-seq_757	H2-6-seq_720	L1-11-seq_480	L2-7-seq_482	L3-9-seq_490
7chz	interleukin-1_beta	H1-7-seq_603	H2-6-seq_488	L1-11-seq_480	L2-7-seq_482	L3-9-seq_490
7cj2	chitinase_3-like_1_(cartilage_glycoprotein-39),_isoformcra_a_	H1-7-seq_1007	H2-6-seq_97	L1-11-seq_130	L2-7-seq_2	L3-9-seq_4
7cjf	spike_glycoprotein	H1-7-seq_929		L1-11-seq_679	L2-7-seq_673	L3-9-seq_34
7cm4	spike_glycoprotein	H1-9-seq_38		L1-13-seq_42	L2-7-seq_867	L3-11-seq_166
7coe	spike_glycoprotein	H1-7-seq_591	H2-6-seq_712	L1-12-seq_1	L2-7-seq_65	L3-9-seq_258
7cu5	programmed_cell_death_protein_1	H1-7-seq_257	H2-6-seq_692	L1-11-seq_24	L2-7-seq_1021	L3-9-seq_599
7cwn	spike_glycoprotein	H1-7-seq_257	H2-6-seq_382	L1-11-seq_417	L2-7-seq_577	L3-9-seq_304
7cws	spike_glycoprotein	H1-7-seq_560	H2-6-seq_449	L1-13-seq_42	L2-7-seq_867	L3-11-seq_166
7cyv	spike_protein_s1	H1-7-seq_673	H2-6-seq_355	L1-11-seq_29	L2-7-seq_897	L3-11-seq_160
7czp	spike_glycoprotein	H1-7-seq_132		L1-14-seq_62	L2-7-seq_961	L3-10-seq_158
7czq	spike_glycoprotein	H1-7-seq_419		L1-11-seq_22	L2-7-seq_129	L3-10-seq_160
7czs	spike_glycoprotein	H1-7-seq_419		L1-11-seq_301	L2-7-seq_673	L3-9-seq_501
7czu	spike_glycoprotein	H1-7-seq_257	H2-6-seq_483	L1-11-seq_22	L2-7-seq_129	L3-9-seq_354
7czw	spike_glycoprotein	H1-9-seq_88		L1-14-seq_62	L2-7-seq_321	L3-11-seq_151
7czx	spike_glycoprotein	H1-7-seq_132		L1-17-seq_1	L2-7-seq_1153	L3-9-seq_483
7czy	spike_glycoprotein	H1-7-seq_257	H2-6-seq_595	L1-17-seq_1	L2-7-seq_1153	L3-9-seq_483
7d0c	spike_glycoprotein	H1-7-seq_419		L1-12-seq_1	L2-7-seq_289	L3-9-seq_162
7d0d	spike_glycoprotein	H1-9-seq_38		L1-17-seq_1	L2-7-seq_1153	L3-9-seq_250
7d85	receptor_tyrosine-protein_kinase_erbb-3	H1-7-seq_97	H2-6-seq_863	L1-13-seq_22	L2-7-seq_1187	L3-11-seq_174
7deo	spike_protein_s1	H1-7-seq_652	H2-6-seq_4	L1-16-seq_33	L2-7-seq_675	L3-9-seq_640
7df1	4f2_cell-surface_antigen_heavy_chain	H1-7-seq_257	H2-6-seq_322	L1-17-seq_1	L2-7-seq_1153	L3-9-seq_250
7dha	adp-ribosyl_cyclase/cyclic_adp-ribose_hydrolase_1	H1-7-seq_422	H2-6-seq_735	L1-11-seq_417	L2-7-seq_193	L3-9-seq_707
7djz	spike_protein_s1	H1-7-seq_673	H2-6-seq_355	L1-11-seq_673	L2-7-seq_289	L3-8-seq_63
7dk0	spike_protein_s1	H1-7-seq_673	H2-6-seq_161	L1-11-seq_673	L2-7-seq_289	L3-10-seq_233
7dk2	spike_protein_s1	H1-7-seq_257	H2-6-seq_446	L1-11-seq_679	L2-7-seq_673	L3-9-seq_351
7dm1	phosphate-binding_protein_psts_1	H1-7-seq_963	H2-8-seq_2	L1-14-seq_62	L2-7-seq_961	L3-11-seq_95
7dm2	phosphate-binding_protein_psts_1	H1-7-seq_877	H2-6-seq_611	L1-13-seq_66	L2-7-seq_843	L3-11-seq_126
7dpm	spike_protein_s1	H1-7-seq_257	H2-6-seq_97	L1-11-seq_679	L2-7-seq_673	L3-9-seq_704
7dx4	spike_protein_s1	H1-7-seq_673	H2-6-seq_604	L1-14-seq_139	L2-7-seq_833	L3-11-seq_177
7dzx	spike_glycoprotein	H1-7-seq_257	H2-6-seq_883	L1-11-seq_2	L2-7-seq_673	L3-9-seq_704
7dzy	spike_glycoprotein	H1-7-seq_257	H2-6-seq_374	L1-11-seq_673	L2-7-seq_289	L3-9-seq_381
7e23	spike_protein_s1	H1-7-seq_835		L1-11-seq_417	L2-7-seq_193	L3-9-seq_707
7e39	spike_protein_s1	H1-7-seq_675	H2-6-seq_4	L1-11-seq_603	L2-7-seq_873	L3-9-seq_704
7e3k	spike_glycoprotein	H1-7-seq_893	H2-6-seq_354	L1-12-seq_38	L2-7-seq_289	L3-9-seq_132
7e3o	spike_protein_s1	H1-7-seq_257		L1-13-seq_22	L2-7-seq_1	L3-10-seq_172
7e5o	spike_protein_s1	H1-7-seq_835		L1-11-seq_528	L2-7-seq_673	L3-9-seq_693
7e5s	spike_glycoprotein	H1-7-seq_97	H2-6-seq_739	L1-15-seq_5	L2-7-seq_1220	L3-9-seq_367
7e5y	spike_protein_s1	H1-7-seq_992		L1-13-seq_88	L2-7-seq_1106	L3-11-seq_164
7e72	angiopoietin-1_receptor	H1-7-seq_1001	H2-6-seq_810	L1-11-seq_670	L2-7-seq_1115	L3-9-seq_649
7e7e	processed_angiotensin-converting_enzyme_2	H1-7-seq_1048	H2-8-seq_24	L1-10-seq_12	L2-7-seq_643	L3-9-seq_677
7e7x	spike_protein_s1	H1-7-seq_861	H2-6-seq_871	L1-14-seq_38	L2-7-seq_961	L3-10-seq_5
7e7y	spike_protein_s1	H1-7-seq_771		L1-14-seq_38	L2-7-seq_322	L3-10-seq_239
7e86	spike_protein_s1	H1-7-seq_929		L1-11-seq_417	L2-7-seq_673	L3-10-seq_87
7e88	spike_protein_s1	H1-7-seq_404		L1-11-seq_22	L2-7-seq_69	L3-9-seq_579
7e8c	368-2_h	H1-7-seq_563	H2-6-seq_452	L1-16-seq_33	L2-7-seq_675	L3-9-seq_332
7e9b	programmed_cell_death_protein_1	H1-7-seq_852	H2-6-seq_692	L1-11-seq_161	L2-7-seq_268	L3-9-seq_556
7e9o	spike_glycoprotein	H1-7-seq_353	H2-6-seq_898	L1-16-seq_33	L2-7-seq_675	L3-9-seq_98
7eh5	spike_glycoprotein	H1-7-seq_521	H2-6-seq_413	L1-11-seq_404	L2-7-seq_577	L3-9-seq_329
7ej4	spike_glycoprotein	H1-7-seq_257	H2-6-seq_739	L1-12-seq_36	L2-7-seq_706	L3-9-seq_350
7ejz	spike_protein_s1	H1-7-seq_586		L1-11-seq_417	L2-7-seq_673	L3-10-seq_161
7eng	spike_glycoprotein	H1-7-seq_257	H2-6-seq_483	L1-17-seq_32	L2-7-seq_1153	L3-9-seq_678
7ey0	spike_glycoprotein	H1-7-seq_116	H2-6-seq_898	L1-11-seq_417	L2-7-seq_98	L3-10-seq_212
7ey5	spike_glycoprotein	H1-7-seq_783	H2-8-seq_19	L1-11-seq_495	L2-7-seq_417	L3-9-seq_506
7eya	spike_glycoprotein	H1-7-seq_1003	H2-6-seq_812	L1-11-seq_661	L2-7-seq_1117	L3-9-seq_650
7ezv	spike_glycoprotein	H1-7-seq_481	H2-6-seq_268	L1-11-seq_661	L2-7-seq_289	L3-9-seq_132
7f15	spike_protein_s1	H1-7-seq_963	H2-6-seq_809	L1-11-seq_330	L2-7-seq_573	L3-9-seq_329
7f3q	spike_glycoprotein	H1-7-seq_257	H2-6-seq_415	L1-11-seq_317	L2-7-seq_98	L3-11-seq_32
7f7h	spike_glycoprotein_s1	H1-7-seq_553		L1-11-seq_265	L2-7-seq_673	L3-9-seq_698
7f9w	interleukin-2_receptor_subunit_alpha	H1-7-seq_1124	H2-6-seq_621	L1-17-seq_1	L2-7-seq_1153	L3-9-seq_250
7fcp	spike_protein_s1	H1-7-seq_675	H2-6-seq_702	L1-11-seq_22	L2-7-seq_129	L3-10-seq_191
7fjc	spike_protein_s1	H1-7-seq_461	H2-6-seq_649	L1-11-seq_130	L2-7-seq_513	L3-9-seq_329
7fjo	spike_glycoprotein	H1-7-seq_467	H2-6-seq_467	L1-17-seq_21	L2-7-seq_1153	L3-9-seq_317
7jie	vp1	H1-7-seq_988	H2-6-seq_801	L1-16-seq_33	L2-7-seq_675	L3-9-seq_641
7jmo	spike_protein_s1	H1-7-seq_419		L1-12-seq_1	L2-7-seq_289	L3-8-seq_35
7jmp	spike_protein_s1	H1-7-seq_419		L1-14-seq_38	L2-7-seq_322	L3-10-seq_239
7jr7	atp-binding_cassette_sub-family_g_member_8	H1-7-seq_1009	H2-6-seq_816	L1-11-seq_649	L2-7-seq_1124	L3-9-seq_657
7jv4	sars-cov-2_spike_glycoprotein	H1-7-seq_257	H2-6-seq_228	L1-14-seq_133	L2-7-seq_1082	L3-10-seq_159
7jva	sars-cov-2_spike_glycoprotein	H1-7-seq_257	H2-6-seq_228	L1-13-seq_33	L2-7-seq_257	L3-10-seq_150
7jwg	outer_surface_protein_a	H1-7-seq_1057	H2-6-seq_132	L1-11-seq_674	L2-7-seq_1175	L3-9-seq_597
7jx3	spike_glycoprotein	H1-7-seq_778	H2-8-seq_5	L1-13-seq_33	L2-7-seq_257	L3-9-seq_503
7k8m	surface_glycoprotein	H1-7-seq_929		L1-12-seq_1	L2-7-seq_289	L3-9-seq_162
7k8s	spike_glycoprotein	H1-7-seq_838	H2-6-seq_483	L1-11-seq_417	L2-7-seq_673	L3-9-seq_484
7k8v	spike_glycoprotein	H1-7-seq_799	H2-6-seq_132	L1-11-seq_512	L2-7-seq_298	L3-9-seq_176
7k8w	spike_glycoprotein	H1-7-seq_257	H2-6-seq_322	L1-14-seq_62	L2-7-seq_321	L3-11-seq_96
7k8x	spike_glycoprotein	H1-7-seq_961	H2-6-seq_864	L1-14-seq_38	L2-7-seq_1188	L3-10-seq_239
7k8z	spike_glycoprotein	H1-7-seq_257	H2-6-seq_648	L1-11-seq_202	L2-7-seq_298	L3-9-seq_329
7k9z	spike_glycoprotein	H1-7-seq_257	H2-6-seq_697	L1-11-seq_1	L2-7-seq_673	L3-9-seq_560
7kdd	envelope_glycoprotein_b	H1-7-seq_953	H2-6-seq_837	L1-13-seq_5	L2-7-seq_867	L3-10-seq_211
7kde	envelope_glycoprotein_gp120	H1-8-seq_17	H2-6-seq_674	L1-13-seq_76	L2-7-seq_867	L3-11-seq_136
7kej	virion_spike_glycoprotein	H1-7-seq_762	H2-6-seq_614	L1-11-seq_104	L2-7-seq_713	L3-11-seq_127
7ket	factor_h_binding_protein	H1-7-seq_104	H2-6-seq_751	L1-12-seq_123	L2-7-seq_1032	L3-9-seq_258
7kfh	virion_spike_glycoprotein_1	H1-7-seq_578	H2-6-seq_161	L1-12-seq_75	L2-7-seq_289	L3-9-seq_363
7kfv	surface_glycoprotein	H1-7-seq_419		L1-11-seq_301	L2-7-seq_673	L3-9-seq_411
7kfw	surface_glycoprotein	H1-7-seq_419		L1-11-seq_301	L2-7-seq_673	L3-9-seq_429
7kfx	surface_glycoprotein	H1-7-seq_626		L1-11-seq_301	L2-7-seq_673	L3-9-seq_429
7kfy	surface_glycoprotein	H1-7-seq_419		L1-11-seq_301	L2-7-seq_985	L3-9-seq_429
7klg	spike_glycoprotein	H1-7-seq_662	H2-6-seq_736	L1-11-seq_257	L2-7-seq_731	L3-9-seq_589
7kmg	spike_protein_s1	H1-7-seq_839	H2-6-seq_355	L1-11-seq_417	L2-7-seq_673	L3-9-seq_484
7kmh	spike_protein_s1	H1-7-seq_553		L1-11-seq_22	L2-7-seq_129	L3-9-seq_354
7kmi	spike_protein_s1	H1-7-seq_419		L1-11-seq_679	L2-7-seq_673	L3-10-seq_245
7kml	spike_glycoprotein	H1-7-seq_662	H2-6-seq_736	L1-11-seq_257	L2-7-seq_731	L3-9-seq_425
7kn3	spike_protein_s1	H1-7-seq_1077		L1-17-seq_1	L2-7-seq_1153	L3-9-seq_572
7kn4	spike_protein_s1	H1-9-seq_57		L1-13-seq_22	L2-7-seq_695	L3-11-seq_126
7kqb	spike_glycoprotein	H1-7-seq_257	H2-6-seq_483	L1-11-seq_417	L2-7-seq_673	L3-9-seq_563
7kqg	hemagglutinin	H1-7-seq_353	H2-6-seq_668	L1-11-seq_528	L2-7-seq_129	L3-9-seq_354
7kqh	hemagglutinin	H1-7-seq_353	H2-6-seq_523	L1-11-seq_289	L2-7-seq_129	L3-9-seq_412
7kql	hepatitis_a_virus_cellular_receptor_2	H1-9-seq_55		L1-12-seq_1	L2-7-seq_289	L3-9-seq_258
7kra	er_membrane_protein_complex_subunit_1	H1-7-seq_835		L1-16-seq_60	L2-7-seq_1244	L3-8-seq_4
7kzb	spike_glycoprotein	H1-7-seq_795	H2-6-seq_238	L1-11-seq_508	L2-7-seq_673	L3-9-seq_519
7l2c	spike_glycoprotein	H1-7-seq_751	H2-6-seq_605	L1-14-seq_62	L2-7-seq_322	L3-9-seq_488
7l2d	spike_glycoprotein	H1-7-seq_751	H2-6-seq_116	L1-14-seq_62	L2-7-seq_961	L3-10-seq_220
7l2f	spike_glycoprotein	H1-7-seq_819	H2-6-seq_581	L1-12-seq_1	L2-7-seq_289	L3-10-seq_184
7l56	spike_glycoprotein	H1-7-seq_961	H2-6-seq_33	L1-14-seq_62	L2-7-seq_961	L3-10-seq_5
7l5b	spike_protein_s1	H1-7-seq_961	H2-6-seq_655	L1-14-seq_62	L2-7-seq_961	L3-10-seq_220
7l7e	spike_protein_s1	H1-7-seq_761	H2-6-seq_354	L1-12-seq_1	L2-7-seq_289	L3-10-seq_169
7l7r	glycoprotein_c	H1-7-seq_257		L1-11-seq_575	L2-7-seq_641	L3-9-seq_365
7laa	spike_glycoprotein	H1-7-seq_66	H2-6-seq_228	L1-14-seq_139	L2-7-seq_612	L3-11-seq_177
7lab	spike_glycoprotein	H1-7-seq_97	H2-6-seq_449	L1-12-seq_1	L2-7-seq_289	L3-10-seq_221
7lcn	spike_glycoprotein	H1-7-seq_742	H2-6-seq_597	L1-14-seq_62	L2-7-seq_322	L3-11-seq_121
7lcv	factor_h_binding_protein	H1-7-seq_257	H2-6-seq_97	L1-12-seq_1	L2-7-seq_166	L3-9-seq_363
7lex	arginase-1	H1-7-seq_97	H2-6-seq_98	L1-11-seq_417	L2-7-seq_193	L3-9-seq_348
7ley	arginase-1	H1-7-seq_353	H2-6-seq_523	L1-11-seq_679	L2-7-seq_673	L3-9-seq_373
7lf2	arginase-1	H1-7-seq_97	H2-6-seq_506	L1-11-seq_390	L2-7-seq_577	L3-9-seq_345
7lf8	apolipoprotein_l2	H1-7-seq_760	H2-6-seq_612	L1-11-seq_483	L2-7-seq_846	L3-9-seq_337
7lfa	apolipoprotein_l1	H1-7-seq_877	H2-6-seq_708	L1-14-seq_125	L2-7-seq_978	L3-9-seq_573
7lfb	apolipoprotein_l1	H1-7-seq_97	H2-6-seq_664	L1-11-seq_589	L2-7-seq_1026	L3-9-seq_602
7ljr	spike_glycoprotein	H1-7-seq_632	H2-6-seq_621	L1-12-seq_1	L2-7-seq_289	L3-8-seq_51
7ll1	envelope_glycoprotein_gp120	H1-7-seq_737	H2-6-seq_635	L1-11-seq_500	L2-7-seq_877	L3-9-seq_511
7lop	spike_protein_s1	H1-7-seq_961	H2-6-seq_33	L1-11-seq_417	L2-7-seq_193	L3-10-seq_214
7lrt	sars-cov-2_spike_glycoprotein	H1-7-seq_481	H2-6-seq_354	L1-12-seq_1	L2-7-seq_451	L3-9-seq_132
7ls9	spike_glycoprotein	H1-7-seq_644	H2-8-seq_21	L1-12-seq_1	L2-7-seq_289	L3-9-seq_410
7lsf	envelope_protein_e	H1-7-seq_794	H2-6-seq_640	L1-11-seq_673	L2-7-seq_289	L3-9-seq_517
7lss	spike_glycoprotein	H1-9-seq_38		L1-14-seq_38	L2-7-seq_961	L3-9-seq_448
7luc	fusion_glycoprotein_f0	H1-7-seq_522	H2-6-seq_98	L1-16-seq_19	L2-7-seq_578	L3-9-seq_673
7lue	fusion_glycoprotein_f0	H1-7-seq_515	H2-6-seq_98	L1-16-seq_26	L2-7-seq_1154	L3-9-seq_324
7lxw	spike_glycoprotein	H1-7-seq_743	H2-6-seq_4	L1-11-seq_471	L2-7-seq_740	L3-11-seq_129
7ly3	spike_protein_s1	H1-7-seq_257	H2-6-seq_4	L1-11-seq_526	L2-7-seq_897	L3-11-seq_134
7ly9	envelope_glycoprotein_gp120	H1-7-seq_550	H2-6-seq_440	L1-11-seq_634	L2-7-seq_834	L3-11-seq_165
7m30	envelope_glycoprotein_l	H1-7-seq_353	H2-6-seq_828	L1-11-seq_660	L2-7-seq_129	L3-8-seq_68
7m30	envelope_protein_ul128	H1-9-seq_95		L1-11-seq_661	L2-7-seq_1142	
7m3i	spike_protein_s1	H1-7-seq_132		L1-11-seq_317	L2-7-seq_740	L3-11-seq_32
7m42	spike_protein_s1	H1-7-seq_1121	H2-6-seq_33	L1-14-seq_38	L2-7-seq_321	L3-10-seq_250
7m6d	spike_protein_s1	H1-7-seq_661		L1-12-seq_88	L2-7-seq_289	L3-9-seq_424
7m6e	spike_glycoprotein	H1-7-seq_648	H2-6-seq_132	L1-13-seq_22	L2-7-seq_1057	L3-11-seq_102
7m6f	spike_glycoprotein	H1-7-seq_419		L1-14-seq_139	L2-7-seq_833	L3-11-seq_123
7m6g	spike_glycoprotein	H1-7-seq_257	H2-6-seq_98	L1-12-seq_33	L2-7-seq_289	L3-9-seq_462
7m6h	spike_glycoprotein	H1-7-seq_257	H2-6-seq_562	L1-14-seq_139	L2-7-seq_833	L3-11-seq_177
7m6i	spike_glycoprotein	H1-7-seq_673	H2-6-seq_541	L1-12-seq_89	L2-7-seq_289	L3-9-seq_434
7m7b	spike_glycoprotein	H1-7-seq_835		L1-13-seq_74	L2-7-seq_257	L3-9-seq_528
7mdp	isoform_2b_of_gtpase_kras	H1-8-seq_1		L1-13-seq_22	L2-7-seq_1057	L3-11-seq_117
7mem	hemagglutinin_ha1_chain	H1-7-seq_257	H2-6-seq_884	L1-11-seq_39	L2-7-seq_129	L3-9-seq_439
7mf1	spike_protein_s1	H1-7-seq_673	H2-6-seq_161	L1-14-seq_62	L2-7-seq_321	L3-10-seq_246
7mlh	der_p_2_variant_3	H1-7-seq_555	H2-6-seq_636	L1-11-seq_202	L2-7-seq_641	L3-8-seq_53
7mmn	fusion_glycoprotein_f1,fibritin	H1-7-seq_708	H2-6-seq_568	L1-11-seq_39	L2-7-seq_129	L3-10-seq_160
7mmo	spike_protein_s1	H1-9-seq_66		L1-14-seq_77	L2-7-seq_769	L3-9-seq_448
7mnl	e3_sumo-protein_ligase_ranbp2	H1-7-seq_801	H2-6-seq_706	L1-11-seq_257	L2-7-seq_482	L3-9-seq_103
7msq	spike_protein_s1	H1-7-seq_132		L1-11-seq_301	L2-7-seq_673	L3-9-seq_559
7mtb	rhodopsin_kinase_grk1	H1-7-seq_561	H2-6-seq_450	L1-11-seq_257	L2-7-seq_482	L3-10-seq_132
7mw3	spike_glycoprotein	H1-7-seq_257	H2-6-seq_424	L1-15-seq_5	L2-7-seq_588	L3-9-seq_336
7mw6	spike_glycoprotein	H1-7-seq_961	H2-6-seq_410	L1-15-seq_6	L2-7-seq_827	L3-9-seq_310
7mxl	major_pollen_allergen_bet_v_1-a	H1-7-seq_257	H2-6-seq_384	L1-11-seq_359	L2-7-seq_289	L3-9-seq_61
7mzf	spike_protein_s1	H1-7-seq_404		L1-11-seq_130	L2-7-seq_641	L3-9-seq_604
7mzh	spike_protein_s1	H1-7-seq_961	H2-6-seq_33	L1-13-seq_62	L2-7-seq_806	L3-11-seq_116
7mzj	spike_protein_s1	H1-7-seq_709	H2-8-seq_17	L1-11-seq_452	L2-7-seq_673	L3-10-seq_161
7mzk	spike_protein_s1	H1-7-seq_129	H2-6-seq_97	L1-13-seq_22	L2-7-seq_1	L3-11-seq_86
7mzl	spike_protein_s1	H1-7-seq_1118		L1-11-seq_4	L2-7-seq_361	L3-8-seq_22
7mzm	spike_protein_s1	H1-7-seq_97	H2-6-seq_817	L1-12-seq_1	L2-7-seq_289	L3-10-seq_221
7mzn	spike_protein_s1	H1-7-seq_553		L1-11-seq_22	L2-7-seq_1091	L3-9-seq_354
7n0a	leukemia_inhibitory_factor	H1-7-seq_1099	H2-8-seq_25	L1-16-seq_58	L2-7-seq_1218	L3-10-seq_247
7n3c	nucleoprotein	H1-7-seq_257	H2-6-seq_880	L1-11-seq_417	L2-7-seq_193	L3-9-seq_707
7n3d	nucleoprotein	H1-7-seq_132		L1-11-seq_452	L2-7-seq_673	L3-9-seq_226
7n3i	spike_protein_s1	H1-7-seq_419		L1-12-seq_1	L2-7-seq_289	L3-9-seq_447
7n4i	spike_protein_s1	H1-7-seq_486	H2-6-seq_132	L1-11-seq_417	L2-7-seq_673	L3-9-seq_178
7n4l	spike_protein_s1	H1-7-seq_257	H2-6-seq_483	L1-11-seq_582	L2-7-seq_673	L3-9-seq_662
7n5h	spike_glycoprotein	H1-9-seq_75		L1-12-seq_1	L2-7-seq_289	L3-9-seq_194
7n62	spike_glycoprotein	H1-7-seq_257	H2-6-seq_483	L1-12-seq_1	L2-7-seq_289	L3-8-seq_64
7nd3	spike_glycoprotein	H1-7-seq_165		L1-11-seq_22	L2-7-seq_129	L3-8-seq_69
7nd5	spike_glycoprotein	H1-7-seq_771		L1-11-seq_301	L2-7-seq_673	L3-11-seq_103
7nd7	spike_glycoprotein	H1-7-seq_961	H2-6-seq_33	L1-14-seq_62	L2-7-seq_322	L3-10-seq_89
7neg	surface_glycoprotein	H1-7-seq_672		L1-11-seq_301	L2-7-seq_673	L3-10-seq_156
7niw	phosphatidylcholine_translocator_abcb4	H1-7-seq_49	H2-6-seq_450	L1-11-seq_257	L2-7-seq_482	L3-9-seq_628
7np1	spike_protein_s1	H1-7-seq_771		L1-11-seq_575	L2-7-seq_673	L3-10-seq_200
7ntc	spike_glycoprotein	H1-7-seq_257	H2-6-seq_907	L1-11-seq_22	L2-7-seq_129	L3-9-seq_722
7nx7	spike_protein_s1	H1-7-seq_553		L1-12-seq_88	L2-7-seq_289	L3-8-seq_40
7oly	activin_receptor_type-2b	H1-9-seq_97		L1-17-seq_1	L2-7-seq_1153	L3-10-seq_227
7or9	spike_protein_s1	H1-7-seq_882	H2-6-seq_718	L1-11-seq_417	L2-7-seq_673	L3-10-seq_196
7orb	spike_protein_s1	H1-7-seq_353	H2-6-seq_354	L1-11-seq_679	L2-7-seq_536	L3-9-seq_301
7ox1	interleukin-9	H1-9-seq_15		L1-14-seq_63	L2-7-seq_450	L3-9-seq_255
7pc2	gp120,_bg505_sosip.664_t332n	H1-7-seq_513	H2-6-seq_407	L1-11-seq_462	L2-7-seq_289	L3-10-seq_124
7pgb	ion_transport_protein,voltage-gated_sodium_channel	H1-7-seq_801	H2-6-seq_42	L1-11-seq_257	L2-7-seq_482	L3-9-seq_415
7phu	reticulocyte-binding_protein_homolog_5	H1-7-seq_97	H2-6-seq_33	L1-11-seq_317	L2-7-seq_98	L3-11-seq_165
7pnm	spike_glycoprotein	H1-7-seq_257	H2-6-seq_678	L1-16-seq_33	L2-7-seq_675	L3-9-seq_390
7pnq	spike_glycoprotein	H1-7-seq_835		L1-11-seq_673	L2-7-seq_289	L3-9-seq_459
7po5	spike_glycoprotein	H1-7-seq_835		L1-11-seq_673	L2-7-seq_289	L3-9-seq_459
7pqy	spike_protein_s1	H1-7-seq_419		L1-11-seq_22	L2-7-seq_129	L3-9-seq_354
7pry	surface_glycoprotein	H1-9-seq_73		L1-11-seq_417	L2-7-seq_193	L3-10-seq_214
7prz	surface_glycoprotein	H1-7-seq_900	H2-6-seq_733	L1-17-seq_30	L2-7-seq_1153	L3-9-seq_586
7ps0	surface_glycoprotein	H1-9-seq_50		L1-14-seq_77	L2-7-seq_1188	L3-10-seq_128
7ps1	surface_glycoprotein	H1-7-seq_985		L1-12-seq_9	L2-7-seq_289	L3-8-seq_64
7ps2	surface_glycoprotein	H1-7-seq_564	H2-6-seq_453	L1-17-seq_1	L2-7-seq_1153	L3-10-seq_133
7ps4	surface_glycoprotein	H1-7-seq_97	H2-6-seq_811	L1-13-seq_91	L2-7-seq_1	L3-11-seq_126
7ps5	surface_glycoprotein	H1-7-seq_968	H2-6-seq_714	L1-12-seq_116	L2-7-seq_289	L3-9-seq_574
7ps6	spike_protein_s1	H1-7-seq_257	H2-6-seq_889	L1-14-seq_38	L2-7-seq_1226	L3-10-seq_239
7ps7	surface_glycoprotein	H1-9-seq_97		L1-11-seq_559	L2-7-seq_897	L3-10-seq_193
7q0h	spike_protein_s1	H1-9-seq_78		L1-11-seq_301	L2-7-seq_673	L3-9-seq_228
7q0i	spike_protein_s1	H1-7-seq_257	H2-6-seq_4	L1-11-seq_317	L2-7-seq_98	L3-11-seq_129
7q9f	surface_glycoprotein	H1-7-seq_714	H2-6-seq_359	L1-12-seq_123	L2-7-seq_289	L3-11-seq_114
7q9j	spike_glycoprotein	H1-7-seq_790		L1-11-seq_317	L2-7-seq_740	L3-11-seq_132
7qez	spike_protein_s1	H1-7-seq_481	H2-6-seq_354	L1-12-seq_100	L2-7-seq_451	L3-9-seq_132
7qf0	spike_protein_s1	H1-7-seq_165		L1-11-seq_301	L2-7-seq_417	L3-10-seq_230
7qf1	spike_protein_s1	H1-7-seq_673	H2-6-seq_355	L1-11-seq_417	L2-7-seq_673	L3-9-seq_388
7qnw	surface_glycoprotein	H1-9-seq_56		L1-11-seq_130	L2-7-seq_641	L3-10-seq_149
7qny	surface_glycoprotein	H1-7-seq_353	H2-6-seq_898	L1-11-seq_569	L2-7-seq_740	L3-11-seq_32
7qti	spike_glycoprotein,envelope_glycoprotein	H1-7-seq_468	H2-6-seq_354	L1-11-seq_301	L2-7-seq_289	L3-9-seq_132
7quh	sialic_acid-binding_ig-like_lectin_8	H1-7-seq_234		L1-10-seq_7	L2-7-seq_706	L3-9-seq_189
7r40	spike_glycoprotein	H1-7-seq_257	H2-6-seq_834	L1-11-seq_408	L2-7-seq_193	L3-9-seq_707
7r6x	spike_protein_s1	H1-7-seq_481	H2-6-seq_354	L1-12-seq_1	L2-7-seq_289	L3-10-seq_207
7r7n	spike_glycoprotein	H1-7-seq_741	H2-6-seq_596	L1-11-seq_417	L2-7-seq_673	L3-9-seq_484
7r8l	spike_protein_s1	H1-7-seq_771		L1-12-seq_34	L2-7-seq_1202	L3-9-seq_447
7r8n	spike_glycoprotein	H1-7-seq_1016		L1-14-seq_62	L2-7-seq_321	L3-10-seq_223
7rbu	spike_protein_s1	H1-9-seq_97		L1-11-seq_679	L2-7-seq_673	L3-9-seq_69
7rdw	glycoprotein_120	H1-7-seq_961	H2-6-seq_595	L1-12-seq_38	L2-7-seq_289	
7rew	il13	H1-7-seq_257	H2-6-seq_418	L1-11-seq_129	L2-7-seq_582	L3-9-seq_624
7rr0	spike_protein_s1	H1-7-seq_481	H2-6-seq_354	L1-12-seq_38	L2-7-seq_289	L3-9-seq_59
7ru4	spike_glycoprotein	H1-7-seq_354	H2-6-seq_375	L1-12-seq_1	L2-7-seq_289	L3-9-seq_225
7ru8	spike_glycoprotein	H1-7-seq_355	H2-6-seq_269	L1-11-seq_661	L2-7-seq_673	L3-9-seq_484
7rw2	spike_glycoprotein	H1-7-seq_257	H2-6-seq_322	L1-11-seq_301	L2-7-seq_673	L3-9-seq_564
7rxi	circumsporozoite_protein	H1-7-seq_923	H2-6-seq_395	L1-11-seq_317	L2-7-seq_1031	L3-11-seq_153
7rxj	circumsporozoite_protein	H1-7-seq_561	H2-6-seq_721	L1-11-seq_129	L2-7-seq_519	L3-9-seq_578
7rxl	circumsporozoite_protein	H1-7-seq_257	H2-6-seq_752	L1-11-seq_129	L2-7-seq_519	L3-9-seq_387
7rxp	circumsporozoite_protein	H1-7-seq_1031	H2-6-seq_833	L1-16-seq_33	L2-7-seq_675	L3-9-seq_98
7s07	envelope_glycoprotein_h	H1-7-seq_426	H2-8-seq_13	L1-11-seq_277	L2-7-seq_2	L3-9-seq_270
7s0b	spike_protein_s1	H1-7-seq_257	H2-6-seq_97	L1-11-seq_22	L2-7-seq_129	L3-9-seq_642
7s0c	spike_glycoprotein	H1-7-seq_257	H2-6-seq_711	L1-11-seq_22	L2-7-seq_129	L3-9-seq_570
7s0d	spike_glycoprotein	H1-7-seq_257	H2-6-seq_735	L1-11-seq_22	L2-7-seq_129	L3-9-seq_627
7s0x	circumsporozoite_protein	H1-7-seq_501	H2-6-seq_395	L1-11-seq_317	L2-7-seq_557	L3-10-seq_119
7s1b	envelope_glycoprotein_h	H1-7-seq_427		L1-12-seq_53	L2-7-seq_289	L3-9-seq_162
7s4s	spike_protein_s1	H1-7-seq_99		L1-12-seq_1	L2-7-seq_289	L3-10-seq_185
7s5p	spike_protein_s1	H1-7-seq_419		L1-11-seq_317	L2-7-seq_740	L3-11-seq_32
7s5q	spike_protein_s1	H1-7-seq_257	H2-6-seq_271	L1-11-seq_22	L2-7-seq_129	L3-9-seq_132
7s5r	spike_protein_s1	H1-7-seq_481	H2-6-seq_354	L1-12-seq_1	L2-7-seq_289	L3-9-seq_132
7s6j	spike_glycoprotein	H1-7-seq_673	H2-6-seq_106	L1-11-seq_417	L2-7-seq_193	
7s7i	mhc_class_i_chain-related_protein_a	H1-7-seq_257	H2-6-seq_345	L1-12-seq_1	L2-7-seq_289	L3-8-seq_30
7s8h	glycoprotein_g2	H1-7-seq_908		L1-12-seq_116	L2-7-seq_65	L3-10-seq_202
7sc1	spike_glycoprotein	H1-7-seq_553		L1-11-seq_301	L2-7-seq_673	L3-9-seq_358
7sd3	transmembrane_protein_gp41	H1-7-seq_673	H2-6-seq_336	L1-12-seq_54	L2-7-seq_477	L3-9-seq_272
7seg	low_affinity_immunoglobulin_gamma_fc_region_receptor_iii-a	H1-7-seq_257	H2-6-seq_580	L1-11-seq_459	L2-7-seq_291	L3-9-seq_473
7sfw	spike_glycoprotein_e2	H1-7-seq_97	H2-6-seq_649	L1-11-seq_29	L2-7-seq_897	L3-11-seq_133
7shu	immunoglobulin_heavy_constant_epsilon	H1-8-seq_16		L1-15-seq_18	L2-7-seq_676	L3-9-seq_421
7shy	ige_fc	H1-8-seq_4		L1-15-seq_18	L2-7-seq_676	L3-9-seq_421
7shz	ige_fc	H1-8-seq_4		L1-15-seq_19	L2-7-seq_676	L3-9-seq_421
7si0	ige_fc	H1-8-seq_4		L1-15-seq_18	L2-7-seq_676	L3-9-seq_421
7si2	spike_protein_s1	H1-7-seq_257	H2-6-seq_481	L1-11-seq_417	L2-7-seq_673	L3-10-seq_87
7sj0	spike_glycoprotein	H1-7-seq_1027	H2-6-seq_449	L1-13-seq_42	L2-7-seq_867	L3-11-seq_166
7sjn	serine_protease_htra1	H1-7-seq_448	H2-6-seq_352	L1-10-seq_5	L2-7-seq_706	L3-9-seq_284
7sk3	atypical_chemokine_receptor_3	H1-7-seq_897	H2-6-seq_373	L1-11-seq_257	L2-7-seq_482	L3-9-seq_299
7sk3	stromal_cell-derived_factor_1	H1-7-seq_472	H2-6-seq_341	L1-11-seq_257	L2-7-seq_482	L3-9-seq_298
7so5	toxin_b	H1-7-seq_907		L1-16-seq_33	L2-7-seq_675	L3-9-seq_594
7st5	tyrosine-protein_phosphatase_non-receptor_type_substrate_1	H1-7-seq_315	H2-6-seq_242	L1-11-seq_679	L2-7-seq_161	L3-9-seq_202
7str	nucleoprotein	H1-7-seq_132		L1-12-seq_1	L2-7-seq_289	L3-9-seq_132
7sts	nucleoprotein	H1-7-seq_132		L1-13-seq_22	L2-7-seq_1057	L3-11-seq_126
7su0	cytotoxic_t-lymphocyte_protein_4	H1-7-seq_708	H2-6-seq_591	L1-12-seq_99	L2-7-seq_39	L3-9-seq_132
7sue	nucleoprotein	H1-7-seq_464	H2-6-seq_355	L1-14-seq_62	L2-7-seq_769	L3-10-seq_116
7swp	spike_protein_s1	H1-7-seq_129	H2-6-seq_867	L1-14-seq_146	L2-7-seq_833	L3-11-seq_177
7t01	spike_protein_s1	H1-9-seq_98		L1-11-seq_3	L2-7-seq_2	L3-9-seq_684
7t17	core_protein	H1-9-seq_43		L1-13-seq_42	L2-7-seq_1145	L3-11-seq_62
7t25	outer_surface_protein_a	H1-7-seq_408	H2-6-seq_268	L1-12-seq_1	L2-7-seq_289	L3-9-seq_258
7t3d	hemagglutinin_ha2_chain	H1-7-seq_257	H2-6-seq_594	L1-11-seq_469	L2-7-seq_289	L3-10-seq_233
7t4r	envelope_glycoprotein_h	H1-7-seq_97	H2-6-seq_389	L1-11-seq_289	L2-7-seq_549	L3-9-seq_313
7t72	spike_protein_s1	H1-7-seq_165		L1-11-seq_22	L2-7-seq_129	L3-9-seq_579
7t7b	spike_protein_s1	H1-7-seq_838	H2-6-seq_649	L1-11-seq_302	L2-7-seq_129	L3-8-seq_34
7t9n	thyrotropin_receptor	H1-7-seq_467	H2-6-seq_397	L1-13-seq_42	L2-7-seq_521	L3-11-seq_73
7tat	spike_glycoprotein	H1-7-seq_773	H2-6-seq_624	L1-13-seq_22	L2-7-seq_1	L3-10-seq_172
7tb8	spike_glycoprotein	H1-7-seq_257	H2-6-seq_483	L1-11-seq_679	L2-7-seq_513	L3-9-seq_432
7tcc	spike_glycoprotein	H1-7-seq_481	H2-6-seq_354	L1-12-seq_1	L2-7-seq_289	L3-10-seq_154
7te1	spike_protein_s1	H1-7-seq_97	H2-6-seq_33	L1-11-seq_290	L2-7-seq_562	L3-9-seq_322
7tht	dh1042_light_chain	H1-7-seq_673	H2-6-seq_688	L1-11-seq_582	L2-7-seq_673	L3-9-seq_554
7tjq	fusion_glycoprotein_f0	H1-7-seq_257	H2-6-seq_195	L1-11-seq_517	L2-7-seq_497	L3-10-seq_111
7tl0	fusion_glycoprotein_f0	H1-7-seq_447	H2-6-seq_397	L1-11-seq_289	L2-7-seq_129	L3-9-seq_354
7tpg	putative_cell_surface_polysaccharide_polymerase/ligase	H1-7-seq_851	H2-6-seq_450	L1-11-seq_257	L2-7-seq_482	L3-9-seq_593
7tri	hemagglutinin	H1-7-seq_258		L1-11-seq_673	L2-7-seq_296	L3-8-seq_24
7ttx	spike_glycoprotein	H1-9-seq_75		L1-13-seq_33	L2-7-seq_257	L3-9-seq_509
7tzh	lymphocyte_activation_gene_3_protein	H1-7-seq_257	H2-6-seq_606	L1-11-seq_476	L2-7-seq_673	L3-9-seq_489
7u0x	spike_glycoprotein	H1-7-seq_104	H2-6-seq_483	L1-13-seq_33	L2-7-seq_257	L3-9-seq_232
7u9e	gametocyte_surface_protein_p230	H1-7-seq_555	H2-6-seq_195	L1-11-seq_244	L2-7-seq_416	L3-11-seq_57
7u9g	glycoprotein	H1-7-seq_474		L1-13-seq_22	L2-7-seq_528	L3-11-seq_75
7u9o	spike_glycoprotein	H1-7-seq_421	H2-6-seq_331	L1-11-seq_417	L2-7-seq_193	L3-10-seq_214
7u9p	spike_glycoprotein	H1-7-seq_422	H2-6-seq_332	L1-11-seq_417	L2-7-seq_673	L3-9-seq_131
7u9w	gametocyte_surface_protein_p230	H1-7-seq_372	H2-6-seq_289	L1-11-seq_130	L2-7-seq_417	L3-9-seq_236
7ua2	gametocyte_surface_protein_p230	H1-7-seq_373	H2-6-seq_290	L1-11-seq_469	L2-7-seq_193	L3-10-seq_92
7ua8	gametocyte_surface_protein_p230	H1-7-seq_963	H2-6-seq_404	L1-11-seq_247	L2-7-seq_673	L3-9-seq_4
7uar	spike_glycoprotein	H1-7-seq_555	H2-6-seq_587	L1-13-seq_22	L2-7-seq_1	L3-11-seq_118
7ubr	integrin_alpha-iib	H1-7-seq_449	H2-6-seq_792	L1-11-seq_290	L2-7-seq_501	L3-9-seq_285
7ubs	gametocyte_surface_protein_p230	H1-7-seq_257	H2-6-seq_292	L1-17-seq_1	L2-7-seq_1153	L3-9-seq_238
7uc8	gametocyte_surface_protein_p230	H1-7-seq_376		L1-12-seq_132	L2-7-seq_289	L3-9-seq_239
7ucq	gametocyte_surface_protein_p230	H1-7-seq_257	H2-6-seq_293	L1-11-seq_248	L2-7-seq_193	L3-10-seq_92
7ugq	envelope_glycoprotein_gp120	H1-7-seq_429	H2-6-seq_866	L1-14-seq_62	L2-7-seq_901	
7ui1	gametocyte_surface_protein_p230	H1-7-seq_378	H2-6-seq_282	L1-11-seq_249	L2-7-seq_423	L3-10-seq_93
7ukl	spike_glycoprotein	H1-7-seq_231	H2-6-seq_483	L1-11-seq_129	L2-7-seq_291	L3-11-seq_38
7ukm	spike_glycoprotein	H1-7-seq_422	H2-6-seq_4	L1-16-seq_33	L2-7-seq_265	L3-9-seq_149
7ul0	spike_protein_s1	H1-7-seq_257	H2-6-seq_889	L1-14-seq_38	L2-7-seq_1188	L3-10-seq_90
7ul1	spike_protein_s1	H1-7-seq_771		L1-12-seq_1	L2-7-seq_289	L3-8-seq_30
7unb	gametocyte_surface_protein_p45/48	H1-7-seq_97	H2-6-seq_365	L1-11-seq_150	L2-7-seq_641	L3-9-seq_317
7uow	spike_glycoprotein	H1-7-seq_771		L1-11-seq_301	L2-7-seq_417	L3-10-seq_75
7upl	spike_glycoprotein	H1-7-seq_459	H2-6-seq_132	L1-11-seq_22	L2-7-seq_129	L3-10-seq_115
7ur4	fusion_glycoprotein_f0	H1-7-seq_951	H2-6-seq_4	L1-11-seq_104	L2-7-seq_1060	L3-11-seq_94
7usl	bifunctional_hemolysin-adenylate_cyclase	H1-7-seq_455	H2-6-seq_708	L1-11-seq_293	L2-7-seq_583	L3-9-seq_153
7uvf	t-cell_surface_glycoprotein_cd8_alpha_chain	H1-7-seq_449	H2-6-seq_343	L1-11-seq_282	L2-7-seq_486	L3-9-seq_279
7uvh	gametocyte_surface_protein_p230	H1-7-seq_257	H2-6-seq_295	L1-11-seq_250	L2-7-seq_424	L3-10-seq_214
7uvi	gametocyte_surface_protein_p230	H1-7-seq_422	H2-6-seq_296	L1-11-seq_359	L2-7-seq_289	L3-10-seq_233
7uvo	gametocyte_surface_protein_p230	H1-7-seq_381	H2-6-seq_898	L1-14-seq_60	L2-7-seq_961	L3-10-seq_96
7uvq	gametocyte_surface_protein_p230	H1-7-seq_382	H2-6-seq_298	L1-10-seq_4	L2-7-seq_193	L3-10-seq_92
7uvs	gametocyte_surface_protein_p230	H1-7-seq_555	H2-6-seq_454	L1-17-seq_1	L2-7-seq_1153	L3-9-seq_250
7uxl	gametocyte_surface_protein_p45/48	H1-7-seq_104	H2-6-seq_581	L1-11-seq_29	L2-7-seq_472	L3-11-seq_58
7v23	spike_glycoprotein	H1-7-seq_249	H2-6-seq_366	L1-11-seq_129	L2-7-seq_519	L3-9-seq_119
7v2a	spike_glycoprotein	H1-7-seq_880	H2-6-seq_132	L1-13-seq_42	L2-7-seq_867	L3-11-seq_145
7v3l	spike_glycoprotein	H1-7-seq_673	H2-6-seq_359	L1-11-seq_130	L2-7-seq_641	L3-10-seq_113
7v5k	spike_glycoprotein	H1-7-seq_355	H2-6-seq_161	L1-11-seq_661	L2-7-seq_673	L3-9-seq_226
7vmu	spike_protein_s1	H1-7-seq_771		L1-11-seq_301	L2-7-seq_673	L3-8-seq_66
7vng	spike_glycoprotein_s1	H1-7-seq_897	H2-6-seq_341	L1-11-seq_257	L2-7-seq_482	L3-9-seq_275
7vux	programmed_cell_death_protein_1	H1-7-seq_257	H2-6-seq_435	L1-11-seq_582	L2-7-seq_577	L3-9-seq_345
7vyr	spike_protein_s1	H1-7-seq_281	H2-6-seq_705	L1-11-seq_317	L2-7-seq_740	L3-10-seq_192
7vyt	t-cell_immunoreceptor_with_ig_and_itim_domains	H1-7-seq_257	H2-6-seq_322	L1-12-seq_1	L2-7-seq_289	L3-10-seq_185
7vzt	spike_protein_s1	H1-7-seq_257	H2-6-seq_228	L1-13-seq_33	L2-7-seq_257	L3-10-seq_71
7wb5	surface_glycoprotein	H1-7-seq_97	H2-6-seq_707	L1-11-seq_582	L2-7-seq_577	L3-9-seq_459
7wbz	spike_protein_s1	H1-7-seq_450		L1-11-seq_301	L2-7-seq_417	L3-10-seq_222
7wch	surface_glycoprotein	H1-7-seq_259	H2-6-seq_317	L1-12-seq_48	L2-7-seq_451	L3-10-seq_101
7wcp	surface_glycoprotein	H1-7-seq_404		L1-11-seq_265	L2-7-seq_289	L3-9-seq_256
7wee	spike_glycoprotein	H1-9-seq_65		L1-14-seq_96	L2-7-seq_769	L3-11-seq_110
7wh8	spike_glycoprotein	H1-7-seq_839	H2-6-seq_313	L1-11-seq_417	L2-7-seq_193	L3-9-seq_707
7wi0	spike_protein_s1	H1-7-seq_104	H2-6-seq_161	L1-11-seq_130	L2-7-seq_298	L3-10-seq_188
7wjy	spike_glycoprotein	H1-7-seq_353	H2-6-seq_898	L1-11-seq_317	L2-7-seq_740	L3-11-seq_74
7wkx	interleukin-17a	H1-7-seq_821	H2-6-seq_664	L1-16-seq_19	L2-7-seq_914	L3-9-seq_392
7wn2	spike_protein_s1	H1-7-seq_97	H2-6-seq_103	L1-11-seq_301	L2-7-seq_673	L3-9-seq_209
7wn8	leukocyte_surface_antigen_cd47	H1-7-seq_257	H2-6-seq_98	L1-12-seq_46	L2-7-seq_1153	L3-9-seq_249
7wnb	spike_protein_s1	H1-7-seq_99		L1-11-seq_315	L2-7-seq_673	L3-10-seq_76
7wo4	spike_glycoprotein	H1-7-seq_257	H2-6-seq_374	L1-13-seq_33	L2-7-seq_257	L3-11-seq_76
7woa	spike_glycoprotein	H1-7-seq_476	H2-6-seq_375	L1-12-seq_65	L2-7-seq_289	L3-9-seq_289
7wog	spike_protein_s1	H1-7-seq_257	H2-6-seq_97	L1-13-seq_33	L2-7-seq_257	L3-10-seq_150
7wos	spike_glycoprotein	H1-7-seq_419		L1-14-seq_65	L2-7-seq_322	L3-11-seq_61
7wp0	spike_protein_s1	H1-7-seq_478	H2-6-seq_377	L1-14-seq_139	L2-7-seq_833	L3-11-seq_177
7wph	spike_protein_s1	H1-8-seq_19		L1-14-seq_62	L2-7-seq_321	L3-10-seq_250
7wqv	spike_protein_s1	H1-7-seq_673	H2-6-seq_309	L1-14-seq_139	L2-7-seq_833	L3-11-seq_177
7wr9	spike_protein_s1	H1-7-seq_388	H2-6-seq_304	L1-11-seq_29	L2-7-seq_435	L3-11-seq_59
7wrj	spike_protein_s1	H1-9-seq_45		L1-13-seq_5	L2-7-seq_491	L3-11-seq_126
7ws1	spike_glycoprotein	H1-7-seq_353	H2-6-seq_408	L1-11-seq_417	L2-7-seq_417	L3-10-seq_87
7wsc	spike_protein_s1	H1-7-seq_365	H2-6-seq_282	L1-16-seq_57	L2-7-seq_675	L3-9-seq_390
7wsl	programmed_cell_death_protein_1	H1-7-seq_257	H2-6-seq_646	L1-11-seq_134	L2-7-seq_401	L3-9-seq_317
7wt7	spike_glycoprotein	H1-7-seq_292		L1-11-seq_247	L2-7-seq_129	L3-9-seq_186
7wtf	spike_glycoprotein	H1-7-seq_839	H2-6-seq_161	L1-11-seq_658	L2-7-seq_673	L3-9-seq_259
7wur	core_protein	H1-7-seq_97	H2-6-seq_319	L1-12-seq_1	L2-7-seq_289	L3-10-seq_221
7wwl	spike_glycoprotein	H1-7-seq_509	H2-6-seq_228	L1-11-seq_323	L2-7-seq_193	L3-10-seq_92
7wwm	spike_glycoprotein	H1-7-seq_708	H2-6-seq_481	L1-11-seq_397	L2-7-seq_701	L3-9-seq_707
7x08	spike_glycoprotein	H1-7-seq_349		L1-14-seq_96	L2-7-seq_322	L3-10-seq_89
7x25	spike_glycoprotein	H1-7-seq_673	H2-6-seq_355	L1-12-seq_1	L2-7-seq_289	L3-9-seq_132
7x7o	spike_protein_s1	H1-7-seq_629	H2-6-seq_354	L1-12-seq_1	L2-7-seq_289	L3-9-seq_132
7x8w	spike_glycoprotein	H1-7-seq_411	H2-6-seq_123	L1-14-seq_62	L2-7-seq_322	L3-10-seq_89
7x8y	spike_glycoprotein	H1-7-seq_412	H2-8-seq_5	L1-11-seq_582	L2-7-seq_460	L3-9-seq_166
7x90	spike_glycoprotein	H1-7-seq_708	H2-6-seq_483	L1-11-seq_582	L2-7-seq_673	L3-9-seq_262
7x91	spike_glycoprotein	H1-7-seq_414	H2-6-seq_354	L1-11-seq_302	L2-7-seq_129	L3-10-seq_105
7x92	spike_glycoprotein	H1-7-seq_415	H2-6-seq_581	L1-11-seq_22	L2-7-seq_129	L3-9-seq_354
7x95	spike_glycoprotein	H1-7-seq_257	H2-6-seq_265	L1-13-seq_22	L2-7-seq_386	L3-10-seq_29
7xcz	spike_glycoprotein	H1-7-seq_257	H2-6-seq_483	L1-11-seq_679	L2-7-seq_673	L3-9-seq_34
7xdl	spike_glycoprotein	H1-7-seq_348	H2-6-seq_268	L1-11-seq_130	L2-7-seq_198	L3-9-seq_218
7xic	spike_glycoprotein	H1-7-seq_353	H2-6-seq_523	L1-11-seq_568	L2-7-seq_65	L3-10-seq_233
7xj6	spike_glycoprotein	H1-7-seq_481	H2-6-seq_354	L1-11-seq_130	L2-7-seq_289	L3-9-seq_132
7xjf	leukocyte_surface_antigen_cd47	H1-7-seq_515	H2-6-seq_229	L1-11-seq_22	L2-7-seq_132	L3-9-seq_190
7xmz	spike_glycoprotein	H1-7-seq_345	H2-6-seq_333	L1-13-seq_42	L2-7-seq_472	L3-11-seq_63
7xs8	spike_protein_s1	H1-7-seq_771		L1-11-seq_679	L2-7-seq_460	L3-8-seq_28
7xsa	spike_protein_s1	H1-9-seq_38		L1-14-seq_46	L2-7-seq_961	L3-9-seq_206
7xsb	spike_protein_s1	H1-7-seq_321	H2-6-seq_228	L1-13-seq_27	L2-7-seq_257	L3-9-seq_207
7xsc	spike_protein_s1	H1-7-seq_419		L1-11-seq_22	L2-7-seq_1024	L3-9-seq_354
7xw7	thyrotropin_receptor	H1-7-seq_457	H2-6-seq_132	L1-13-seq_22	L2-7-seq_867	L3-11-seq_4
7y0c	spike_protein_s1	H1-7-seq_673	H2-6-seq_801	L1-12-seq_57	L2-7-seq_289	L3-10-seq_108
7y0v	spike_protein_s1	H1-9-seq_46		L1-11-seq_284	L2-7-seq_493	L3-10-seq_109
7y0w	spike_protein_s1	H1-7-seq_60	H2-6-seq_873	L1-11-seq_22	L2-7-seq_69	L3-10-seq_110
7y3n	spike_protein_s1	H1-7-seq_353	H2-6-seq_156	L1-11-seq_582	L2-7-seq_233	L3-9-seq_131
7y6l	spike_glycoprotein	H1-7-seq_1056	H2-6-seq_216	L1-11-seq_195	L2-7-seq_641	L3-8-seq_27
7yck	spike_protein_s1	H1-7-seq_257	H2-6-seq_483	L1-13-seq_33	L2-7-seq_257	L3-9-seq_509
7ycl	spike_protein_s1	H1-7-seq_97	H2-6-seq_397	L1-11-seq_22	L2-7-seq_129	L3-9-seq_246
7ycn	spike_protein_s1	H1-7-seq_835		L1-13-seq_33	L2-7-seq_257	L3-9-seq_247
7ycy	spike_glycoprotein	H1-9-seq_28		L1-14-seq_38	L2-7-seq_961	L3-9-seq_134
7yds	programmed_cell_death_1_ligand_1	H1-7-seq_269		L1-13-seq_21	L2-7-seq_306	L3-10-seq_64
7yh6	spike_protein_s1	H1-7-seq_270	H2-6-seq_205	L1-14-seq_139	L2-7-seq_1185	L3-11-seq_42
7yix	alkaline_phosphatase,_tissue-nonspecific_isozyme	H1-7-seq_257	H2-6-seq_98	L1-11-seq_679	L2-7-seq_417	L3-9-seq_165
7yk4	tumor_necrosis_factor_receptor_superfamily_member_4	H1-7-seq_259	H2-6-seq_196	L1-11-seq_22	L2-7-seq_293	L3-9-seq_168
7ykj	spike_glycoprotein	H1-7-seq_405	H2-6-seq_318	L1-12-seq_75	L2-7-seq_289	L3-10-seq_221
7yr1	spike_glycoprotein	H1-7-seq_553		L1-11-seq_417	L2-7-seq_673	L3-9-seq_278
7yrn	envelope_glycoprotein_b	H1-7-seq_97	H2-6-seq_193	L1-11-seq_575	L2-7-seq_288	L3-9-seq_166
7ytn	spike_protein_s1	H1-7-seq_281	H2-6-seq_214	L1-11-seq_317	L2-7-seq_740	L3-11-seq_44
7yv1	isoform_2b_of_gtpase_kras	H1-8-seq_4		L1-11-seq_417	L2-7-seq_673	L3-9-seq_69
7yve	spike_glycoprotein	H1-9-seq_34		L1-13-seq_66	L2-7-seq_1	L3-11-seq_126
7yvg	spike_glycoprotein	H1-7-seq_219		L1-11-seq_673	L2-7-seq_289	L3-11-seq_13
7yvi	spike_glycoprotein	H1-7-seq_283	H2-6-seq_215	L1-14-seq_62	L2-7-seq_321	L3-11-seq_47
7yvk	spike_glycoprotein	H1-9-seq_35		L1-14-seq_38	L2-7-seq_322	L3-9-seq_181
7yxu	tumor_necrosis_factor_receptor_superfamily_member_9	H1-7-seq_392	H2-6-seq_307	L1-11-seq_417	L2-7-seq_673	L3-9-seq_248
7z0x	surface_glycoprotein	H1-7-seq_419		L1-14-seq_38	L2-7-seq_322	L3-10-seq_239
7z12	var2csa	H1-7-seq_418	H2-6-seq_338	L1-11-seq_343	L2-7-seq_873	L3-9-seq_273
7z2m	interleukin-17a	H1-7-seq_385	H2-6-seq_302	L1-11-seq_3	L2-7-seq_193	L3-9-seq_243
7z3a	amc009_sosip.v5.2_envelope_glycoprotein_gp41	H1-7-seq_460		L1-11-seq_666	L2-7-seq_98	L3-11-seq_32
7z4t	interleukin-1_beta	H1-7-seq_386	H2-6-seq_302	L1-11-seq_417	L2-7-seq_193	L3-9-seq_244
7zbu	spike_glycoprotein	H1-7-seq_675	H2-6-seq_361	L1-12-seq_1	L2-7-seq_289	L3-10-seq_1
7zfd	spike_protein_s1	H1-7-seq_353	H2-6-seq_898	L1-11-seq_417	L2-7-seq_513	L3-9-seq_687
7zlk	amc009_sosipv5.2_envelope_glycoprotein_gp41	H1-7-seq_444		L1-11-seq_317	L2-7-seq_98	L3-11-seq_32
7zoz	sialic_acid-binding_ig-like_lectin_15	H1-7-seq_257	H2-6-seq_213	L1-11-seq_22	L2-7-seq_316	L3-9-seq_179
7zr9	spike_glycoprotein,fibritin	H1-7-seq_673	H2-6-seq_759	L1-12-seq_1	L2-7-seq_289	L3-9-seq_102
7zrc	spike_glycoprotein,fibritin	H1-7-seq_809	H2-6-seq_652	L1-11-seq_517	L2-7-seq_129	L3-10-seq_180
7zxk	interleukin-27_subunit_alpha	H1-7-seq_104	H2-6-seq_395	L1-17-seq_1	L2-7-seq_1153	L3-9-seq_274
8a44	duffy_binding_protein	H1-7-seq_97	H2-6-seq_223	L1-11-seq_417	L2-7-seq_673	L3-10-seq_87
8a95	sars-cov2_trimeric_spike_in_1-up_conformation_in_complexwith_three_fab47_	H1-7-seq_555	H2-6-seq_688	L1-12-seq_33	L2-7-seq_289	L3-9-seq_167
8ahn	envelope_polyprotein	H1-7-seq_257	H2-6-seq_236	L1-14-seq_139	L2-7-seq_612	L3-11-seq_177
8as0	programmed_cell_death_protein_1	H1-7-seq_257	H2-6-seq_97	L1-11-seq_417	L2-7-seq_673	L3-9-seq_269
8ath	lysosome-associated_membrane_glycoprotein_1	H1-7-seq_737	H2-6-seq_708	L1-11-seq_629	L2-7-seq_412	L3-8-seq_31
8awm	glycoprotein	H1-7-seq_242	H2-6-seq_581	L1-11-seq_166	L2-7-seq_275	L3-11-seq_39
8b7h	gremlin-1	H1-7-seq_97	H2-6-seq_449	L1-17-seq_1	L2-7-seq_1153	L3-8-seq_19
8bbn	spike_protein_s1	H1-7-seq_345	H2-6-seq_898	L1-11-seq_227	L2-7-seq_673	L3-9-seq_215
8bbo	spike_glycoprotein	H1-9-seq_39		L1-11-seq_343	L2-7-seq_388	L3-8-seq_29
8bcz	spike_protein_s1	H1-7-seq_257	H2-6-seq_483	L1-11-seq_22	L2-7-seq_129	L3-9-seq_347
8bec	spike_protein_s1	H1-7-seq_224		L1-12-seq_1	L2-7-seq_289	L3-9-seq_258
8bg1	spike_protein_s1	H1-7-seq_353	H2-6-seq_165	L1-16-seq_33	L2-7-seq_246	L3-8-seq_4
8bg2	spike_protein_s1	H1-7-seq_99		L1-12-seq_26	L2-7-seq_289	L3-9-seq_139
8bg3	spike_protein_s1	H1-7-seq_218		L1-14-seq_29	L2-7-seq_322	L3-10-seq_52
8bg4	spike_protein_s1	H1-7-seq_219		L1-11-seq_301	L2-7-seq_673	L3-10-seq_222
8bg8	spike_glycoprotein	H1-7-seq_220	H2-6-seq_354	L1-12-seq_116	L2-7-seq_289	L3-9-seq_132
8bk2	factor_h-binding_protein	H1-7-seq_257	H2-6-seq_230	L1-12-seq_1	L2-7-seq_289	L3-10-seq_51
8blq	interleukin-13,_human	H1-7-seq_97	H2-6-seq_224	L1-11-seq_200	L2-7-seq_334	L3-11-seq_129
8bse	spike_glycoprotein	H1-7-seq_419		L1-11-seq_22	L2-7-seq_357	L3-9-seq_354
8bsf	spike_protein_s1	H1-7-seq_317	H2-6-seq_132	L1-13-seq_26	L2-7-seq_257	L3-11-seq_166
8byu	adp-ribosyl_cyclase/cyclic_adp-ribose_hydrolase_1	H1-7-seq_673	H2-6-seq_209	L1-11-seq_679	L2-7-seq_673	L3-9-seq_176
8c0y	spike_protein_s2'	H1-7-seq_116		L1-11-seq_83	L2-7-seq_289	L3-9-seq_162
8cbd	spike_protein_s1	H1-7-seq_373	H2-6-seq_483	L1-11-seq_417	L2-7-seq_222	L3-10-seq_46
8cbe	spike_protein_s1	H1-7-seq_197	H2-6-seq_483	L1-11-seq_417	L2-7-seq_224	L3-9-seq_127
8cim	spike_glycoprotein,fibritin	H1-7-seq_354	H2-6-seq_212	L1-11-seq_417	L2-7-seq_315	L3-9-seq_178
8cin	spike_glycoprotein	H1-7-seq_192		L1-14-seq_38	L2-7-seq_322	L3-10-seq_239
8csj	spike_glycoprotein	H1-7-seq_257	H2-6-seq_903	L1-14-seq_139	L2-7-seq_740	L3-11-seq_177
8cw9	fusion_glycoprotein_f0	H1-9-seq_68		L1-11-seq_29	L2-7-seq_897	L3-11-seq_72
8cwi	spike_protein_s1	H1-7-seq_257	H2-6-seq_4	L1-11-seq_661	L2-7-seq_873	L3-9-seq_704
8cwj	spike_glycoprotein	H1-7-seq_312	H2-6-seq_238	L1-11-seq_22	L2-7-seq_353	L3-9-seq_199
8cwk	spike_protein_s1	H1-7-seq_313	H2-6-seq_240	L1-11-seq_509	L2-7-seq_673	L3-9-seq_200
8cxg	ankyrin_repeat_family_a_protein_2,envelope_e_protein	H1-7-seq_257	H2-6-seq_225	L1-11-seq_417	L2-7-seq_65	L3-10-seq_233
8cxi	ankyrin_repeat_family_a_protein_2,envelope_e_protein	H1-7-seq_581	H2-6-seq_226	L1-14-seq_41	L2-7-seq_1188	L3-10-seq_68
8cyh	mesothelin,_cleaved_form	H1-7-seq_290	H2-6-seq_221	L1-11-seq_679	L2-7-seq_673	L3-9-seq_176
8cz8	mesothelin,_cleaved_form	H1-7-seq_291	H2-6-seq_222	L1-14-seq_62	L2-7-seq_331	L3-11-seq_48
8d48	spike_glycoprotein	H1-7-seq_395	H2-6-seq_322	L1-17-seq_1	L2-7-seq_1153	L3-9-seq_250
8d7e	ciliary_neurotrophic_factor_receptor_subunit_alpha	H1-7-seq_481	H2-6-seq_262	L1-11-seq_417	L2-7-seq_289	L3-10-seq_87
8d9y	long_neurotoxin_1	H1-7-seq_287		L1-11-seq_22	L2-7-seq_673	L3-9-seq_34
8dad	spike_glycoprotein	H1-7-seq_451	H2-6-seq_354	L1-12-seq_1	L2-7-seq_1202	L3-9-seq_286
8db4	ara_h_2_allergen	H1-7-seq_396	H2-6-seq_311	L1-11-seq_417	L2-7-seq_1094	L3-9-seq_251
8dcc	spike_protein_s1	H1-8-seq_4		L1-14-seq_62	L2-7-seq_322	L3-10-seq_89
8dce	spike_protein_s1	H1-7-seq_626		L1-14-seq_62	L2-7-seq_321	L3-10-seq_148
8dfg	merozoite_surface_protein_1	H1-7-seq_437		L1-11-seq_359	L2-7-seq_289	L3-9-seq_280
8dfh	merozoite_surface_protein_1	H1-7-seq_438		L1-13-seq_37	L2-7-seq_1057	L3-11-seq_57
8dfi	merozoite_surface_protein_1	H1-7-seq_675	H2-6-seq_344	L1-13-seq_66	L2-7-seq_489	L3-11-seq_66
8dg8	fusion_glycoprotein_f0	H1-7-seq_257	H2-6-seq_285	L1-11-seq_243	L2-7-seq_713	L3-11-seq_55
8dg9	fusion_glycoprotein_f0	H1-7-seq_1125	H2-6-seq_395	L1-14-seq_139	L2-7-seq_1185	L3-11-seq_56
8dlr	spike_glycoprotein	H1-7-seq_452	H2-6-seq_355	L1-11-seq_129	L2-7-seq_291	L3-9-seq_431
8dlw	spike_glycoprotein	H1-7-seq_961	H2-6-seq_356	L1-12-seq_1	L2-7-seq_289	L3-9-seq_288
8dm3	spike_glycoprotein	H1-7-seq_1027	H2-6-seq_449	L1-16-seq_19	L2-7-seq_1186	L3-9-seq_96
8dnn	spike_protein_s1	H1-7-seq_314	H2-6-seq_161	L1-17-seq_1	L2-7-seq_1153	L3-9-seq_483
8dv6	envelope_protein_e	H1-7-seq_402	H2-6-seq_316	L1-14-seq_62	L2-7-seq_449	L3-10-seq_100
8dw9	spike_protein_s1	H1-7-seq_416	H2-6-seq_631	L1-12-seq_52	L2-7-seq_289	L3-9-seq_264
8dwa	spike_protein_s1	H1-7-seq_417	H2-6-seq_328	L1-11-seq_272	L2-7-seq_673	L3-9-seq_265
8dww	e2_glycoprotein	H1-7-seq_257	H2-6-seq_230	L1-11-seq_417	L2-7-seq_673	L3-9-seq_325
8dwx	e2_glycoprotein	H1-9-seq_8		L1-11-seq_679	L2-7-seq_673	L3-9-seq_192
8dwy	e2_glycoprotein	H1-7-seq_963	H2-6-seq_231	L1-14-seq_43	L2-7-seq_343	L3-9-seq_193
8dxs	spike_glycoprotein	H1-7-seq_418	H2-6-seq_717	L1-11-seq_154	L2-7-seq_673	L3-9-seq_266
8dxt	spike_protein_s1	H1-7-seq_257	H2-6-seq_97	L1-11-seq_264	L2-7-seq_513	L3-8-seq_32
8dy1	interleukin-17a	H1-7-seq_322	H2-6-seq_97	L1-13-seq_28	L2-7-seq_1	L3-9-seq_309
8dyw	circumsporozoite_protein	H1-7-seq_261	H2-6-seq_200	L1-11-seq_359	L2-7-seq_297	L3-10-seq_61
8dyy	circumsporozoite_protein	H1-7-seq_262	H2-6-seq_581	L1-11-seq_130	L2-7-seq_298	L3-10-seq_62
8dz3	circumsporozoite_protein	H1-7-seq_257	H2-6-seq_199	L1-11-seq_673	L2-7-seq_289	L3-8-seq_25
8dz4	circumsporozoite_protein	H1-7-seq_865	H2-6-seq_200	L1-11-seq_183	L2-7-seq_289	L3-8-seq_26
8dzh	spike_glycoprotein	H1-7-seq_257	H2-6-seq_132	L1-12-seq_1	L2-7-seq_289	L3-9-seq_289
8dzw	rsv_fusion_protein	H1-7-seq_257	H2-6-seq_195	L1-14-seq_33	L2-7-seq_290	L3-10-seq_59
8e1g	spike_protein_s1	H1-7-seq_116		L1-11-seq_22	L2-7-seq_129	L3-9-seq_180
8e1p	bg505-sosip.v4.1-gt1.2gp120	H1-7-seq_961	H2-6-seq_33	L1-14-seq_62	L2-7-seq_769	
8e6j	neuraminidase	H1-9-seq_32		L1-11-seq_417	L2-7-seq_233	L3-9-seq_131
8e6k	neuraminidase	H1-9-seq_33		L1-11-seq_178	L2-7-seq_295	L3-10-seq_87
8e7m	angiotensin-converting_enzyme_2	H1-7-seq_257	H2-6-seq_348	L1-11-seq_679	L2-7-seq_673	L3-9-seq_281
8eay	fusion_glycoprotein_f0	H1-7-seq_258		L1-11-seq_175	L2-7-seq_291	L3-8-seq_23
8eb2	hla-a*02	H1-7-seq_257	H2-6-seq_330	L1-16-seq_56	L2-7-seq_1186	L3-9-seq_267
8ee1	6-deoxyerythronolide_b_synthase	H1-7-seq_835		L1-12-seq_139	L2-7-seq_166	L3-9-seq_194
8eji	glycoprotein_g2	H1-7-seq_257	H2-6-seq_226	L1-11-seq_202	L2-7-seq_641	L3-9-seq_187
8ekd	spike_protein_s2'	H1-7-seq_150	H2-8-seq_11	L1-17-seq_1	L2-7-seq_219	L3-8-seq_17
8el2	spike_protein_s1	H1-7-seq_961	H2-6-seq_206	L1-14-seq_36	L2-7-seq_321	L3-10-seq_195
8eoo	spike_protein_s1	H1-7-seq_257	H2-6-seq_4	L1-13-seq_33	L2-7-seq_257	L3-9-seq_509
8eqf	spike_protein_s1	H1-7-seq_257	H2-6-seq_678	L1-11-seq_154	L2-7-seq_673	L3-9-seq_145
8erq	spike_glycoprotein	H1-9-seq_44		L1-14-seq_77	L2-7-seq_769	L3-9-seq_277
8ez7	neuraminidase	H1-7-seq_561	H2-6-seq_167	L1-12-seq_28	L2-7-seq_289	L3-10-seq_54
8ez8	neuraminidase	H1-7-seq_222		L1-13-seq_22	L2-7-seq_1	L3-11-seq_57
8ezk	25_kda_ookinete_surface_antigen	H1-8-seq_3		L1-13-seq_20	L2-7-seq_292	L3-11-seq_126
8f0h	spike_glycoprotein	H1-7-seq_353	H2-6-seq_898	L1-11-seq_219	L2-7-seq_98	L3-11-seq_32
8f0i	spike_protein_s1	H1-7-seq_257	H2-6-seq_4	L1-11-seq_417	L2-7-seq_513	L3-10-seq_87
8f2j	spike_protein_s1	H1-7-seq_675	H2-6-seq_4	L1-11-seq_129	L2-7-seq_519	L3-11-seq_34
8f2x	spike_protein_s1	H1-7-seq_257	H2-6-seq_483	L1-11-seq_22	L2-7-seq_129	L3-9-seq_354
8f5n	t18.1_major_pilin_backbone_protein_t-antigen	H1-7-seq_362	H2-6-seq_535	L1-11-seq_239	L2-7-seq_132	L3-9-seq_230
8f6e	cadmium_and_zinc_efflux_pump_fief	H1-7-seq_912	H2-6-seq_303	L1-11-seq_257	L2-7-seq_482	L3-10-seq_98
8f6x	structurally_designed_hmpv_f_protein_hmpv_v3b_d12_ds454,fibritin_	H1-7-seq_257	H2-6-seq_195	L1-14-seq_139	L2-7-seq_1185	L3-10-seq_63
8fdo	fp15	H1-7-seq_19	H2-6-seq_125	L1-11-seq_14	L2-7-seq_673	L3-10-seq_55
8ffe	low-density_lipoprotein_receptor-related_protein_6	H1-7-seq_259	H2-6-seq_280	L1-11-seq_161	L2-7-seq_801	L3-9-seq_226
8fgx	plasma_kallikrein_light_chain	H1-7-seq_257	H2-6-seq_183	L1-11-seq_167	L2-7-seq_276	L3-9-seq_157
8fsj	hcv_e2_ectodomain,_synzip2_scaffold_fusion	H1-7-seq_17	H2-6-seq_207	L1-11-seq_130	L2-7-seq_641	L3-9-seq_174
8g30	neuraminidase	H1-7-seq_304	H2-6-seq_232	L1-11-seq_207	L2-7-seq_289	L3-10-seq_233
8g3m	neuraminidase	H1-7-seq_305	H2-6-seq_233	L1-11-seq_208	L2-7-seq_65	L3-10-seq_233
8g3q	neuraminidase	H1-7-seq_306	H2-6-seq_234	L1-11-seq_428	L2-7-seq_289	L3-10-seq_233
8g4p	ara_h_2_allergen	H1-7-seq_207		L1-11-seq_145	L2-7-seq_417	L3-9-seq_133
8gau	vasodilator-stimulated_phosphoprotein,_neuraminidasechimera_	H1-7-seq_189		L1-11-seq_679	L2-7-seq_417	L3-9-seq_122
8gav	neuraminidase	H1-7-seq_97	H2-6-seq_144	L1-14-seq_23	L2-7-seq_961	L3-10-seq_44
8gdr	spike_glycoprotein	H1-9-seq_89		L1-14-seq_62	L2-7-seq_769	L3-10-seq_40
8gf2	spike_protein_s1	H1-7-seq_251	H2-6-seq_189	L1-11-seq_417	L2-7-seq_284	L3-9-seq_162
8gh4	disintegrin_and_metalloproteinase_domain-containing_protein10_	H1-7-seq_97	H2-6-seq_103	L1-11-seq_417	L2-7-seq_673	L3-9-seq_160
8ghk	hemagglutinin	H1-7-seq_114	H2-8-seq_3	L1-11-seq_81	L2-7-seq_132	L3-9-seq_334
8ghp	guanylyl_cyclase_c	H1-7-seq_257	H2-6-seq_187	L1-15-seq_4	L2-7-seq_92	L3-8-seq_21
8gnh	spike_glycoprotein	H1-7-seq_839		L1-11-seq_417	L2-7-seq_193	L3-8-seq_22
8gpx	envelope_protein	H1-7-seq_486	H2-6-seq_340	L1-12-seq_55	L2-7-seq_65	L3-10-seq_51
8gpy	spike_protein_s1	H1-7-seq_353	H2-6-seq_185	L1-14-seq_62	L2-7-seq_321	L3-9-seq_159
8gsb	spike_protein_s1	H1-7-seq_244	H2-6-seq_354	L1-12-seq_1	L2-7-seq_289	L3-9-seq_132
8gto	spike_glycoprotein	H1-7-seq_4	H2-6-seq_210	L1-13-seq_22	L2-7-seq_312	L3-11-seq_126
8gy5	programmed_cell_death_protein_1	H1-7-seq_233	H2-6-seq_175	L1-11-seq_160	L2-7-seq_266	L3-9-seq_150
8gye	tumor_necrosis_factor_receptor_superfamily_member_9	H1-7-seq_237		L1-11-seq_293	L2-7-seq_583	L3-9-seq_153
8h07	spike_glycoprotein	H1-7-seq_257	H2-6-seq_483	L1-11-seq_210	L2-7-seq_161	L3-9-seq_499
8h7l	spike_glycoprotein	H1-7-seq_249	H2-6-seq_483	L1-11-seq_170	L2-7-seq_282	L3-9-seq_161
8hc2	spike_glycoprotein	H1-7-seq_553		L1-11-seq_679	L2-7-seq_673	L3-10-seq_99
8hes	spike_protein_s1	H1-7-seq_223	H2-6-seq_168	L1-14-seq_62	L2-7-seq_961	L3-11-seq_37
8hgl	spike_glycoprotein	H1-7-seq_226	H2-6-seq_763	L1-12-seq_57	L2-7-seq_289	L3-9-seq_143
8hlb	tumor_necrosis_factor_receptor_superfamily_member_1b,maltose/maltodextrin-binding_periplasmic_protein_	H1-7-seq_234	H2-6-seq_176	L1-11-seq_161	L2-7-seq_267	L3-9-seq_152
8hlc	spike_glycoprotein	H1-7-seq_97	H2-6-seq_103	L1-11-seq_2	L2-7-seq_873	L3-9-seq_704
8hld	spike_glycoprotein	H1-7-seq_129	H2-6-seq_104	L1-11-seq_129	L2-7-seq_148	L3-9-seq_387
8hn6	spike_protein_s1	H1-7-seq_553		L1-11-seq_301	L2-7-seq_673	L3-9-seq_204
8hn7	spike_protein_s1	H1-7-seq_257	H2-6-seq_245	L1-11-seq_417	L2-7-seq_361	L3-9-seq_707
8hp9	spike_protein_s2'	H1-9-seq_38		L1-12-seq_23	L2-7-seq_289	L3-9-seq_128
8hrd	spike_protein_s1	H1-7-seq_208	H2-6-seq_268	L1-14-seq_139	L2-7-seq_833	L3-10-seq_50
8hws	spike_protein_s2'	H1-7-seq_292		L1-11-seq_265	L2-7-seq_673	L3-9-seq_135
8i3u	spike_glycoprotein	H1-7-seq_236	H2-6-seq_177	L1-11-seq_162	L2-7-seq_289	L3-10-seq_233
8i5l	capsid_protein	H1-7-seq_257	H2-6-seq_151	L1-13-seq_22	L2-7-seq_1057	L3-11-seq_126
8il3	adp-ribosyl_cyclase/cyclic_adp-ribose_hydrolase_1	H1-7-seq_97	H2-6-seq_264	L1-15-seq_5	L2-7-seq_385	L3-9-seq_214
8iow	interleukin-6_receptor_subunit_alpha	H1-7-seq_178	H2-6-seq_415	L1-11-seq_679	L2-7-seq_417	L3-9-seq_34
8ivw	neuropilin-2	H1-7-seq_590	H2-6-seq_211	L1-12-seq_36	L2-7-seq_756	L3-9-seq_177
8ivx	anrp2-14	H1-7-seq_641		L1-11-seq_134	L2-7-seq_314	L3-10-seq_66
8ix3	ba.4/5_variant_spike_protein	H1-7-seq_468	H2-6-seq_898	L1-11-seq_14	L2-7-seq_1094	L3-9-seq_138
8j1q	spike_protein_s1	H1-7-seq_286	H2-6-seq_483	L1-14-seq_62	L2-7-seq_961	L3-10-seq_67
8j1t	spike_protein	H1-7-seq_553		L1-11-seq_301	L2-7-seq_673	L3-11-seq_35
8jel	t-cell_immunoreceptor_with_ig_and_itim_domains	H1-7-seq_97	H2-6-seq_145	L1-11-seq_134	L2-7-seq_268	L3-9-seq_490
8jg5	vp1	H1-7-seq_168	H2-6-seq_433	L1-14-seq_62	L2-7-seq_961	L3-10-seq_5
8jio	spike_glycoprotein	H1-7-seq_132		L1-11-seq_679	L2-7-seq_673	L3-9-seq_95
8jiz	glutamate_receptor_ionotropic,_nmda_1	H1-7-seq_126	H2-6-seq_102	L1-11-seq_651	L2-7-seq_145	L3-9-seq_176
8jkf	ns1	H1-7-seq_47		L1-11-seq_27	L2-7-seq_994	L3-9-seq_28
8jkh	ns1	H1-7-seq_53		L1-11-seq_679	L2-7-seq_673	L3-9-seq_34
8jmm	spike_glycoprotein	H1-7-seq_130	H2-6-seq_105	L1-11-seq_417	L2-7-seq_1	L3-10-seq_29
8jqm	non-structural_protein_1	H1-9-seq_2		L1-11-seq_28	L2-7-seq_1218	L3-9-seq_29
8jqn	non-structural_protein_1	H1-7-seq_48	H2-6-seq_483	L1-11-seq_29	L2-7-seq_519	L3-11-seq_11
8k18	spike_protein_s1	H1-7-seq_99		L1-11-seq_46	L2-7-seq_81	L3-9-seq_47
8k3c	glycoprotein_g	H1-7-seq_419	H2-6-seq_97	L1-13-seq_22	L2-7-seq_867	L3-11-seq_27
8k5g	spike_protein_s1	H1-7-seq_206	H2-6-seq_354	L1-12-seq_1	L2-7-seq_289	L3-9-seq_132
8kdr	spike_glycoprotein	H1-7-seq_865		L1-11-seq_59	L2-7-seq_1094	L3-10-seq_87
8keo	spike_glycoprotein	H1-7-seq_92	H2-6-seq_74	L1-12-seq_127	L2-7-seq_106	L3-9-seq_59
8kfa	envelope_glycoprotein_b	H1-7-seq_893	H2-6-seq_155	L1-11-seq_143	L2-7-seq_232	L3-9-seq_130
8khc	spike_glycoprotein	H1-7-seq_169	H2-8-seq_8	L1-11-seq_104	L2-7-seq_713	L3-11-seq_29
8ol9	coagulation_factor_ix_heavy_chain	H1-7-seq_273	H2-6-seq_368	L1-11-seq_130	L2-7-seq_641	L3-9-seq_175
8oxv	protein-glutamine_gamma-glutamyltransferase_e_27_kda_non-catalytic_chain_	H1-7-seq_353	H2-6-seq_170	L1-13-seq_18	L2-7-seq_257	L3-9-seq_144
8oz3	tumor_necrosis_factor_receptor_superfamily_member_9	H1-7-seq_181	H2-6-seq_138	L1-11-seq_428	L2-7-seq_417	L3-10-seq_41
8pg0	solute_carrier_organic_anion_transporter_family_member_1b3	H1-7-seq_801	H2-6-seq_42	L1-11-seq_257	L2-7-seq_482	L3-9-seq_103
8pmz	pro-secreted_protein_orf2	H1-7-seq_97	H2-6-seq_670	L1-11-seq_227	L2-7-seq_130	L3-10-seq_214
8pq2	spike_protein_s2'	H1-7-seq_225		L1-11-seq_153	L2-7-seq_255	L3-9-seq_142
8pwh	receptor_tyrosine-protein_kinase_erbb-2	H1-7-seq_97	H2-6-seq_33	L1-11-seq_21	L2-7-seq_775	L3-9-seq_124
8pwu	reticulocyte-binding_protein_homolog_5	H1-7-seq_132		L1-11-seq_96	L2-7-seq_129	L3-9-seq_87
8pwv	reticulocyte-binding_protein_homolog_5	H1-7-seq_673	H2-6-seq_106	L1-16-seq_33	L2-7-seq_152	L3-8-seq_11
8pww	reticulocyte-binding_protein_homolog_5	H1-7-seq_134		L1-11-seq_22	L2-7-seq_153	L3-9-seq_88
8pwx	reticulocyte-binding_protein_homolog_5	H1-7-seq_257	H2-6-seq_107	L1-11-seq_417	L2-7-seq_673	L3-9-seq_226
8q5d	pfrh5	H1-7-seq_789	H2-6-seq_161	L1-11-seq_302	L2-7-seq_129	L3-10-seq_30
8q5y	spike_glycoprotein	H1-7-seq_105	H2-6-seq_85	L1-11-seq_72	L2-7-seq_2	L3-9-seq_67
8qh0	spike_protein_s1	H1-7-seq_771		L1-12-seq_1	L2-7-seq_289	
8qkr	reticulocyte-binding_protein-like_protein_5	H1-7-seq_97	H2-6-seq_33	L1-11-seq_417	L2-7-seq_513	L3-10-seq_24
8qpr	spike_glycoprotein,fibritin	H1-7-seq_961	H2-6-seq_152	L1-14-seq_62	L2-7-seq_322	L3-10-seq_89
8qq0	spike_glycoprotein,fibritin	H1-7-seq_201	H2-6-seq_33	L1-14-seq_26	L2-7-seq_322	L3-10-seq_48
8qrf	spike_protein_s1	H1-7-seq_353	H2-6-seq_408	L1-12-seq_1	L2-7-seq_176	L3-10-seq_35
8qzr	spike_protein_s1	H1-7-seq_172	H2-6-seq_131	L1-11-seq_417	L2-7-seq_193	L3-10-seq_38
8r1c	spike_glycoprotein,fibritin	H1-9-seq_88		L1-14-seq_38	L2-7-seq_376	L3-10-seq_239
8r1d	spike_glycoprotein,fibritin	H1-7-seq_66	H2-6-seq_139	L1-11-seq_129	L2-7-seq_208	L3-9-seq_119
8r8k	spike_glycoprotein	H1-7-seq_157	H2-8-seq_5	L1-11-seq_45	L2-7-seq_673	L3-9-seq_100
8r9w	spike_protein	H1-7-seq_257	H2-6-seq_109	L1-11-seq_673	L2-7-seq_65	L3-8-seq_12
8r9y	spike_protein	H1-7-seq_138	H2-6-seq_111	L1-11-seq_101	L2-7-seq_65	L3-9-seq_90
8rgz	envelope_glycoprotein_b	H1-9-seq_68		L1-16-seq_56	L2-7-seq_1186	L3-9-seq_76
8rh0	envelope_glycoprotein_b	H1-7-seq_118	H2-6-seq_95	L1-11-seq_317	L2-7-seq_98	L3-9-seq_77
8rmx	protein-glutamine_gamma-glutamyltransferase_e	H1-9-seq_4		L1-17-seq_1	L2-7-seq_1153	L3-8-seq_48
8rp8	leukocyte_surface_antigen_cd47	H1-7-seq_257	H2-6-seq_97	L1-11-seq_417	L2-7-seq_673	L3-10-seq_27
8rpb	programmed_cell_death_1_ligand_1	H1-7-seq_257	H2-6-seq_97	L1-14-seq_16	L2-7-seq_139	L3-11-seq_23
8ruu	interleukin-17f	H1-7-seq_97	H2-6-seq_125	L1-11-seq_111	L2-7-seq_183	L3-9-seq_104
8rz0	rh5-34em	H1-7-seq_257	H2-6-seq_292	L1-11-seq_517	L2-7-seq_641	L3-9-seq_68
8rz1	rh5-34em	H1-7-seq_422	H2-6-seq_87	L1-13-seq_42	L2-7-seq_124	L3-11-seq_118
8s6m	spike_protein_s1	H1-7-seq_66	H2-6-seq_483	L1-14-seq_38	L2-7-seq_79	L3-10-seq_15
8s6z	t-cell-specific_surface_glycoprotein_cd28	H1-7-seq_257	H2-6-seq_97	L1-17-seq_1	L2-7-seq_1153	L3-9-seq_26
8sas	ch848.10.17_gp120	H1-7-seq_97	H2-6-seq_258	L1-14-seq_56	L2-7-seq_372	L3-10-seq_77
8sau	ch848.10.17_gp120	H1-7-seq_331	H2-6-seq_258	L1-14-seq_56	L2-7-seq_381	L3-10-seq_77
8say	ch848.10.17_gp120	H1-7-seq_332	H2-6-seq_259	L1-14-seq_38	L2-7-seq_374	L3-10-seq_79
8saz	envelope_glycoprotein_gp160	H1-7-seq_97	H2-6-seq_257	L1-14-seq_56	L2-7-seq_322	L3-10-seq_239
8sb0	ch848.10.17.sosip_gp120	H1-7-seq_97	H2-6-seq_259	L1-14-seq_56	L2-7-seq_376	L3-10-seq_239
8sb1	ch848.10.17_gp120	H1-7-seq_97	H2-6-seq_257	L1-14-seq_56	L2-7-seq_901	L3-10-seq_239
8sb2	ch848.10.17.sosip_gp120	H1-7-seq_97	H2-6-seq_258	L1-14-seq_56	L2-7-seq_901	L3-10-seq_77
8sb3	ch848.10.17_gp120	H1-7-seq_97	H2-6-seq_259	L1-14-seq_56	L2-7-seq_379	L3-10-seq_239
8sb4	ch848.10.17_gp120	H1-7-seq_97	H2-6-seq_259	L1-14-seq_56	L2-7-seq_901	L3-10-seq_85
8sb5	ch848.10.17.sosip_gp120	H1-7-seq_97	H2-6-seq_258	L1-14-seq_56	L2-7-seq_381	L3-10-seq_77
8sdg	spike_protein_s1	H1-7-seq_183	H2-8-seq_10	L1-11-seq_130	L2-7-seq_1080	L3-11-seq_30
8sdh	spike_protein_s1	H1-7-seq_96	H2-6-seq_132	L1-11-seq_317	L2-7-seq_110	L3-11-seq_165
8si1	conglutin	H1-7-seq_515	H2-6-seq_34	L1-11-seq_23	L2-7-seq_46	L3-11-seq_74
8siq	spike_protein_s1	H1-7-seq_184		L1-14-seq_139	L2-7-seq_833	L3-11-seq_177
8sis	spike_protein_s1	H1-7-seq_129	H2-6-seq_649	L1-12-seq_15	L2-7-seq_289	L3-9-seq_120
8sit	spike_protein_s1	H1-7-seq_749	H2-6-seq_141	L1-11-seq_131	L2-7-seq_740	L3-11-seq_32
8sj4	conglutin	H1-7-seq_129	H2-6-seq_35	L1-11-seq_24	L2-7-seq_47	L3-9-seq_24
8sj6	ara_h_2_allergen	H1-7-seq_43	H2-6-seq_36	L1-11-seq_227	L2-7-seq_361	L3-10-seq_11
8sja	conglutin	H1-7-seq_44	H2-6-seq_37	L1-11-seq_69	L2-7-seq_49	L3-9-seq_25
8slb	cobalt/magnesium_transport_protein_cora	H1-7-seq_297	H2-6-seq_706	L1-11-seq_257	L2-7-seq_482	L3-9-seq_188
8sm1	envelope_glycoprotein_gp350	H1-7-seq_961	H2-6-seq_123	L1-12-seq_132	L2-7-seq_289	L3-9-seq_102
8smk	protein-arginine_deiminase_type-4	H1-7-seq_33	H2-6-seq_154	L1-11-seq_257	L2-7-seq_482	L3-10-seq_43
8smm	hyaluronan_synthase_1	H1-7-seq_93	H2-6-seq_42	L1-11-seq_257	L2-7-seq_482	L3-9-seq_103
8sow	interleukin-2	H1-7-seq_67		L1-11-seq_53	L2-7-seq_417	L3-9-seq_520
8soz	interleukin-2	H1-7-seq_67		L1-11-seq_53	L2-7-seq_417	L3-9-seq_79
8suo	spike_protein_s1	H1-7-seq_150	H2-6-seq_117	L1-14-seq_62	L2-7-seq_322	L3-8-seq_17
8swh	spike_glycoprotein	H1-7-seq_1027	H2-6-seq_116	L1-16-seq_19	L2-7-seq_1186	L3-9-seq_96
8sxj	envelope_glycoprotein_gp160	H1-7-seq_353	H2-6-seq_65	L1-11-seq_140	L2-7-seq_65	L3-8-seq_18
8sxp	long_neurotoxin_2	H1-7-seq_673	H2-6-seq_161	L1-11-seq_417	L2-7-seq_513	L3-9-seq_131
8szy	t-cell_immunoreceptor_with_ig_and_itim_domains	H1-7-seq_961	H2-6-seq_574	L1-16-seq_18	L2-7-seq_265	L3-9-seq_155
8t6m	mhc_class_i_antigen	H1-9-seq_22		L1-11-seq_22	L2-7-seq_129	L3-9-seq_23
8t9z	fusion_glycoprotein_f0	H1-7-seq_257	H2-6-seq_163	L1-11-seq_150	L2-7-seq_244	L3-9-seq_329
8tbb	t-cell_immunoglobulin_mucin_receptor_3	H1-7-seq_257	H2-6-seq_857	L1-11-seq_54	L2-7-seq_97	L3-9-seq_54
8tbq	v-type_immunoglobulin_domain-containing_suppressor_of_t-cell_activation_	H1-7-seq_353	H2-6-seq_137	L1-11-seq_22	L2-7-seq_204	L3-10-seq_39
8tco	envelope_glycoprotein_o	H1-7-seq_252	H2-6-seq_190	L1-11-seq_172	L2-7-seq_285	L3-9-seq_164
8tea	envelope_protein_ul128	H1-7-seq_253	H2-6-seq_191	L1-13-seq_22	L2-7-seq_1	L3-11-seq_126
8tft	t-cell_immunoglobulin_mucin_receptor_3	H1-7-seq_257	H2-6-seq_97	L1-11-seq_317	L2-7-seq_98	L3-11-seq_162
8tgv	envelope_glycoprotein_e2	H1-7-seq_101	H2-6-seq_82	L1-11-seq_69	L2-7-seq_519	L3-9-seq_64
8the	heme/hemoglobin_uptake_outer_membrane_receptor_phur	H1-7-seq_202	H2-6-seq_154	L1-11-seq_257	L2-7-seq_482	L3-9-seq_129
8thz	envelope_glycoprotein_e2	H1-7-seq_102	H2-6-seq_1	L1-11-seq_417	L2-7-seq_117	L3-9-seq_65
8tjn	eryai,6-deoxyerythronolide-b_synthase_erya3,_modules_5_and6_	H1-7-seq_130	H2-8-seq_2	L1-16-seq_33	L2-7-seq_675	L3-10-seq_25
8tma	spike_glycoprotein	H1-9-seq_27		L1-11-seq_130	L2-7-seq_513	L3-10-seq_62
8tnj	9mer_peptide,beta-2-microglobulin,mhc_class_i_antigenchimera_	H1-7-seq_33	H2-6-seq_75	L1-11-seq_257	L2-7-seq_482	L3-10-seq_22
8tnl	hemagglutinin	H1-7-seq_690		L1-16-seq_33	L2-7-seq_172	L3-9-seq_98
8toa	hemagglutinin	H1-7-seq_153		L1-16-seq_13	L2-7-seq_173	L3-9-seq_99
8tp2	hemagglutinin	H1-7-seq_230		L1-11-seq_673	L2-7-seq_289	L3-9-seq_329
8tp6	hemagglutinin	H1-9-seq_74		L1-11-seq_417	L2-7-seq_261	L3-9-seq_147
8tp7	hemagglutinin	H1-9-seq_30		L1-14-seq_62	L2-7-seq_262	L3-10-seq_56
8tp9	hemagglutinin	H1-9-seq_31		L1-11-seq_158	L2-7-seq_673	L3-9-seq_148
8tqi	hemagglutinin-neuraminidase	H1-7-seq_257	H2-6-seq_126	L1-11-seq_22	L2-7-seq_184	L3-9-seq_354
8tqk	fusion_glycoprotein_f0	H1-7-seq_129		L1-11-seq_113	L2-7-seq_641	L3-9-seq_106
8tr3	cne40_sosip_envelope_glycoprotein_gp120	H1-7-seq_257	H2-6-seq_98	L1-11-seq_582	L2-7-seq_673	L3-9-seq_325
8ts0	asialoglycoprotein_receptor_1	H1-7-seq_97	H2-6-seq_99	L1-11-seq_369	L2-7-seq_141	L3-9-seq_79
8tui	killer_cell_immunoglobulin-like_receptor_2dl3	H1-7-seq_211	H2-6-seq_161	L1-11-seq_417	L2-7-seq_193	L3-9-seq_361
8tv1	ephrin_type-a_receptor_2	H1-7-seq_115	H2-6-seq_450	L1-11-seq_257	L2-7-seq_482	L3-8-seq_10
8tv3	outer_surface_protein_a	H1-7-seq_86	H2-6-seq_132	L1-11-seq_417	L2-7-seq_99	L3-8-seq_8
8tvd	outer_surface_protein_a	H1-7-seq_87	H2-6-seq_70	L1-11-seq_57	L2-7-seq_513	L3-9-seq_176
8tvj	outer_surface_protein_a	H1-7-seq_88	H2-6-seq_132	L1-11-seq_679	L2-7-seq_101	L3-9-seq_56
8tzy	envelope_glycoprotein_e2	H1-7-seq_83	H2-6-seq_66	L1-12-seq_1	L2-7-seq_95	L3-8-seq_7
8u1c	neuraminidase	H1-7-seq_173	H2-6-seq_132	L1-12-seq_19	L2-7-seq_289	L3-9-seq_109
8u1p	gametocyte_surface_protein_p45/48	H1-7-seq_9	H2-6-seq_5	L1-11-seq_6	L2-7-seq_12	L3-11-seq_32
8u1q	neuraminidase	H1-9-seq_20		L1-11-seq_130	L2-7-seq_513	L3-9-seq_110
8u1s	neuraminidase	H1-9-seq_21		L1-11-seq_130	L2-7-seq_385	L3-9-seq_111
8u4q	c-x-c_chemokine_receptor_type_4	H1-7-seq_257	H2-6-seq_98	L1-16-seq_19	L2-7-seq_1154	L3-9-seq_673
8u5l	capsid_protein_vp1	H1-7-seq_353	H2-6-seq_77	L1-11-seq_543	L2-7-seq_740	L3-10-seq_23
8udz	transforming_growth_factor_beta-1_proprotein	H1-7-seq_104	H2-6-seq_84	L1-13-seq_10	L2-7-seq_257	L3-11-seq_20
8uky	bcl-2_homologous_antagonist/killer	H1-7-seq_97	H2-6-seq_503	L1-11-seq_134	L2-7-seq_268	L3-8-seq_16
8ume	hemagglutinin	H1-7-seq_257	H2-6-seq_195	L1-17-seq_1	L2-7-seq_1153	L3-10-seq_12
8urf	asialoglycoprotein_receptor_2	H1-7-seq_123	H2-6-seq_100	L1-11-seq_369	L2-7-seq_142	L3-9-seq_152
8us0	hemagglutinin	H1-7-seq_64	H2-6-seq_53	L1-16-seq_33	L2-7-seq_675	L3-9-seq_44
8uwz	isoform_vegf121_of_vascular_endothelial_growth_factor_a,long_form_	H1-7-seq_59	H2-6-seq_48	L1-11-seq_40	L2-7-seq_68	L3-9-seq_39
8uzc	hemagglutinin	H1-7-seq_257	H2-6-seq_546	L1-11-seq_37	L2-7-seq_193	L3-9-seq_707
8uzp	stem_mimetic_01	H1-7-seq_1	H2-6-seq_1	L1-13-seq_1	L2-7-seq_1	L3-11-seq_126
8v13	short_neurotoxin_1	H1-7-seq_257	H2-6-seq_97	L1-11-seq_317	L2-7-seq_22	L3-11-seq_8
8v52	transforming_growth_factor_beta-3	H1-7-seq_171	H2-8-seq_9	L1-15-seq_2	L2-7-seq_756	L3-9-seq_108
8v5l	envelope_glycoprotein_e	H1-7-seq_71	H2-6-seq_595	L1-11-seq_469	L2-7-seq_673	L3-9-seq_48
8v5q	envelope_glycoprotein_e	H1-9-seq_8		L1-11-seq_679	L2-7-seq_56	L3-8-seq_3
8v5s	envelope_glycoprotein_e	H1-7-seq_72		L1-11-seq_417	L2-7-seq_673	L3-9-seq_49
8v9d	aquaporin-4	H1-9-seq_6		L1-12-seq_7	L2-7-seq_166	L3-9-seq_258
8vc7	butyrophilin_subfamily_2_member_a1	H1-7-seq_49	H2-6-seq_544	L1-11-seq_257	L2-7-seq_482	L3-9-seq_103
8vcr	spike_protein_s2	H1-9-seq_14		L1-11-seq_65	L2-7-seq_289	L3-9-seq_61
8veb	hemagglutinin	H1-9-seq_1		L1-11-seq_1	L2-7-seq_2	L3-9-seq_3
8ved	hemagglutinin	H1-7-seq_950		L1-16-seq_19	L2-7-seq_1154	L3-9-seq_673
8vef	hemagglutinin	H1-9-seq_2		L1-11-seq_2	L2-7-seq_673	L3-9-seq_3
8vgn	b-lymphocyte_antigen_cd20	H1-7-seq_257	H2-6-seq_708	L1-10-seq_1	L2-7-seq_706	L3-9-seq_42
8vgp	angiopoietin-2	H1-7-seq_855	H2-6-seq_54	L1-12-seq_10	L2-7-seq_76	L3-9-seq_45
8vgv	ch848_de3_sosip_gp120	H1-7-seq_97	H2-6-seq_59	L1-14-seq_11	L2-7-seq_901	L3-10-seq_77
8vk1	der_p_2_variant_3	H1-7-seq_257	H2-6-seq_101	L1-11-seq_69	L2-7-seq_291	L3-9-seq_431
8vkx	vp1	H1-7-seq_19	H2-8-seq_1	L1-14-seq_46	L2-7-seq_23	L3-10-seq_3
8vpf	spike_glycoprotein	H1-7-seq_3	H2-6-seq_2	L1-14-seq_62	L2-7-seq_322	L3-11-seq_2
8vqd	receptor_tyrosine-protein_kinase_erbb-2/higg1_fc_domainfusion_	H1-7-seq_73	H2-6-seq_58	L1-11-seq_257	L2-7-seq_482	L3-10-seq_17
8vqf	major_allergen_can_f_1	H1-7-seq_20	H2-6-seq_15	L1-11-seq_129	L2-7-seq_24	L3-9-seq_387
8vui	erythropoietin_receptor	H1-7-seq_113	H2-6-seq_93	L1-11-seq_257	L2-7-seq_482	L3-9-seq_73
8vuj	glutamate_receptor_ionotropic,_nmda_1	H1-8-seq_1		L1-13-seq_33	L2-7-seq_257	L3-9-seq_50
8vus	glutamate_receptor_ionotropic,_nmda_1	H1-7-seq_77	H2-6-seq_132	L1-11-seq_673	L2-7-seq_289	L3-11-seq_13
8vvk	gp38	H1-9-seq_75		L1-11-seq_317	L2-7-seq_740	L3-11-seq_22
8vww	gp38	H1-9-seq_15		L1-11-seq_417	L2-7-seq_673	L3-9-seq_639
8vye	spike_glycoprotein	H1-9-seq_22		L1-11-seq_69	L2-7-seq_291	L3-9-seq_112
8vym	envelope_glycoprotein_b	H1-7-seq_97	H2-6-seq_33	L1-13-seq_5	L2-7-seq_1057	L3-11-seq_12
8w0v	envelope_glycoprotein_e2	H1-7-seq_349	H2-6-seq_133	L1-12-seq_15	L2-7-seq_198	L3-9-seq_113
8w0w	envelope_glycoprotein_e2	H1-7-seq_968	H2-6-seq_134	L1-12-seq_1	L2-7-seq_289	L3-9-seq_114
8w0x	envelope_glycoprotein_e2	H1-7-seq_835		L1-11-seq_123	L2-7-seq_641	L3-9-seq_176
8w0y	envelope_glycoprotein_e2	H1-7-seq_177		L1-11-seq_2	L2-7-seq_201	L3-9-seq_116
8wfh	spike_protein_s1	H1-7-seq_353	H2-6-seq_60	L1-14-seq_38	L2-7-seq_86	L3-10-seq_90
8wpw	spike_protein_s1	H1-7-seq_69		L1-11-seq_45	L2-7-seq_673	L3-10-seq_16
8wsn	gn	H1-7-seq_140	H2-6-seq_132	L1-11-seq_673	L2-7-seq_159	L3-10-seq_31
8wsp	gn	H1-7-seq_141	H2-8-seq_5	L1-11-seq_104	L2-7-seq_713	L3-11-seq_29
8wsu	glycoprotein_c	H1-7-seq_257	H2-6-seq_483	L1-11-seq_588	L2-7-seq_161	L3-9-seq_92
8wyj	spike_glycoprotein	H1-7-seq_60	H2-6-seq_98	L1-11-seq_22	L2-7-seq_69	L3-8-seq_5
8x0y	spike_protein_s1	H1-8-seq_2		L1-11-seq_106	L2-7-seq_673	L3-8-seq_13
8xbf	spike_glycoprotein	H1-7-seq_125		L1-11-seq_90	L2-7-seq_641	L3-9-seq_82
8xea	spike_glycoprotein	H1-7-seq_165		L1-11-seq_114	L2-7-seq_289	L3-10-seq_36
8xi6	spike_glycoprotein	H1-7-seq_166	H2-6-seq_127	L1-11-seq_317	L2-7-seq_187	L3-11-seq_159
8xs3	protein_opg190	H1-7-seq_839	H2-6-seq_114	L1-16-seq_58	L2-7-seq_1035	L3-10-seq_32
8xsd	spike_glycoprotein	H1-7-seq_771		L1-12-seq_5	L2-7-seq_289	L3-9-seq_11
8xse	spike_protein_s1	H1-7-seq_257	H2-6-seq_97	L1-11-seq_417	L2-7-seq_126	L3-9-seq_69
8xsf	spike_protein_s1	H1-7-seq_129	H2-6-seq_4	L1-11-seq_417	L2-7-seq_673	L3-9-seq_4
8xsj	spike_protein_s1	H1-7-seq_111	H2-6-seq_91	L1-11-seq_582	L2-7-seq_129	L3-9-seq_354
8y3h	envelope_protein	H1-7-seq_102	H2-6-seq_16	L1-13-seq_22	L2-7-seq_26	L3-11-seq_126
8y3i	envelope_protein	H1-7-seq_257	H2-6-seq_649	L1-14-seq_62	L2-7-seq_27	L3-10-seq_4
8y4a	spike_glycoprotein	H1-7-seq_78	H2-6-seq_63	L1-11-seq_673	L2-7-seq_289	L3-10-seq_233
8y4c	spike_glycoprotein	H1-9-seq_12		L1-14-seq_14	L2-7-seq_833	L3-11-seq_177
8ykt	enterotoxin_type_b	H1-7-seq_10	H2-6-seq_483	L1-13-seq_42	L2-7-seq_14	L3-11-seq_4
8yro	spike_glycoprotein	H1-7-seq_877	H2-6-seq_115	L1-13-seq_13	L2-7-seq_164	L3-11-seq_126
8ywq	interleukin-6	H1-9-seq_68		L1-11-seq_44	L2-7-seq_949	L3-9-seq_43
8yww	spike_glycoprotein	H1-7-seq_99	H2-6-seq_81	L1-11-seq_22	L2-7-seq_129	L3-8-seq_9
8ywx	spike_protein_s2'	H1-7-seq_100	H2-6-seq_81	L1-11-seq_22	L2-7-seq_129	L3-9-seq_354
8yx1	tumor_necrosis_factor_receptor_superfamily_member_5	H1-9-seq_19		L1-11-seq_315	L2-7-seq_129	L3-8-seq_15
8yx9	tumor_necrosis_factor_receptor_superfamily_member_5	H1-7-seq_961	H2-6-seq_121	L1-16-seq_19	L2-7-seq_179	L3-9-seq_101
8yz5	spike_glycoprotein	H1-7-seq_771		L1-11-seq_22	L2-7-seq_129	L3-9-seq_84
8z4e	neuraminidase	H1-7-seq_468	H2-6-seq_161	L1-11-seq_14	L2-7-seq_850	L3-10-seq_5
8z6r	spike_glycoprotein,fibritin,spike_glycoprotein,fibritin,spike_glycoprotein,fibritin,expression_tag_	H1-7-seq_652	H2-6-seq_132	L1-14-seq_5	L2-7-seq_961	L3-9-seq_13
8z6u	spike_glycoprotein,fibritin,expression_tag	H1-7-seq_652	H2-6-seq_132	L1-14-seq_62	L2-7-seq_901	L3-9-seq_13
8zby	spike_glycoprotein	H1-7-seq_737	H2-6-seq_118	L1-13-seq_66	L2-7-seq_1057	L3-11-seq_126
8zgu	envelopment_polyprotein	H1-9-seq_16		L1-13-seq_13	L2-7-seq_1	L3-11-seq_57
8zhe	spike_glycoprotein,fibritin,expression_tag	H1-7-seq_257	H2-6-seq_228	L1-13-seq_33	L2-7-seq_257	L3-9-seq_509
8zho	spike_glycoprotein	H1-7-seq_673	H2-6-seq_355	L1-13-seq_33	L2-7-seq_257	L3-11-seq_177
8zhq	envelopment_polyprotein	H1-7-seq_38		L1-11-seq_417	L2-7-seq_417	L3-9-seq_21
8znz	5'-nucleotidase	H1-7-seq_129	H2-6-seq_22	L1-11-seq_15	L2-7-seq_268	L3-9-seq_15
8zr4	neuraminidase	H1-7-seq_39	H2-6-seq_32	L1-16-seq_33	L2-7-seq_43	L3-10-seq_10
9aru	spike_glycoprotein	H1-7-seq_257	H2-6-seq_97	L1-16-seq_19	L2-7-seq_34	L3-9-seq_673
9au2	spike_glycoprotein	H1-7-seq_66	H2-6-seq_483	L1-14-seq_38	L2-7-seq_79	L3-10-seq_15
9aug	hiv-1_bg505_ds-sosip_glycoprotein_gp120	H1-7-seq_961	H2-6-seq_257	L1-14-seq_38	L2-7-seq_322	L3-10-seq_239
9auh	hiv-1_bg505_ds-sosip_glycoprotein_gp120	H1-7-seq_961	H2-6-seq_33	L1-14-seq_38	L2-7-seq_322	L3-10-seq_239
9avo	histone_chaperone_asf1	H1-7-seq_33	H2-6-seq_27	L1-11-seq_257	L2-7-seq_482	L3-9-seq_631
9azr	hemagglutinin_ha1_chain	H1-7-seq_961	H2-6-seq_33	L1-11-seq_317	L2-7-seq_740	L3-11-seq_32
9azt	hemagglutinin_ha1_chain	H1-7-seq_12	H2-6-seq_23	L1-11-seq_9	L2-7-seq_16	L3-11-seq_165
9b2w	hemagglutinin-neuraminidase	H1-7-seq_257	H2-6-seq_44	L1-16-seq_5	L2-7-seq_675	L3-8-seq_4
9b3k	nora-bril(3a)_fusion	H1-7-seq_481	H2-6-seq_42	L1-11-seq_257	L2-7-seq_482	L3-9-seq_103
9b8j	glycoprotein_c	H1-7-seq_641	H2-6-seq_43	L1-11-seq_679	L2-7-seq_60	L3-9-seq_33
9b8j	gp38	H1-7-seq_51		L1-11-seq_315	L2-7-seq_59	L3-9-seq_32
9bdf	hemagglutinin	H1-9-seq_10		L1-11-seq_2	L2-7-seq_71	L3-9-seq_40
9bdg	hemagglutinin	H1-7-seq_62	H2-6-seq_51	L1-11-seq_582	L2-7-seq_72	L3-9-seq_41
9bif	outer_surface_protein_c	H1-9-seq_97		L1-11-seq_398	L2-7-seq_65	L3-10-seq_233
9bj2	spike_glycoprotein	H1-7-seq_16	H2-6-seq_12	L1-13-seq_22	L2-7-seq_20	L3-11-seq_57
9bj3	spike_glycoprotein	H1-7-seq_17	H2-6-seq_355	L1-12-seq_1	L2-7-seq_21	L3-9-seq_258
9bjg	apical_membrane_antigen_1	H1-7-seq_515	H2-6-seq_10	L1-11-seq_202	L2-7-seq_17	L3-9-seq_7
9bjh	apical_membrane_antigen_1	H1-7-seq_14		L1-12-seq_3	L2-7-seq_18	L3-9-seq_8
9c44	spike_glycoprotein	H1-7-seq_422	H2-6-seq_47	L1-11-seq_39	L2-7-seq_129	L3-9-seq_354
9cci	spike_glycoprotein	H1-7-seq_15	H2-6-seq_11	L1-11-seq_625	L2-7-seq_19	
9clp	zinc_metalloproteinase-disintegrin-like_ecarin	H1-7-seq_961	H2-6-seq_33	L1-14-seq_62	L2-7-seq_769	L3-11-seq_151
9dh2	nkg2-d_type_ii_integral_membrane_protein	H1-7-seq_257	H2-6-seq_45	L1-11-seq_36	L2-7-seq_560	L3-9-seq_35
9dng	beta-arrestin-1,soluble_cytochrome_b562	H1-7-seq_34	H2-6-seq_42	L1-11-seq_257	L2-7-seq_482	L3-10-seq_143
9dpc	neuraminidase	H1-7-seq_4	H2-6-seq_3	L1-11-seq_3	L2-7-seq_673	L3-9-seq_4
9dq3	cytotoxic_t-lymphocyte_protein_4	H1-7-seq_129	H2-6-seq_29	L1-12-seq_6	L2-7-seq_39	L3-9-seq_132
9dq5	cytotoxic_t-lymphocyte_protein_4	H1-7-seq_97	H2-6-seq_30	L1-16-seq_56	L2-7-seq_1186	L3-9-seq_451
9e6k	disintegrin_and_metalloproteinase_domain-containing_protein17_	H1-7-seq_961		L1-12-seq_8	L2-7-seq_289	L3-9-seq_48
9fgr	spike_glycoprotein	H1-7-seq_419		L1-12-seq_14	L2-7-seq_165	L3-10-seq_33
9fgs	spike_glycoprotein,fibritin	H1-7-seq_553		L1-12-seq_15	L2-7-seq_166	L3-9-seq_355
9fgt	spike_glycoprotein,fibritin	H1-7-seq_419		L1-12-seq_1	L2-7-seq_289	L3-9-seq_355
9gox	adp-ribosyl_cyclase/cyclic_adp-ribose_hydrolase_1	H1-7-seq_37	H2-6-seq_31	L1-11-seq_673	L2-7-seq_289	L3-9-seq_329
9gwt	isoform_1_of_cell_surface_glycoprotein_cd200_receptor_1	H1-7-seq_67		L1-15-seq_18	L2-7-seq_385	L3-9-seq_46
9jbq	pcrv	H1-7-seq_80	H2-6-seq_65	L1-10-seq_2	L2-7-seq_92	L3-9-seq_51
9l1s	receptor_tyrosine-protein_kinase_erbb-2	H1-7-seq_257	H2-6-seq_33	L1-11-seq_21	L2-7-seq_775	L3-9-seq_125
9l6c	spike_protein_s1	H1-7-seq_257	H2-6-seq_4	L1-11-seq_4	L2-7-seq_289	L3-10-seq_1
9mer	h1h5_ha	H1-9-seq_3		L1-11-seq_5	L2-7-seq_161	L3-9-seq_5
