pdb	Hchain	Lchain	model	antigen_name	antigen_species
8veb	G	I	0	hemagglutinin	influenza a virus
8veb	H	L	0	hemagglutinin	influenza a virus
8veb	J	K	0	hemagglutinin	influenza a virus
8ved	H	L	0	hemagglutinin	influenza a virus
8ved	G	I	0	hemagglutinin	influenza a virus
8ved	J	K	0	hemagglutinin	influenza a virus
8vee	H	L	0	hemagglutinin	influenza a virus
8vee	G	I	0	hemagglutinin	influenza a virus
8vee	J	K	0	hemagglutinin	influenza a virus
8vef	H	L	0	hemagglutinin	influenza a virus
8vef	J	K	0	hemagglutinin	influenza a virus
8vef	G	I	0	hemagglutinin	influenza a virus
8vpf	M	N	0	spike glycoprotein	severe acute respiratory syndrome coronavirus
8vpf	D	F	0	spike glycoprotein	severe acute respiratory syndrome coronavirus
8vpf	E	G	0	spike glycoprotein	severe acute respiratory syndrome coronavirus
9dpc	H	L	0	neuraminidase	influenza a virus
9l6c	A	B	0	spike protein s1	severe acute respiratory syndrome coronavirus2 
9l6c	H	L	0	spike protein s1	severe acute respiratory syndrome coronavirus2 
9l6c	D	F	0	spike protein s1	severe acute respiratory syndrome coronavirus2 
8yk4	A	A	0	spike protein s1	severe acute respiratory syndrome coronavirus2 
8ykg	D	D	0	spike glycoprotein	severe acute respiratory syndrome coronavirus2 
8ykg	F	F	0	spike glycoprotein	severe acute respiratory syndrome coronavirus2 
8ykh	A	A	0	spike glycoprotein	severe acute respiratory syndrome coronavirus2 
9azr	H	L	0	hemagglutinin ha1 chain	influenza a virus
9azt	H	L	0	hemagglutinin ha1 chain	influenza a virus
9azv	H	L	0	hemagglutinin ha1 chain	influenza a virus
9cci	B	C	0	spike glycoprotein	severe acute respiratory syndrome coronavirus2 
9ccj	H	L	0	spike glycoprotein	severe acute respiratory syndrome coronavirus2 
9bj2	H	L	0	spike glycoprotein	severe acute respiratory syndrome coronavirus2 
9bj3	C	D	0	spike glycoprotein	severe acute respiratory syndrome coronavirus2 
9bj3	E	F	0	spike glycoprotein	severe acute respiratory syndrome coronavirus2 
9bj3	H	L	0	spike glycoprotein	severe acute respiratory syndrome coronavirus2 
9bj4	H	L	0	spike glycoprotein	severe acute respiratory syndrome coronavirus2 
9bj4	D	E	0	spike glycoprotein	severe acute respiratory syndrome coronavirus2 
9bj4	F	G	0	spike glycoprotein	severe acute respiratory syndrome coronavirus2 
8xsd	H	L	0	spike glycoprotein	severe acute respiratory syndrome coronavirus2 
8xsd	G	J	0	spike glycoprotein	severe acute respiratory syndrome coronavirus2 
8xsd	I	K	0	spike glycoprotein	severe acute respiratory syndrome coronavirus2 
8y3h	G	H	0	envelope protein	dengue virus type 2
8y3h	I	J	0	envelope protein	dengue virus type 2
8y3h	K	L	0	envelope protein	dengue virus type 2
8y3i	G	H	0	envelope protein	dengue virus type 2
8y3i	I	J	0	envelope protein	dengue virus type 2
8y3i	K	L	0	envelope protein	dengue virus type 2
8y3k	G	H	0	envelope protein	dengue virus type 2
8y3k	I	J	0	envelope protein	dengue virus type 2
8y3k	K	L	0	envelope protein	dengue virus type 2
8z4e	C	B	0	neuraminidase	influenza a virus
8z4e	E	F	0	neuraminidase	influenza a virus
8z6s	E	D	0	spike glycoprotein,fibritin,expression tag	severe acute respiratory syndrome coronavirus2, tequatrovirus t4, synthetic construct 
8z6s	G	F	0	spike glycoprotein,fibritin,expression tag	severe acute respiratory syndrome coronavirus2, tequatrovirus t4, synthetic construct 
8z6s	I	H	0	spike glycoprotein,fibritin,expression tag	severe acute respiratory syndrome coronavirus2, tequatrovirus t4, synthetic construct 
8z6t	B	C	0	spike glycoprotein,fibritin,expression tag	severe acute respiratory syndrome coronavirus2, tequatrovirus t4, synthetic construct 
8z6u	G	J	0	spike glycoprotein,fibritin,expression tag	severe acute respiratory syndrome coronavirus2, tequatrovirus t4, synthetic construct 
8z6u	H	K	0	spike glycoprotein,fibritin,expression tag	severe acute respiratory syndrome coronavirus2, tequatrovirus t4, synthetic construct 
8z6u	I	L	0	spike glycoprotein,fibritin,expression tag	severe acute respiratory syndrome coronavirus2, tequatrovirus t4, synthetic construct 
8z6u	M	P	0	spike glycoprotein,fibritin,expression tag	severe acute respiratory syndrome coronavirus2, tequatrovirus t4, synthetic construct 
8z6u	N	Q	0	spike glycoprotein,fibritin,expression tag	severe acute respiratory syndrome coronavirus2, tequatrovirus t4, synthetic construct 
8z6u	O	R	0	spike glycoprotein,fibritin,expression tag	severe acute respiratory syndrome coronavirus2, tequatrovirus t4, synthetic construct 
8z6w	G	J	0	spike glycoprotein,fibritin,expression tag	severe acute respiratory syndrome coronavirus2, tequatrovirus t4, synthetic construct 
8z6w	H	K	0	spike glycoprotein,fibritin,expression tag	severe acute respiratory syndrome coronavirus2, tequatrovirus t4, synthetic construct 
8z6w	I	L	0	spike glycoprotein,fibritin,expression tag	severe acute respiratory syndrome coronavirus2, tequatrovirus t4, synthetic construct 
8z6x	B	C	0	spike glycoprotein,fibritin,expression tag	severe acute respiratory syndrome coronavirus2, tequatrovirus t4, synthetic construct 
8z86	H	L	0	spike protein s1	severe acute respiratory syndrome coronavirus2 
9aru	H	L	0	spike glycoprotein	severe acute respiratory syndrome coronavirus2 
9aru	D	F	0	spike glycoprotein	severe acute respiratory syndrome coronavirus2 
9aru	E	G	0	spike glycoprotein	severe acute respiratory syndrome coronavirus2 
9avo	B	D	0	histone chaperone asf1	homo sapiens
9awe	B	D	0	histone chaperone asf1	homo sapiens
9dq3	H	L	0	cytotoxic t-lymphocyte protein 4	homo sapiens
9dq4	H	L	0	cytotoxic t-lymphocyte protein 4	mus musculus
9dq5	H	L	0	cytotoxic t-lymphocyte protein 4	mus musculus
9dq5	I	M	0	cytotoxic t-lymphocyte protein 4	mus musculus
8zr4	A	B	0	neuraminidase	influenza a virus
8zr4	F	G	0	neuraminidase	influenza a virus
8zr4	I	J	0	neuraminidase	influenza a virus
8zr4	L	M	0	neuraminidase	influenza a virus
9l1s	C	B	0	receptor tyrosine-protein kinase erbb-2	homo sapiens
8ume	H	L	0	hemagglutinin	influenza a virus
8ume	D	F	0	hemagglutinin	influenza a virus
8ume	E	G	0	hemagglutinin	influenza a virus
8jag	H	L	0	spike glycoprotein	severe acute respiratory syndrome-relatedcoronavirus 
8jam	H	L	0	spike glycoprotein	severe acute respiratory syndrome-relatedcoronavirus 
8jap	H	L	0	spike glycoprotein	severe acute respiratory syndrome coronavirus2 
8v5q	H	L	0	envelope glycoprotein e	human alphaherpesvirus 3
9ekf	D	I	0	hemagglutinin	influenza a virus
9ekf	G	K	0	hemagglutinin	influenza a virus
9ekf	H	L	0	hemagglutinin	influenza a virus
9b82	H	L	0	spike protein s1	severe acute respiratory syndrome coronavirus2 
9b82	I	G	0	spike protein s1	severe acute respiratory syndrome coronavirus2 
9b82	K	J	0	spike protein s1	severe acute respiratory syndrome coronavirus2 
9b82	N	M	0	spike protein s1	severe acute respiratory syndrome coronavirus2 
9b82	P	O	0	spike protein s1	severe acute respiratory syndrome coronavirus2 
9b82	R	Q	0	spike protein s1	severe acute respiratory syndrome coronavirus2 
9dwe	H	L	0	hemagglutinin	influenza a virus
9dwe	I	M	0	hemagglutinin	influenza a virus
9dwe	J	N	0	hemagglutinin	influenza a virus
8uzc	H	L	0	hemagglutinin	influenza a virus
9c44	H	L	0	spike glycoprotein	severe acute respiratory syndrome coronavirus2 
9c44	E	D	0	spike glycoprotein	severe acute respiratory syndrome coronavirus2 
9c44	F	G	0	spike glycoprotein	severe acute respiratory syndrome coronavirus2 
9c45	H	L	0	spike glycoprotein	severe acute respiratory syndrome coronavirus2 
8wyj	Q	R	0	spike glycoprotein	severe acute respiratory syndrome coronavirus2 
8wyj	S	T	0	spike glycoprotein	severe acute respiratory syndrome coronavirus2 
8wyj	D	F	0	spike glycoprotein	severe acute respiratory syndrome coronavirus2 
8wyj	E	G	0	spike glycoprotein	severe acute respiratory syndrome coronavirus2 
8wyj	H	J	0	spike glycoprotein	severe acute respiratory syndrome coronavirus2 
8wyj	I	K	0	spike glycoprotein	severe acute respiratory syndrome coronavirus2 
9bdf	B	I	0	hemagglutinin	influenza a virus
9bdf	C	D	0	hemagglutinin	influenza a virus
9bdf	E	J	0	hemagglutinin	influenza a virus
9bdg	D	G	0	hemagglutinin	influenza a virus
9bdg	E	H	0	hemagglutinin	influenza a virus
9bdg	F	I	0	hemagglutinin	influenza a virus
8us0	N	O	0	hemagglutinin	influenza a virus
8us0	H	I	0	hemagglutinin	influenza a virus
8us0	B	C	0	hemagglutinin	influenza a virus
8us0	Q	R	0	hemagglutinin	influenza a virus
8us0	E	F	0	hemagglutinin	influenza a virus
8us0	K	L	0	hemagglutinin	influenza a virus
8vgh	H	G	0	tryptase alpha/beta-1	homo sapiens
8vgh	F	E	0	tryptase alpha/beta-1	homo sapiens
8vgh	J	I	0	tryptase alpha/beta-1	homo sapiens
8vgh	K	L	0	tryptase alpha/beta-1	homo sapiens
8vgi	F	E	0	tryptase alpha/beta-1	homo sapiens
8vgi	H	G	0	tryptase alpha/beta-1	homo sapiens
8vgi	J	I	0	tryptase alpha/beta-1	homo sapiens
8vgi	K	L	0	tryptase alpha/beta-1	homo sapiens
8vgj	F	E	0	tryptase alpha/beta-1	homo sapiens
8vgj	H	G	0	tryptase alpha/beta-1	homo sapiens
8vgj	J	I	0	tryptase alpha/beta-1	homo sapiens
8vgj	K	L	0	tryptase alpha/beta-1	homo sapiens
8vgk	F	E	0	tryptase alpha/beta-1	homo sapiens
8vgk	H	G	0	tryptase alpha/beta-1	homo sapiens
8vgk	J	I	0	tryptase alpha/beta-1	homo sapiens
8vgk	K	L	0	tryptase alpha/beta-1	homo sapiens
8s6m	H	L	0	spike protein s1	severe acute respiratory syndrome coronavirus2 
8s6m	I	M	0	spike protein s1	severe acute respiratory syndrome coronavirus2 
9au2	D	I	0	spike glycoprotein	severe acute respiratory syndrome coronavirus2 
8wpw	A	B	0	spike protein s1	severe acute respiratory syndrome coronavirus2 
8wpw	C	D	0	spike protein s1	severe acute respiratory syndrome coronavirus2 
8wpw	H	L	0	spike protein s1	severe acute respiratory syndrome coronavirus2 
8wpy	A	B	0	spike protein s1	severe acute respiratory syndrome coronavirus2 
8wpy	C	D	0	spike protein s1	severe acute respiratory syndrome coronavirus2 
8wpy	H	L	0	spike protein s1	severe acute respiratory syndrome coronavirus2 
9asd	H	L	0	spike glycoprotein	homo sapiens
8k18	C	D	0	spike protein s1	severe acute respiratory syndrome coronavirus2 
8k19	A	B	0	spike protein s1	severe acute respiratory syndrome coronavirus2 
8v5l	H	L	0	envelope glycoprotein e	human alphaherpesvirus 3
8v5l	B	C	0	envelope glycoprotein e	human alphaherpesvirus 3
8v5s	H	L	0	envelope glycoprotein e	human alphaherpesvirus 3
8v5s	A	B	0	envelope glycoprotein e	human alphaherpesvirus 3
8wfh	E	E	0	spike protein s1	severe acute respiratory syndrome coronavirus2 
8vut	H	L	0	glutamate receptor ionotropic, nmda 1	homo sapiens
8vym	D	E	0	envelope glycoprotein b	human betaherpesvirus 5
8vym	G	F	0	envelope glycoprotein b	human betaherpesvirus 5
8vym	K	H	0	envelope glycoprotein b	human betaherpesvirus 5
8vym	J	I	0	envelope glycoprotein b	human betaherpesvirus 5
8vyn	D	E	0	envelope glycoprotein b	human betaherpesvirus 5
8vyn	F	G	0	envelope glycoprotein b	human betaherpesvirus 5
8vyn	H	I	0	envelope glycoprotein b	human betaherpesvirus 5
8vyn	J	K	0	envelope glycoprotein b	human betaherpesvirus 5
8vyn	L	M	0	envelope glycoprotein b	human betaherpesvirus 5
8vyn	N	O	0	envelope glycoprotein b	human betaherpesvirus 5
8vuj	H	L	0	glutamate receptor ionotropic, nmda 1	homo sapiens
8vuj	I	M	0	glutamate receptor ionotropic, nmda 1	homo sapiens
8vul	H	L	0	glutamate receptor ionotropic, nmda 1	homo sapiens
8vuq	G	I	0	glutamate receptor ionotropic, nmda 1	homo sapiens
8vur	H	L	0	glutamate receptor ionotropic, nmda 1	homo sapiens
8vus	E	F	0	glutamate receptor ionotropic, nmda 1	homo sapiens
8vus	H	L	0	glutamate receptor ionotropic, nmda 1	homo sapiens
8vuv	H	L	0	glutamate receptor ionotropic, nmda 1	homo sapiens
8vuy	H	L	0	glutamate receptor ionotropic, nmda 1	rattus norvegicus
8vuy	J	K	0	glutamate receptor ionotropic, nmda 1	rattus norvegicus
8vvh	H	L	0	glutamate receptor ionotropic, nmda 1	rattus norvegicus
8y4a	H	L	0	spike glycoprotein	severe acute respiratory syndrome coronavirus2 
8y4a	D	E	0	spike glycoprotein	severe acute respiratory syndrome coronavirus2 
8keh	G	F	0	spike glycoprotein	severe acute respiratory syndrome coronavirus2 
8tzy	A	B	0	envelope glycoprotein e2	hepatitis c virus (isolate 1)
8y4c	H	L	0	spike glycoprotein	severe acute respiratory syndrome coronavirus2 
8y4c	D	F	0	spike glycoprotein	severe acute respiratory syndrome coronavirus2 
8y4c	E	G	0	spike glycoprotein	severe acute respiratory syndrome coronavirus2 
8zhe	H	L	0	spike glycoprotein,fibritin,expression tag	severe acute respiratory syndrome coronavirus2, enterobacteria phage t6, synthetic construct 
8zhe	F	G	0	spike glycoprotein,fibritin,expression tag	severe acute respiratory syndrome coronavirus2, enterobacteria phage t6, synthetic construct 
8zhe	J	K	0	spike glycoprotein,fibritin,expression tag	severe acute respiratory syndrome coronavirus2, enterobacteria phage t6, synthetic construct 
8zhg	H	L	0	spike glycoprotein,fibritin,expression tag	severe acute respiratory syndrome coronavirus2, enterobacteria phage t6, synthetic construct 
8zho	D	E	0	spike glycoprotein	severe acute respiratory syndrome coronavirus2 
8zho	H	L	0	spike glycoprotein	severe acute respiratory syndrome coronavirus2 
8zhp	D	E	0	spike glycoprotein	severe acute respiratory syndrome coronavirus2 
8zhp	H	L	0	spike glycoprotein	severe acute respiratory syndrome coronavirus2 
8zhp	B	F	0	spike glycoprotein	severe acute respiratory syndrome coronavirus2 
8zhp	G	I	0	spike glycoprotein	severe acute respiratory syndrome coronavirus2 
8kdm	G	F	0	spike glycoprotein	severe acute respiratory syndrome coronavirus2 
8kdr	H	L	0	spike glycoprotein	severe acute respiratory syndrome coronavirus2 
8kds	E	D	0	spike glycoprotein	severe acute respiratory syndrome coronavirus2 
8kds	G	F	0	spike glycoprotein	severe acute respiratory syndrome coronavirus2 
8kds	I	H	0	spike glycoprotein	severe acute respiratory syndrome coronavirus2 
8kdt	H	L	0	spike glycoprotein	severe acute respiratory syndrome coronavirus2 
8kej	H	L	0	spike glycoprotein	severe acute respiratory syndrome coronavirus2 
8kek	H	L	0	spike glycoprotein	severe acute respiratory syndrome coronavirus2 
8keo	E	D	0	spike glycoprotein	severe acute respiratory syndrome coronavirus2 
8keo	G	F	0	spike glycoprotein	severe acute respiratory syndrome coronavirus2 
8keo	I	H	0	spike glycoprotein	severe acute respiratory syndrome coronavirus2 
8kep	H	L	0	spike glycoprotein	severe acute respiratory syndrome coronavirus2 
8keq	E	D	0	spike glycoprotein	severe acute respiratory syndrome coronavirus2 
8keq	G	F	0	spike glycoprotein	severe acute respiratory syndrome coronavirus2 
8ker	I	H	0	spike glycoprotein	severe acute respiratory syndrome coronavirus2 
8ker	E	D	0	spike glycoprotein	severe acute respiratory syndrome coronavirus2 
8ker	G	F	0	spike glycoprotein	severe acute respiratory syndrome coronavirus2 
8sdh	H	L	0	spike protein s1	severe acute respiratory syndrome coronavirus2 
8sdh	C	D	0	spike protein s1	severe acute respiratory syndrome coronavirus2 
8qkr	B	C	0	reticulocyte-binding protein-like protein 5	plasmodium falciparum
8qkr	E	F	0	reticulocyte-binding protein-like protein 5	plasmodium falciparum
8qks	C	B	0	reticulocyte-binding protein-like protein 5	plasmodium falciparum
8qks	F	E	0	reticulocyte-binding protein-like protein 5	plasmodium falciparum
8qks	J	I	0	reticulocyte-binding protein-like protein 5	plasmodium falciparum
8qks	L	K	0	reticulocyte-binding protein-like protein 5	plasmodium falciparum
8qks	P	O	0	reticulocyte-binding protein-like protein 5	plasmodium falciparum
8qks	R	Q	0	reticulocyte-binding protein-like protein 5	plasmodium falciparum
8qks	V	U	0	reticulocyte-binding protein-like protein 5	plasmodium falciparum
8qks	X	W	0	reticulocyte-binding protein-like protein 5	plasmodium falciparum
8yww	H	H	0	spike glycoprotein	severe acute respiratory syndrome coronavirus2 
8yww	E	D	0	spike glycoprotein	severe acute respiratory syndrome coronavirus2 
8yww	G	F	0	spike glycoprotein	severe acute respiratory syndrome coronavirus2 
8ywx	E	D	0	spike protein s2'	severe acute respiratory syndrome coronavirus2 
9bew	C	D	0	envelope glycoprotein gp120	human immunodeficiency virus 1
9bew	H	L	0	envelope glycoprotein gp120	human immunodeficiency virus 1
9bew	F	I	0	envelope glycoprotein gp120	human immunodeficiency virus 1
9bew	J	K	0	envelope glycoprotein gp120	human immunodeficiency virus 1
9bew	O	P	0	envelope glycoprotein gp120	human immunodeficiency virus 1
9bew	Q	R	0	envelope glycoprotein gp120	human immunodeficiency virus 1
8tgv	E	F	0	envelope glycoprotein e2	hepacivirus c
8tgv	B	C	0	envelope glycoprotein e2	hepacivirus c
8tgv	I	J	0	envelope glycoprotein e2	hepacivirus c
8thz	H	L	0	envelope glycoprotein e2	hepacivirus c
8thz	E	F	0	envelope glycoprotein e2	hepacivirus c
8vif	H	L	0	spike glycoprotein	severe acute respiratory syndrome coronavirus2 
8vke	H	L	0	spike glycoprotein	severe acute respiratory syndrome coronavirus2 
8vke	A	B	0	spike glycoprotein	severe acute respiratory syndrome coronavirus2 
8q5y	R	L	0	spike glycoprotein	severe acute respiratory syndrome coronavirus2 
8q5y	G	H	0	spike glycoprotein	severe acute respiratory syndrome coronavirus2 
8q5y	B	A	0	spike glycoprotein	severe acute respiratory syndrome coronavirus2 
8xse	H	L	0	spike protein s1	severe acute respiratory syndrome coronavirus2 
8xse	M	N	0	spike protein s1	severe acute respiratory syndrome coronavirus2 
8xsf	H	L	0	spike protein s1	severe acute respiratory syndrome coronavirus2 
8xsi	H	L	0	spike protein s1	severe acute respiratory syndrome coronavirus2 
8xsj	H	L	0	spike protein s1	severe acute respiratory syndrome coronavirus2 
8xsl	H	L	0	spike glycoprotein	severe acute respiratory syndrome coronavirus2 
8xsl	M	N	0	spike glycoprotein	severe acute respiratory syndrome coronavirus2 
8vui	A	G	0	erythropoietin receptor	homo sapiens
8vvm	A	G	0	erythropoietin receptor	homo sapiens
8vvm	B	C	0	erythropoietin receptor	homo sapiens
8vvo	A	G	0	erythropoietin receptor	homo sapiens
8vvo	B	C	0	erythropoietin receptor	homo sapiens
8s2e	H	L	0	envelope glycoprotein gp120	hiv whole-genome vector aa1305#18
8y6a	C	D	0	spike protein s1	severe acute respiratory syndrome coronavirus2 
8ghk	H	L	0	hemagglutinin	influenza a virus
8ghk	M	N	0	hemagglutinin	influenza a virus
8c0y	B	D	0	spike protein s2'	severe acute respiratory syndrome coronavirus2 
8qh0	H	L	0	spike protein s1	severe acute respiratory syndrome coronavirus2 
8qh1	H	L	0	spike glycoprotein	severe acute respiratory syndrome coronavirus2 
8rgz	D	E	0	envelope glycoprotein b	human alphaherpesvirus 1 strain f
8rgz	H	L	0	envelope glycoprotein b	human alphaherpesvirus 1 strain f
8rgz	F	G	0	envelope glycoprotein b	human alphaherpesvirus 1 strain f
8rh0	H	L	0	envelope glycoprotein b	human alphaherpesvirus 1
8rh0	D	E	0	envelope glycoprotein b	human alphaherpesvirus 1
8rh0	F	G	0	envelope glycoprotein b	human alphaherpesvirus 1
8rh1	D	E	0	envelope glycoprotein b	human herpesvirus 2 strain g
8rh1	H	L	0	envelope glycoprotein b	human herpesvirus 2 strain g
8rh1	F	G	0	envelope glycoprotein b	human herpesvirus 2 strain g
8rh2	H	L	0	envelope glycoprotein b	human herpesvirus 2 strain g
8rh2	D	E	0	envelope glycoprotein b	human herpesvirus 2 strain g
8rh2	F	G	0	envelope glycoprotein b	human herpesvirus 2 strain g
8rp8	A	B	0	leukocyte surface antigen cd47	homo sapiens
8rp8	H	L	0	leukocyte surface antigen cd47	homo sapiens
8rpb	H	L	0	programmed cell death 1 ligand 1	homo sapiens
8u31	C	B	0	programmed cell death protein 1	homo sapiens
8u32	C	B	0	programmed cell death protein 1	homo sapiens
8u32	F	E	0	programmed cell death protein 1	homo sapiens
8xbf	D	E	0	spike glycoprotein	severe acute respiratory syndrome coronavirus2 
8jiz	E	F	0	glutamate receptor ionotropic, nmda 1	homo sapiens
8yz5	G	K	0	spike glycoprotein	severe acute respiratory syndrome coronavirus2 
8hlc	H	L	0	spike glycoprotein	severe acute respiratory syndrome coronavirus2 
8hlc	I	M	0	spike glycoprotein	severe acute respiratory syndrome coronavirus2 
8hlc	J	N	0	spike glycoprotein	severe acute respiratory syndrome coronavirus2 
8hld	H	L	0	spike glycoprotein	severe acute respiratory syndrome coronavirus2 
8hld	I	M	0	spike glycoprotein	severe acute respiratory syndrome coronavirus2 
8hld	J	N	0	spike glycoprotein	severe acute respiratory syndrome coronavirus2 
8jj1	H	G	0	glutamate receptor ionotropic, nmda 1	homo sapiens
8jj1	E	F	0	glutamate receptor ionotropic, nmda 1	homo sapiens
8jmm	H	H	0	spike glycoprotein	severe acute respiratory syndrome coronavirus2 
8jmm	I	I	0	spike glycoprotein	severe acute respiratory syndrome coronavirus2 
8jmm	J	J	0	spike glycoprotein	severe acute respiratory syndrome coronavirus2 
8jmm	K	K	0	spike glycoprotein	severe acute respiratory syndrome coronavirus2 
8jmm	M	M	0	spike glycoprotein	severe acute respiratory syndrome coronavirus2 
8jmm	N	N	0	spike glycoprotein	severe acute respiratory syndrome coronavirus2 
8jmm	O	O	0	spike glycoprotein	severe acute respiratory syndrome coronavirus2 
8jmm	P	P	0	spike glycoprotein	severe acute respiratory syndrome coronavirus2 
8jmm	Q	Q	0	spike glycoprotein	severe acute respiratory syndrome coronavirus2 
8jmm	R	R	0	spike glycoprotein	severe acute respiratory syndrome coronavirus2 
8jmm	G	G	0	spike glycoprotein	severe acute respiratory syndrome coronavirus2 
8jmm	L	L	0	spike glycoprotein	severe acute respiratory syndrome coronavirus2 
8p5m	G	L	0	spike protein s1	severe acute respiratory syndrome coronavirus2 
8pwu	B	B	0	reticulocyte-binding protein homolog 5	plasmodium falciparum 3d7
8pwu	D	D	0	reticulocyte-binding protein homolog 5	plasmodium falciparum 3d7
8pwu	F	F	0	reticulocyte-binding protein homolog 5	plasmodium falciparum 3d7
8pwu	H	H	0	reticulocyte-binding protein homolog 5	plasmodium falciparum 3d7
8pwu	J	J	0	reticulocyte-binding protein homolog 5	plasmodium falciparum 3d7
8pwv	B	B	0	reticulocyte-binding protein homolog 5	plasmodium falciparum 3d7
8pwv	D	D	0	reticulocyte-binding protein homolog 5	plasmodium falciparum 3d7
8pwv	F	F	0	reticulocyte-binding protein homolog 5	plasmodium falciparum 3d7
8pwv	H	H	0	reticulocyte-binding protein homolog 5	plasmodium falciparum 3d7
8pww	B	B	0	reticulocyte-binding protein homolog 5	plasmodium falciparum 3d7
8pww	D	D	0	reticulocyte-binding protein homolog 5	plasmodium falciparum 3d7
8pwx	A	A	0	reticulocyte-binding protein homolog 5	plasmodium falciparum 3d7
8r9w	H	L	0	spike protein	deltacoronavirus
8r9w	D	F	0	spike protein	deltacoronavirus
8r9w	E	G	0	spike protein	deltacoronavirus
8r9y	B	C	0	spike protein	porcine deltacoronavirus
8r9y	H	L	0	spike protein	porcine deltacoronavirus
8r9z	B	C	0	spike protein	porcine deltacoronavirus
8r9z	H	L	0	spike protein	porcine deltacoronavirus
8v4f	B	D	0	spike protein s1	severe acute respiratory syndrome coronavirus2 
8x0x	G	K	0	spike protein s1	severe acute respiratory syndrome coronavirus2 
8x0x	H	L	0	spike protein s1	severe acute respiratory syndrome coronavirus2 
8x0y	E	F	0	spike protein s1	severe acute respiratory syndrome coronavirus2 
8x0y	G	I	0	spike protein s1	severe acute respiratory syndrome coronavirus2 
8yro	H	L	0	spike glycoprotein	severe acute respiratory syndrome coronavirus2 
8yro	B	C	0	spike glycoprotein	severe acute respiratory syndrome coronavirus2 
8yro	E	F	0	spike glycoprotein	severe acute respiratory syndrome coronavirus2 
9fgr	E	E	0	spike glycoprotein	severe acute respiratory syndrome coronavirus2 
9fgs	E	E	0	spike glycoprotein,fibritin	severe acute respiratory syndrome coronavirus2, enterobacteria phage t4 
9fgt	E	E	0	spike glycoprotein,fibritin	severe acute respiratory syndrome coronavirus2, enterobacteria phage t4 
8jin	P	P	0	spike glycoprotein	severe acute respiratory syndrome coronavirus2 
8jin	B	B	0	spike glycoprotein	severe acute respiratory syndrome coronavirus2 
8jio	C	B	0	spike glycoprotein	severe acute respiratory syndrome coronavirus2 
8c2r	F	E	0	spike glycoprotein	severe acute respiratory syndrome coronavirus2 
8c2r	R	L	0	spike glycoprotein	severe acute respiratory syndrome coronavirus2 
8swh	H	L	0	spike glycoprotein	severe acute respiratory syndrome coronavirus2 
8suo	I	M	0	spike protein s1	severe acute respiratory syndrome coronavirus2 
8suo	H	L	0	spike protein s1	severe acute respiratory syndrome coronavirus2 
8tnl	H	L	0	hemagglutinin	influenza a virus (a/shanghai/02/2013(h7n9))
8tnl	D	E	0	hemagglutinin	influenza a virus (a/shanghai/02/2013(h7n9))
8tnl	A	B	0	hemagglutinin	influenza a virus (a/shanghai/02/2013(h7n9))
8toa	H	L	0	hemagglutinin	influenza a virus (a/shanghai/02/2013(h7n9))
8toa	D	E	0	hemagglutinin	influenza a virus (a/shanghai/02/2013(h7n9))
8toa	A	B	0	hemagglutinin	influenza a virus (a/shanghai/02/2013(h7n9))
8zby	H	D	0	spike glycoprotein	severe acute respiratory syndrome coronavirus2 
8zby	G	E	0	spike glycoprotein	severe acute respiratory syndrome coronavirus2 
8zby	I	F	0	spike glycoprotein	severe acute respiratory syndrome coronavirus2 
8zc4	H	G	0	spike glycoprotein	severe acute respiratory syndrome coronavirus2 
8zc4	Q	M	0	spike glycoprotein	severe acute respiratory syndrome coronavirus2 
8zc4	R	N	0	spike glycoprotein	severe acute respiratory syndrome coronavirus2 
8zc5	E	C	0	spike protein s1	severe acute respiratory syndrome coronavirus2 
8zc5	F	D	0	spike protein s1	severe acute respiratory syndrome coronavirus2 
8qrf	A	B	0	spike protein s1	severe acute respiratory syndrome coronavirus2 
8qrf	H	L	0	spike protein s1	severe acute respiratory syndrome coronavirus2 
8qtd	H	L	0	spike glycoprotein,fibritin	severe acute respiratory syndrome coronavirus2 
8r8k	H	L	0	spike glycoprotein	severe acute respiratory syndrome coronavirus2 
8yx1	H	L	0	tumor necrosis factor receptor superfamily member 5	homo sapiens
8yx1	A	B	0	tumor necrosis factor receptor superfamily member 5	homo sapiens
8yx9	H	L	0	tumor necrosis factor receptor superfamily member 5	homo sapiens
8yx9	B	C	0	tumor necrosis factor receptor superfamily member 5	homo sapiens
8yx9	E	F	0	tumor necrosis factor receptor superfamily member 5	homo sapiens
8yx9	G	I	0	tumor necrosis factor receptor superfamily member 5	homo sapiens
8tqk	D	E	0	fusion glycoprotein f0	human respirovirus 3
8tqk	F	G	0	fusion glycoprotein f0	human respirovirus 3
8tqk	H	L	0	fusion glycoprotein f0	human respirovirus 3
8xea	A	B	0	spike glycoprotein	severe acute respiratory syndrome coronavirus2 
8xea	G	I	0	spike glycoprotein	severe acute respiratory syndrome coronavirus2 
8xea	H	J	0	spike glycoprotein	severe acute respiratory syndrome coronavirus2 
8xi6	D	E	0	spike glycoprotein	severe acute respiratory syndrome coronavirus2 
8xi6	F	G	0	spike glycoprotein	severe acute respiratory syndrome coronavirus2 
8xi6	H	I	0	spike glycoprotein	severe acute respiratory syndrome coronavirus2 
8f2x	H	L	0	spike protein s1	severe acute respiratory syndrome coronavirus2 
8khc	F	G	0	spike glycoprotein	severe acute respiratory syndrome coronavirus2 
8khc	H	J	0	spike glycoprotein	severe acute respiratory syndrome coronavirus2 
8khd	H	J	0	spike protein s1	severe acute respiratory syndrome coronavirus2 
8v7o	H	L	0	hemagglutinin	influenza a virus
8v7o	I	M	0	hemagglutinin	influenza a virus
8v7o	J	N	0	hemagglutinin	influenza a virus
8qzr	H	L	0	spike protein s1	severe acute respiratory syndrome coronavirus2 
8qzr	A	B	0	spike protein s1	severe acute respiratory syndrome coronavirus2 
8r4o	B	B	0	serine/threonine-protein kinase sik3	homo sapiens
8r4o	D	D	0	serine/threonine-protein kinase sik3	homo sapiens
8r4o	F	F	0	serine/threonine-protein kinase sik3	homo sapiens
8r4o	H	H	0	serine/threonine-protein kinase sik3	homo sapiens
8r4o	J	J	0	serine/threonine-protein kinase sik3	homo sapiens
8r4o	L	L	0	serine/threonine-protein kinase sik3	homo sapiens
8r4q	B	B	0	serine/threonine-protein kinase sik3	homo sapiens
8r4q	D	D	0	serine/threonine-protein kinase sik3	homo sapiens
8r4q	F	F	0	serine/threonine-protein kinase sik3	homo sapiens
8r4q	H	H	0	serine/threonine-protein kinase sik3	homo sapiens
8r4q	J	J	0	serine/threonine-protein kinase sik3	homo sapiens
8r4q	L	L	0	serine/threonine-protein kinase sik3	homo sapiens
8r4u	B	B	0	serine/threonine-protein kinase sik3	homo sapiens
8r4u	D	D	0	serine/threonine-protein kinase sik3	homo sapiens
8r4u	F	F	0	serine/threonine-protein kinase sik3	homo sapiens
8r4u	H	H	0	serine/threonine-protein kinase sik3	homo sapiens
8u1c	H	L	0	neuraminidase	influenza b virus (b/iowa/06/2017)
8u1q	H	L	0	neuraminidase	influenza b virus (b/iowa/06/2017)
8u1s	J	K	0	neuraminidase	influenza b virus (b/iowa/06/2017)
8u1s	G	I	0	neuraminidase	influenza b virus (b/iowa/06/2017)
8u1s	E	F	0	neuraminidase	influenza b virus (b/iowa/06/2017)
8u1s	H	L	0	neuraminidase	influenza b virus (b/iowa/06/2017)
8vye	B	C	0	spike glycoprotein	severe acute respiratory syndrome coronavirus2 
8vye	A	D	0	spike glycoprotein	severe acute respiratory syndrome coronavirus2 
8vye	H	L	0	spike glycoprotein	severe acute respiratory syndrome coronavirus2 
8vye	F	G	0	spike glycoprotein	severe acute respiratory syndrome coronavirus2 
8vye	I	J	0	spike glycoprotein	severe acute respiratory syndrome coronavirus2 
8vye	M	N	0	spike glycoprotein	severe acute respiratory syndrome coronavirus2 
8vye	P	Q	0	spike glycoprotein	severe acute respiratory syndrome coronavirus2 
8vye	R	S	0	spike glycoprotein	severe acute respiratory syndrome coronavirus2 
8vye	T	U	0	spike glycoprotein	severe acute respiratory syndrome coronavirus2 
8vyf	B	C	0	spike glycoprotein	severe acute respiratory syndrome coronavirus2 
8vyf	H	L	0	spike glycoprotein	severe acute respiratory syndrome coronavirus2 
8vyg	A	B	0	spike glycoprotein	severe acute respiratory syndrome coronavirus2 
8w0v	H	L	0	envelope glycoprotein e2	hepacivirus hominis
8w0w	H	L	0	envelope glycoprotein e2	hepacivirus hominis
8w0x	H	L	0	envelope glycoprotein e2	hepacivirus hominis
8w0y	A	B	0	envelope glycoprotein e2	hepacivirus hominis
8w0y	H	L	0	envelope glycoprotein e2	hepacivirus hominis
8gdr	C	D	0	spike glycoprotein	severe acute respiratory syndrome coronavirus2 
8oz3	A	B	0	tumor necrosis factor receptor superfamily member 9	homo sapiens
8oz3	H	L	0	tumor necrosis factor receptor superfamily member 9	homo sapiens
8r1c	H	L	0	spike glycoprotein,fibritin	severe acute respiratory syndrome coronavirus2, enterobacteria phage t4 
8r1c	D	E	0	spike glycoprotein,fibritin	severe acute respiratory syndrome coronavirus2, enterobacteria phage t4 
8r1c	F	G	0	spike glycoprotein,fibritin	severe acute respiratory syndrome coronavirus2, enterobacteria phage t4 
8r1d	F	G	0	spike glycoprotein,fibritin	homo sapiens, enterobacteria phage t4
8r1d	D	E	0	spike glycoprotein,fibritin	homo sapiens, enterobacteria phage t4
8r1d	H	L	0	spike glycoprotein,fibritin	homo sapiens, enterobacteria phage t4
8sdf	H	L	0	spike protein s1	severe acute respiratory syndrome coronavirus2 
8sdf	B	C	0	spike protein s1	severe acute respiratory syndrome coronavirus2 
8sdg	G	I	0	spike protein s1	severe acute respiratory syndrome coronavirus2 
8sdg	A	B	0	spike protein s1	severe acute respiratory syndrome coronavirus2 
8siq	H	L	0	spike protein s1	severe acute respiratory syndrome coronavirus2 
8siq	M	N	0	spike protein s1	severe acute respiratory syndrome coronavirus2 
8sir	H	L	0	spike protein s1	severe acute respiratory syndrome coronavirus2 
8sis	H	L	0	spike protein s1	severe acute respiratory syndrome coronavirus2 
8sit	H	L	0	spike protein s1	severe acute respiratory syndrome coronavirus2 
8sit	M	N	0	spike protein s1	severe acute respiratory syndrome coronavirus2 
8sit	O	P	0	spike protein s1	severe acute respiratory syndrome coronavirus2 
8sit	Q	S	0	spike protein s1	severe acute respiratory syndrome coronavirus2 
8xe9	A	B	0	spike protein s2'	severe acute respiratory syndrome coronavirus2 
8cma	H	L	0	spike protein s1	severe acute respiratory syndrome coronavirus2 
8gav	H	L	0	neuraminidase	influenza a virus
8jel	C	D	0	t-cell immunoreceptor with ig and itim domains	homo sapiens
8jel	A	B	0	t-cell immunoreceptor with ig and itim domains	homo sapiens
8jel	F	G	0	t-cell immunoreceptor with ig and itim domains	homo sapiens
8jel	I	K	0	t-cell immunoreceptor with ig and itim domains	homo sapiens
8jen	A	B	0	t-cell immunoreceptor with ig and itim domains	homo sapiens
8jen	C	D	0	t-cell immunoreceptor with ig and itim domains	homo sapiens
8jen	E	F	0	t-cell immunoreceptor with ig and itim domains	homo sapiens
8jen	G	H	0	t-cell immunoreceptor with ig and itim domains	homo sapiens
8jeo	B	C	0	t-cell immunoreceptor with ig and itim domains	homo sapiens
8jeo	E	F	0	t-cell immunoreceptor with ig and itim domains	homo sapiens
8cin	E	F	0	spike glycoprotein	severe acute respiratory syndrome coronavirus2 
8cin	H	L	0	spike glycoprotein	severe acute respiratory syndrome coronavirus2 
8cin	J	K	0	spike glycoprotein	severe acute respiratory syndrome coronavirus2 
8ekd	E	F	0	spike protein s2'	severe acute respiratory syndrome coronavirus
8pwh	B	A	0	receptor tyrosine-protein kinase erbb-2	homo sapiens
8pwh	D	C	0	receptor tyrosine-protein kinase erbb-2	homo sapiens
8cbd	H	L	0	spike protein s1	severe acute respiratory syndrome coronavirus2 
8cbd	E	F	0	spike protein s1	severe acute respiratory syndrome coronavirus2 
8cbd	G	I	0	spike protein s1	severe acute respiratory syndrome coronavirus2 
8cbd	J	K	0	spike protein s1	severe acute respiratory syndrome coronavirus2 
8cbd	A	B	0	spike protein s1	severe acute respiratory syndrome coronavirus2 
8cbd	C	D	0	spike protein s1	severe acute respiratory syndrome coronavirus2 
8cbe	H	L	0	spike protein s1	severe acute respiratory syndrome coronavirus2 
8cbe	A	B	0	spike protein s1	severe acute respiratory syndrome coronavirus2 
8cbf	A	B	0	spike protein s1	severe acute respiratory syndrome coronavirus2 
8cbf	H	L	0	spike protein s1	severe acute respiratory syndrome coronavirus2 
8sxj	C	D	0	envelope glycoprotein gp160	human immunodeficiency virus 1
8sxj	G	H	0	envelope glycoprotein gp160	human immunodeficiency virus 1
8sxj	K	L	0	envelope glycoprotein gp160	human immunodeficiency virus 1
8hp9	H	L	0	spike protein s2'	severe acute respiratory syndrome coronavirus2 
8hp9	M	N	0	spike protein s2'	severe acute respiratory syndrome coronavirus2 
8hp9	P	Q	0	spike protein s2'	severe acute respiratory syndrome coronavirus2 
8hp9	E	F	0	spike protein s2'	severe acute respiratory syndrome coronavirus2 
8hp9	I	J	0	spike protein s2'	severe acute respiratory syndrome coronavirus2 
8hp9	K	O	0	spike protein s2'	severe acute respiratory syndrome coronavirus2 
8hpq	H	L	0	spike protein s2'	severe acute respiratory syndrome coronavirus2 
8hpq	M	N	0	spike protein s2'	severe acute respiratory syndrome coronavirus2 
8hpq	P	Q	0	spike protein s2'	severe acute respiratory syndrome coronavirus2 
8hpq	E	F	0	spike protein s2'	severe acute respiratory syndrome coronavirus2 
8hpq	I	J	0	spike protein s2'	severe acute respiratory syndrome coronavirus2 
8hpq	R	S	0	spike protein s2'	severe acute respiratory syndrome coronavirus2 
8hpv	M	N	0	spike protein s2'	severe acute respiratory syndrome coronavirus2 
8hpv	H	L	0	spike protein s2'	severe acute respiratory syndrome coronavirus2 
8hpv	P	Q	0	spike protein s2'	severe acute respiratory syndrome coronavirus2 
8hpv	E	F	0	spike protein s2'	severe acute respiratory syndrome coronavirus2 
8hpv	I	J	0	spike protein s2'	severe acute respiratory syndrome coronavirus2 
8hpv	R	S	0	spike protein s2'	severe acute respiratory syndrome coronavirus2 
8qpr	E	D	0	spike glycoprotein,fibritin	severe acute respiratory syndrome coronavirus2, tequatrovirus t4 
8qq0	E	D	0	spike glycoprotein,fibritin	severe acute respiratory syndrome coronavirus2, enterobacteria phage t4 
8tma	H	L	0	spike glycoprotein	severe acute respiratory syndrome coronavirus2 
8kfa	H	L	0	envelope glycoprotein b	human herpesvirus 1 (strain kos)
8kfa	D	F	0	envelope glycoprotein b	human herpesvirus 1 (strain kos)
8kfa	E	G	0	envelope glycoprotein b	human herpesvirus 1 (strain kos)
7y3n	H	L	0	spike protein s1	severe acute respiratory syndrome coronavirus
7y3n	C	D	0	spike protein s1	severe acute respiratory syndrome coronavirus
7y3n	F	G	0	spike protein s1	severe acute respiratory syndrome coronavirus
7y3o	H	L	0	spike protein s1	severe acute respiratory syndrome coronavirus2 
8k5g	H	L	0	spike protein s1	severe acute respiratory syndrome coronavirus2 
8hpf	H	L	0	spike protein s2'	severe acute respiratory syndrome coronavirus2 
8hpf	M	N	0	spike protein s2'	severe acute respiratory syndrome coronavirus2 
8hpu	H	L	0	spike protein s2'	severe acute respiratory syndrome coronavirus2 
8hpu	M	N	0	spike protein s2'	severe acute respiratory syndrome coronavirus2 
8hq7	M	N	0	spike protein s1	severe acute respiratory syndrome coronavirus2 
8hq7	H	L	0	spike protein s1	severe acute respiratory syndrome coronavirus2 
8hrd	O	P	0	spike protein s1	severe acute respiratory syndrome coronavirus2 
8hrd	D	F	0	spike protein s1	severe acute respiratory syndrome coronavirus2 
8hrd	C	E	0	spike protein s1	severe acute respiratory syndrome coronavirus2 
8hrd	G	H	0	spike protein s1	severe acute respiratory syndrome coronavirus2 
8hrd	L	M	0	spike protein s1	severe acute respiratory syndrome coronavirus2 
8hrd	N	Q	0	spike protein s1	severe acute respiratory syndrome coronavirus2 
8hrd	W	X	0	spike protein s1	severe acute respiratory syndrome coronavirus2 
8hrd	Y	Z	0	spike protein s1	severe acute respiratory syndrome coronavirus2 
7ycy	D	E	0	spike glycoprotein	severe acute respiratory syndrome coronavirus
7ycy	F	G	0	spike glycoprotein	severe acute respiratory syndrome coronavirus
7ycy	H	I	0	spike glycoprotein	severe acute respiratory syndrome coronavirus
7ycz	D	E	0	spike glycoprotein	severe acute respiratory syndrome coronavirus
7ycz	F	G	0	spike glycoprotein	severe acute respiratory syndrome coronavirus
7ycz	H	I	0	spike glycoprotein	severe acute respiratory syndrome coronavirus
7yd0	D	E	0	spike glycoprotein	severe acute respiratory syndrome coronavirus
7yd0	F	G	0	spike glycoprotein	severe acute respiratory syndrome coronavirus
8d4r	D	E	0	envelope glycoprotein gp41	human immunodeficiency virus 1
8d4r	H	L	0	envelope glycoprotein gp120	human immunodeficiency virus 1
8f2j	A	B	0	spike protein s1	severe acute respiratory syndrome coronavirus2 
8f2j	D	F	0	spike protein s1	severe acute respiratory syndrome coronavirus2 
8f2j	H	L	0	spike protein s1	severe acute respiratory syndrome coronavirus2 
8f2j	I	J	0	spike protein s1	severe acute respiratory syndrome coronavirus2 
8f38	D	G	0	hemagglutinin	synthetic construct
8f38	E	H	0	hemagglutinin	synthetic construct
8f38	F	I	0	hemagglutinin	synthetic construct
8smi	H	L	0	spike protein s1	severe acute respiratory syndrome coronavirus2 
8hws	H	L	0	spike protein s2'	severe acute respiratory syndrome coronavirus2 
8hws	D	E	0	spike protein s2'	severe acute respiratory syndrome coronavirus2 
8hws	I	J	0	spike protein s2'	severe acute respiratory syndrome coronavirus2 
8hwt	H	L	0	spike protein s2'	severe acute respiratory syndrome coronavirus2 
8hwt	D	E	0	spike protein s2'	severe acute respiratory syndrome coronavirus2 
8j1t	H	K	0	spike protein	severe acute respiratory syndrome coronavirus2 
8j1v	H	K	0	spike protein s2'	severe acute respiratory syndrome coronavirus2 
8j1v	C	D	0	spike protein s2'	severe acute respiratory syndrome coronavirus2 
8j1v	F	G	0	spike protein s2'	severe acute respiratory syndrome coronavirus2 
8t9z	H	L	0	fusion glycoprotein f0	human metapneumovirus
8wsq	A	B	0	fusion glycoprotein f0	respiratory syncytial virus
8bg1	A	B	0	spike protein s1	homo sapiens
8bg1	D	E	0	spike protein s1	homo sapiens
8bg1	G	H	0	spike protein s1	homo sapiens
8bg1	J	K	0	spike protein s1	homo sapiens
8bg2	A	A	0	spike protein s1	severe acute respiratory syndrome coronavirus2 
8bg2	C	C	0	spike protein s1	severe acute respiratory syndrome coronavirus2 
8bg3	A	A	0	spike protein s1	severe acute respiratory syndrome coronavirus2 
8bg3	C	C	0	spike protein s1	severe acute respiratory syndrome coronavirus2 
8bg4	A	A	0	spike protein s1	severe acute respiratory syndrome coronavirus2 
8bg4	C	C	0	spike protein s1	severe acute respiratory syndrome coronavirus2 
8bg5	A	A	0	spike protein s1	severe acute respiratory syndrome coronavirus2 
8bg5	C	C	0	spike protein s1	severe acute respiratory syndrome coronavirus2 
8bg8	H	L	0	spike glycoprotein	severe acute respiratory syndrome coronavirus2 
8ez3	H	L	0	neuraminidase	influenza a virus (a/moscow/10/1999(h3n2))
8ez7	H	L	0	neuraminidase	influenza a virus (a/moscow/10/1999(h3n2))
8ez8	H	L	0	neuraminidase	influenza a virus (a/moscow/10/1999(h3n2))
8hes	H	L	0	spike protein s1	severe acute respiratory syndrome coronavirus2 
8ttw	M	N	0	envelope glycoprotein gp160	human immunodeficiency virus 1
8ttw	O	P	0	envelope glycoprotein gp160	human immunodeficiency virus 1
8ttw	Q	R	0	envelope glycoprotein gp160	human immunodeficiency virus 1
8bec	A	A	0	spike protein s1	severe acute respiratory syndrome coronavirus2 
8bec	C	C	0	spike protein s1	severe acute respiratory syndrome coronavirus2 
8pq2	H	L	0	spike protein s2'	severe acute respiratory syndrome coronavirus2 
8hgl	H	L	0	spike glycoprotein	severe acute respiratory syndrome coronavirus2 
8hgl	C	D	0	spike glycoprotein	severe acute respiratory syndrome coronavirus2 
8hgl	F	G	0	spike glycoprotein	severe acute respiratory syndrome coronavirus2 
8hgm	C	D	0	spike glycoprotein	severe acute respiratory syndrome coronavirus2 
8eqf	H	L	0	spike protein s1	severe acute respiratory syndrome coronavirus2 
8tp2	H	L	0	hemagglutinin	homo sapiens
8tp3	H	L	0	hemagglutinin ha1 chain	influenza a virus (a/newcaledonia/20/1999(h1n1)) 
8tp4	H	L	0	hemagglutinin	influenza a virus (a/singapore/1/1957(h2n2))
8tp5	E	F	0	hemagglutinin ha1 chain	influenza a virus (a/newcaledonia/20/1999(h1n1)) 
8tp5	H	L	0	hemagglutinin ha1 chain	influenza a virus (a/newcaledonia/20/1999(h1n1)) 
8tp5	J	K	0	hemagglutinin ha1 chain	influenza a virus (a/newcaledonia/20/1999(h1n1)) 
8tp6	H	L	0	hemagglutinin	influenza a virus (a/singapore/1/1957(h2n2))
8tp6	C	D	0	hemagglutinin	influenza a virus (a/singapore/1/1957(h2n2))
8tp6	F	G	0	hemagglutinin	influenza a virus (a/singapore/1/1957(h2n2))
8tp7	D	F	0	hemagglutinin	influenza a virus (a/singapore/1/1957(h2n2))
8tp7	E	G	0	hemagglutinin	influenza a virus (a/singapore/1/1957(h2n2))
8tp7	H	L	0	hemagglutinin	influenza a virus (a/singapore/1/1957(h2n2))
8tp9	D	F	0	hemagglutinin	influenza a virus (a/singapore/1/1957(h2n2))
8tp9	E	G	0	hemagglutinin	influenza a virus (a/singapore/1/1957(h2n2))
8tp9	H	L	0	hemagglutinin	influenza a virus (a/singapore/1/1957(h2n2))
7ukl	X	Y	0	spike glycoprotein	severe acute respiratory syndrome coronavirus2 
7ukl	H	L	0	spike glycoprotein	severe acute respiratory syndrome coronavirus2 
7ukl	M	N	0	spike glycoprotein	severe acute respiratory syndrome coronavirus2 
7ukm	X	Y	0	spike glycoprotein	severe acute respiratory syndrome coronavirus2 
7ukm	H	L	0	spike glycoprotein	severe acute respiratory syndrome coronavirus2 
7ukm	M	N	0	spike glycoprotein	severe acute respiratory syndrome coronavirus2 
8fxb	H	L	0	spike protein s1	severe acute respiratory syndrome coronavirus
8fxc	H	L	0	spike protein s1	severe acute respiratory syndrome coronavirus2 
8gy5	A	B	0	programmed cell death protein 1	homo sapiens
8gy5	H	L	0	programmed cell death protein 1	homo sapiens
8i3s	H	L	0	spike glycoprotein	severe acute respiratory syndrome coronavirus2 
8i3u	H	L	0	spike glycoprotein	severe acute respiratory syndrome coronavirus2 
8s9g	H	L	0	spike glycoprotein	severe acute respiratory syndrome coronavirus
8gye	E	F	0	tumor necrosis factor receptor superfamily member 9	homo sapiens
8q6j	B	A	0	receptor tyrosine-protein kinase erbb-2	homo sapiens
8q6j	D	C	0	receptor tyrosine-protein kinase erbb-2	homo sapiens
8szy	A	B	0	t-cell immunoreceptor with ig and itim domains	homo sapiens
8szy	H	L	0	t-cell immunoreceptor with ig and itim domains	homo sapiens
8szy	C	D	0	t-cell immunoreceptor with ig and itim domains	homo sapiens
8szy	I	M	0	t-cell immunoreceptor with ig and itim domains	homo sapiens
8f0i	C	D	0	spike protein s1	severe acute respiratory syndrome coronavirus2 
8f0i	E	F	0	spike protein s1	severe acute respiratory syndrome coronavirus2 
8f0i	H	I	0	spike protein s1	severe acute respiratory syndrome coronavirus2 
8gsb	H	K	0	spike protein s1	severe acute respiratory syndrome coronavirus2 
8gpy	C	D	0	spike protein s1	severe acute respiratory syndrome coronavirus2 
8gpy	E	F	0	spike protein s1	severe acute respiratory syndrome coronavirus2 
8gnh	H	L	0	spike glycoprotein	severe acute respiratory syndrome coronavirus2 
8h7l	D	G	0	spike glycoprotein	severe acute respiratory syndrome coronavirus2 
8h7l	E	H	0	spike glycoprotein	severe acute respiratory syndrome coronavirus2 
8h7l	F	I	0	spike glycoprotein	severe acute respiratory syndrome coronavirus2 
8h7z	F	I	0	spike glycoprotein	severe acute respiratory syndrome coronavirus2 
8gf2	C	D	0	spike protein s1	severe acute respiratory syndrome coronavirus2 
8gf2	H	L	0	spike protein s1	severe acute respiratory syndrome coronavirus2 
8gf2	E	F	0	spike protein s1	severe acute respiratory syndrome coronavirus2 
8gf2	X	Y	0	spike protein s1	severe acute respiratory syndrome coronavirus2 
7t9t	C	D	0	envelope glycoprotein gp160	human immunodeficiency virus 1
7t9t	G	H	0	envelope glycoprotein gp160	human immunodeficiency virus 1
7t9t	K	L	0	envelope glycoprotein gp160	human immunodeficiency virus 1
7yrn	D	E	0	envelope glycoprotein b	human betaherpesvirus 5
7yrn	F	G	0	envelope glycoprotein b	human betaherpesvirus 5
7yrn	H	I	0	envelope glycoprotein b	human betaherpesvirus 5
8e2u	H	L	0	fusion glycoprotein f0	human metapneumovirus a
8eay	H	L	0	fusion glycoprotein f0	human metapneumovirus a
8ebp	H	L	0	fusion glycoprotein f0	human metapneumovirus a
8ebp	I	M	0	fusion glycoprotein f0	human metapneumovirus a
8ezk	H	H	0	25 kda ookinete surface antigen	plasmodium falciparum (isolate nf54)
8ezk	I	I	0	25 kda ookinete surface antigen	plasmodium falciparum (isolate nf54)
8ezm	H	H	0	25 kda ookinete surface antigen	plasmodium falciparum
8e6j	H	L	0	neuraminidase	influenza a virus (a/brevigmission/1/1918(h1n1)) 
8e6j	E	I	0	neuraminidase	influenza a virus (a/brevigmission/1/1918(h1n1)) 
8e6j	F	J	0	neuraminidase	influenza a virus (a/brevigmission/1/1918(h1n1)) 
8e6j	G	K	0	neuraminidase	influenza a virus (a/brevigmission/1/1918(h1n1)) 
8e6k	H	L	0	neuraminidase	influenza a virus (a/brevigmission/1/1918(h1n1)) 
8e6k	E	I	0	neuraminidase	influenza a virus (a/brevigmission/1/1918(h1n1)) 
8e6k	F	J	0	neuraminidase	influenza a virus (a/brevigmission/1/1918(h1n1)) 
8e6k	G	K	0	neuraminidase	influenza a virus (a/brevigmission/1/1918(h1n1)) 
7trh	H	B	0	hemagglutinin	influenza a virus
7tri	Z	Y	0	hemagglutinin	influenza a virus (a/sydney/5/1997(h3n2))
8dtk	C	B	0	spike protein s1	severe acute respiratory syndrome coronavirus2 
8dyw	H	L	0	circumsporozoite protein	plasmodium falciparum
8dyw	A	B	0	circumsporozoite protein	plasmodium falciparum
8dyw	C	D	0	circumsporozoite protein	plasmodium falciparum
8dyw	E	F	0	circumsporozoite protein	plasmodium falciparum
8dyw	M	N	0	circumsporozoite protein	plasmodium falciparum
8dyw	O	P	0	circumsporozoite protein	plasmodium falciparum
8dyw	Q	R	0	circumsporozoite protein	plasmodium falciparum
8dyw	S	T	0	circumsporozoite protein	plasmodium falciparum
8dyw	U	V	0	circumsporozoite protein	plasmodium falciparum
8dyw	W	X	0	circumsporozoite protein	plasmodium falciparum
8dyx	H	L	0	circumsporozoite protein	plasmodium falciparum
8dyx	A	B	0	circumsporozoite protein	plasmodium falciparum
8dyx	C	D	0	circumsporozoite protein	plasmodium falciparum
8dyx	E	F	0	circumsporozoite protein	plasmodium falciparum
8dyx	M	N	0	circumsporozoite protein	plasmodium falciparum
8dyx	O	P	0	circumsporozoite protein	plasmodium falciparum
8dyx	Q	R	0	circumsporozoite protein	plasmodium falciparum
8dyx	S	T	0	circumsporozoite protein	plasmodium falciparum
8dyx	U	V	0	circumsporozoite protein	plasmodium falciparum
8dyx	W	X	0	circumsporozoite protein	plasmodium falciparum
8dyx	Y	Z	0	circumsporozoite protein	plasmodium falciparum
8dyy	H	L	0	circumsporozoite protein	plasmodium falciparum
8dyy	A	B	0	circumsporozoite protein	plasmodium falciparum
8dyy	C	D	0	circumsporozoite protein	plasmodium falciparum
8dyy	E	F	0	circumsporozoite protein	plasmodium falciparum
8dyy	M	N	0	circumsporozoite protein	plasmodium falciparum
8dyy	O	P	0	circumsporozoite protein	plasmodium falciparum
8dyy	Q	R	0	circumsporozoite protein	plasmodium falciparum
8dyy	S	T	0	circumsporozoite protein	plasmodium falciparum
8dyy	U	V	0	circumsporozoite protein	plasmodium falciparum
8dz3	H	L	0	circumsporozoite protein	plasmodium falciparum
8dz3	A	B	0	circumsporozoite protein	plasmodium falciparum
8dz3	C	D	0	circumsporozoite protein	plasmodium falciparum
8dz3	E	F	0	circumsporozoite protein	plasmodium falciparum
8dz3	M	N	0	circumsporozoite protein	plasmodium falciparum
8dz3	O	P	0	circumsporozoite protein	plasmodium falciparum
8dz3	Q	R	0	circumsporozoite protein	plasmodium falciparum
8dz4	H	L	0	circumsporozoite protein	plasmodium falciparum
8dz4	A	B	0	circumsporozoite protein	plasmodium falciparum
8dz4	C	D	0	circumsporozoite protein	plasmodium falciparum
8dz4	E	F	0	circumsporozoite protein	plasmodium falciparum
8dz4	M	N	0	circumsporozoite protein	plasmodium falciparum
8dz4	O	P	0	circumsporozoite protein	plasmodium falciparum
8dz4	Q	R	0	circumsporozoite protein	plasmodium falciparum
8dz4	S	T	0	circumsporozoite protein	plasmodium falciparum
8dz4	U	V	0	circumsporozoite protein	plasmodium falciparum
8dz4	W	X	0	circumsporozoite protein	plasmodium falciparum
8dz4	Y	Z	0	circumsporozoite protein	plasmodium falciparum
5xj3	A	B	0	cytotoxic t-lymphocyte protein 4	homo sapiens
5xj3	D	E	0	cytotoxic t-lymphocyte protein 4	homo sapiens
5xj3	G	H	0	cytotoxic t-lymphocyte protein 4	homo sapiens
5xj3	J	K	0	cytotoxic t-lymphocyte protein 4	homo sapiens
5xj4	H	L	0	programmed cell death 1 ligand 1	homo sapiens
7yds	B	C	0	programmed cell death 1 ligand 1	homo sapiens
7yh6	H	L	0	spike protein s1	severe acute respiratory syndrome coronavirus2 
7yh7	P	Q	0	spike glycoprotein	severe acute respiratory syndrome coronavirus2 
7yh7	S	R	0	spike glycoprotein	severe acute respiratory syndrome coronavirus2 
7yh7	V	U	0	spike glycoprotein	severe acute respiratory syndrome coronavirus2 
8el2	H	L	0	spike protein s1	severe acute respiratory syndrome coronavirus2 
8el2	I	K	0	spike protein s1	severe acute respiratory syndrome coronavirus2 
8elj	S	T	0	spike glycoprotein	severe acute respiratory syndrome coronavirus2 
8elj	U	V	0	spike glycoprotein	severe acute respiratory syndrome coronavirus2 
8elj	W	X	0	spike glycoprotein	severe acute respiratory syndrome coronavirus2 
7xd2	D	J	0	spike glycoprotein	severe acute respiratory syndrome coronavirus2 
7xd2	E	H	0	spike glycoprotein	severe acute respiratory syndrome coronavirus2 
7xd2	I	L	0	spike glycoprotein	severe acute respiratory syndrome coronavirus2 
7yd1	A	B	0	spike protein s1	severe acute respiratory syndrome coronavirus2 
8gto	H	L	0	spike glycoprotein	severe acute respiratory syndrome coronavirus2 
8gto	I	M	0	spike glycoprotein	severe acute respiratory syndrome coronavirus2 
8gto	J	N	0	spike glycoprotein	severe acute respiratory syndrome coronavirus2 
8gtp	H	L	0	spike glycoprotein	severe acute respiratory syndrome coronavirus2 
8gtp	I	M	0	spike glycoprotein	severe acute respiratory syndrome coronavirus2 
8gtp	J	N	0	spike glycoprotein	severe acute respiratory syndrome coronavirus2 
8gtq	H	L	0	spike glycoprotein	severe acute respiratory syndrome coronavirus2 
8gtq	I	M	0	spike glycoprotein	severe acute respiratory syndrome coronavirus2 
8gtq	J	N	0	spike glycoprotein	severe acute respiratory syndrome coronavirus2 
8c8t	C	D	0	envelope glycoprotein gp160	human immunodeficiency virus 1
8c8t	H	K	0	envelope glycoprotein gp160	human immunodeficiency virus 1
8c8t	R	T	0	envelope glycoprotein gp160	human immunodeficiency virus 1
8c8t	S	U	0	envelope glycoprotein gp160	human immunodeficiency virus 1
8cim	D	E	0	spike glycoprotein,fibritin	severe acute respiratory syndrome coronavirus2, enterobacteria phage t4 
8cim	F	G	0	spike glycoprotein,fibritin	severe acute respiratory syndrome coronavirus2, enterobacteria phage t4 
8cim	H	L	0	spike glycoprotein,fibritin	severe acute respiratory syndrome coronavirus2, enterobacteria phage t4 
8e1g	H	L	0	spike protein s1	severe acute respiratory syndrome coronavirus2 
8e1g	V	T	0	spike protein s1	severe acute respiratory syndrome coronavirus2 
8gou	I	J	0	spike glycoprotein	severe acute respiratory syndrome coronavirus2 
8gou	H	K	0	spike glycoprotein	severe acute respiratory syndrome coronavirus2 
8smt	A	B	0	spike protein s1	severe acute respiratory syndrome coronavirus2 
8smt	D	F	0	spike protein s1	severe acute respiratory syndrome coronavirus2 
8smt	H	L	0	spike protein s1	severe acute respiratory syndrome coronavirus2 
8smt	I	J	0	spike protein s1	severe acute respiratory syndrome coronavirus2 
7ytn	H	L	0	spike protein s1	severe acute respiratory syndrome coronavirus2 
7yve	I	H	0	spike glycoprotein	severe acute respiratory syndrome coronavirus2 
7yve	L	K	0	spike glycoprotein	severe acute respiratory syndrome coronavirus2 
7yve	O	N	0	spike glycoprotein	severe acute respiratory syndrome coronavirus2 
7yvf	C	A	0	spike glycoprotein	severe acute respiratory syndrome coronavirus2 
7yvg	I	H	0	spike glycoprotein	severe acute respiratory syndrome coronavirus2 
7yvg	K	J	0	spike glycoprotein	severe acute respiratory syndrome coronavirus2 
7yvg	M	L	0	spike glycoprotein	severe acute respiratory syndrome coronavirus2 
7yvh	C	A	0	spike glycoprotein	severe acute respiratory syndrome coronavirus2 
7yvi	J	H	0	spike glycoprotein	severe acute respiratory syndrome coronavirus2 
7yvi	O	N	0	spike glycoprotein	severe acute respiratory syndrome coronavirus2 
7yvi	K	I	0	spike glycoprotein	severe acute respiratory syndrome coronavirus2 
7yvj	C	A	0	spike glycoprotein	severe acute respiratory syndrome coronavirus2 
7yvk	H	I	0	spike glycoprotein	severe acute respiratory syndrome coronavirus2 
7yvk	K	L	0	spike glycoprotein	severe acute respiratory syndrome coronavirus2 
7yvk	N	O	0	spike glycoprotein	severe acute respiratory syndrome coronavirus2 
7yvl	A	C	0	spike glycoprotein	severe acute respiratory syndrome coronavirus2 
7yvm	C	A	0	spike glycoprotein	severe acute respiratory syndrome coronavirus2 
7yvn	L	K	0	spike glycoprotein	severe acute respiratory syndrome coronavirus2 
7yvn	O	N	0	spike glycoprotein	severe acute respiratory syndrome coronavirus2 
7yvo	I	H	0	spike glycoprotein	severe acute respiratory syndrome coronavirus2 
7yvo	K	J	0	spike glycoprotein	severe acute respiratory syndrome coronavirus2 
7yvo	M	L	0	spike glycoprotein	severe acute respiratory syndrome coronavirus2 
7yvo	O	N	0	spike glycoprotein	severe acute respiratory syndrome coronavirus2 
7yvp	L	M	0	spike glycoprotein	severe acute respiratory syndrome coronavirus2 
7yvp	P	O	0	spike glycoprotein	severe acute respiratory syndrome coronavirus2 
7yvp	K	H	0	spike glycoprotein	severe acute respiratory syndrome coronavirus2 
7y6l	H	L	0	spike glycoprotein	severe acute respiratory syndrome coronavirus2 
8j1q	B	A	0	spike protein s1	severe acute respiratory syndrome coronavirus2 
8j26	B	A	0	spike protein s1	severe acute respiratory syndrome coronavirus2 
8eoo	A	B	0	spike protein s1	severe acute respiratory syndrome coronavirus2 
8eoo	E	J	0	spike protein s1	severe acute respiratory syndrome coronavirus2 
8eoo	F	K	0	spike protein s1	severe acute respiratory syndrome coronavirus2 
8eoo	H	L	0	spike protein s1	severe acute respiratory syndrome coronavirus2 
7wt7	H	D	0	spike glycoprotein	severe acute respiratory syndrome coronavirus2 
7wt8	H	D	0	spike glycoprotein	severe acute respiratory syndrome coronavirus2 
7wt8	J	I	0	spike glycoprotein	severe acute respiratory syndrome coronavirus2 
7vzt	B	C	0	spike protein s1	severe acute respiratory syndrome coronavirus2 
7xeg	C	D	0	spike protein s1	severe acute respiratory syndrome coronavirus2 
7xeg	E	F	0	spike protein s1	severe acute respiratory syndrome coronavirus2 
7xei	C	D	0	spike protein s1	severe acute respiratory syndrome coronavirus2 
7xei	E	F	0	spike protein s1	severe acute respiratory syndrome coronavirus2 
7xjf	A	B	0	leukocyte surface antigen cd47	homo sapiens
8dww	H	L	0	e2 glycoprotein	chikungunya virus strain senegal 37997
8dww	V	U	0	e2 glycoprotein	chikungunya virus strain senegal 37997
8dww	X	W	0	e2 glycoprotein	chikungunya virus strain senegal 37997
8dww	Z	Y	0	e2 glycoprotein	chikungunya virus strain senegal 37997
8dwx	H	L	0	e2 glycoprotein	chikungunya virus strain senegal 37997
8dwx	V	U	0	e2 glycoprotein	chikungunya virus strain senegal 37997
8dwx	X	W	0	e2 glycoprotein	chikungunya virus strain senegal 37997
8dwx	Z	Y	0	e2 glycoprotein	chikungunya virus strain senegal 37997
8dwy	H	L	0	e2 glycoprotein	chikungunya virus strain senegal 37997
8dwy	V	U	0	e2 glycoprotein	chikungunya virus strain senegal 37997
8dwy	X	W	0	e2 glycoprotein	chikungunya virus strain senegal 37997
8dwy	Z	Y	0	e2 glycoprotein	chikungunya virus strain senegal 37997
8g30	E	F	0	neuraminidase	influenza a virus
8g30	G	I	0	neuraminidase	influenza a virus
8g30	H	L	0	neuraminidase	influenza a virus
8g30	J	K	0	neuraminidase	influenza a virus
8g3m	E	F	0	neuraminidase	influenza a virus
8g3m	A	D	0	neuraminidase	influenza a virus
8g3m	C	I	0	neuraminidase	influenza a virus
8g3n	E	F	0	neuraminidase	influenza a virus
8g3n	A	D	0	neuraminidase	influenza a virus
8g3n	B	H	0	neuraminidase	influenza a virus
8g3n	C	I	0	neuraminidase	influenza a virus
8g3o	E	F	0	neuraminidase	influenza a virus
8g3o	A	D	0	neuraminidase	influenza a virus
8g3o	C	I	0	neuraminidase	influenza a virus
8g3p	C	I	0	neuraminidase	influenza a virus
8g3p	F	J	0	neuraminidase	influenza a virus
8g3p	G	K	0	neuraminidase	influenza a virus
8g3p	H	L	0	neuraminidase	influenza a virus
8g3q	C	B	0	neuraminidase	influenza a virus
8g3q	I	D	0	neuraminidase	influenza a virus
8g3q	A	L	0	neuraminidase	influenza a virus
8g3r	C	B	0	neuraminidase	influenza a virus
8g3v	A	L	0	neuraminidase	influenza a virus
8g3v	B	M	0	neuraminidase	influenza a virus
8g3v	C	N	0	neuraminidase	influenza a virus
8g3v	D	O	0	neuraminidase	influenza a virus
8g3z	H	L	0	neuraminidase	influenza b virus
8g3z	E	F	0	neuraminidase	influenza b virus
8g3z	G	I	0	neuraminidase	influenza b virus
8g3z	J	K	0	neuraminidase	influenza b virus
8g40	A	L	0	neuraminidase	influenza a virus
8g40	B	M	0	neuraminidase	influenza a virus
8g40	C	N	0	neuraminidase	influenza a virus
8h07	E	J	0	spike glycoprotein	severe acute respiratory syndrome coronavirus2 
8h07	N	O	0	spike glycoprotein	severe acute respiratory syndrome coronavirus2 
8h07	G	H	0	spike glycoprotein	severe acute respiratory syndrome coronavirus2 
8h07	I	K	0	spike glycoprotein	severe acute respiratory syndrome coronavirus2 
8h07	M	P	0	spike glycoprotein	severe acute respiratory syndrome coronavirus2 
8h07	Q	R	0	spike glycoprotein	severe acute respiratory syndrome coronavirus2 
8h08	D	J	0	spike glycoprotein	severe acute respiratory syndrome coronavirus2 
8h08	N	O	0	spike glycoprotein	severe acute respiratory syndrome coronavirus2 
8h08	F	H	0	spike glycoprotein	severe acute respiratory syndrome coronavirus2 
8h08	I	K	0	spike glycoprotein	severe acute respiratory syndrome coronavirus2 
8h08	L	P	0	spike glycoprotein	severe acute respiratory syndrome coronavirus2 
8h08	Q	R	0	spike glycoprotein	severe acute respiratory syndrome coronavirus2 
7xsc	A	B	0	spike protein s1	severe acute respiratory syndrome coronavirus2 
7xsc	D	H	0	spike protein s1	severe acute respiratory syndrome coronavirus2 
8cwi	H	L	0	spike protein s1	severe acute respiratory syndrome coronavirus2 
8cwj	H	L	0	spike glycoprotein	pangolin coronavirus
8cwj	A	B	0	spike glycoprotein	pangolin coronavirus
8cwj	J	K	0	spike glycoprotein	pangolin coronavirus
8cwj	U	V	0	spike glycoprotein	pangolin coronavirus
8cwk	H	L	0	spike protein s1	severe acute respiratory syndrome coronavirus2 
8cwk	A	B	0	spike protein s1	severe acute respiratory syndrome coronavirus2 
8dnn	B	C	0	spike protein s1	severe acute respiratory syndrome coronavirus2 
8dnn	E	F	0	spike protein s1	severe acute respiratory syndrome coronavirus2 
7st5	H	L	0	tyrosine-protein phosphatase non-receptor type substrate 1	homo sapiens
7st5	h	l	0	tyrosine-protein phosphatase non-receptor type substrate 1	homo sapiens
8bse	H	L	0	spike glycoprotein	severe acute respiratory syndrome coronavirus2 
8bsf	H	L	0	spike protein s1	severe acute respiratory syndrome coronavirus2 
8csj	H	L	0	spike glycoprotein	severe acute respiratory syndrome coronavirus2 
8csj	D	E	0	spike glycoprotein	severe acute respiratory syndrome coronavirus2 
8csj	F	G	0	spike glycoprotein	severe acute respiratory syndrome coronavirus2 
8hn6	A	B	0	spike protein s1	severe acute respiratory syndrome coronavirus2 
8hn6	C	D	0	spike protein s1	severe acute respiratory syndrome coronavirus2 
8hn7	B	A	0	spike protein s1	severe acute respiratory syndrome coronavirus2 
8hn7	D	C	0	spike protein s1	severe acute respiratory syndrome coronavirus2 
7xsa	B	C	0	spike protein s1	severe acute respiratory syndrome coronavirus2 
7xsa	H	I	0	spike protein s1	severe acute respiratory syndrome coronavirus2 
7xsb	H	L	0	spike protein s1	severe acute respiratory syndrome coronavirus2 
7xsb	D	F	0	spike protein s1	severe acute respiratory syndrome coronavirus2 
7xsb	G	I	0	spike protein s1	severe acute respiratory syndrome coronavirus2 
7xsb	J	K	0	spike protein s1	severe acute respiratory syndrome coronavirus2 
8a96	K	J	0	spike protein s1	severe acute respiratory syndrome coronavirus
8dy1	C	C	0	interleukin-17a	homo sapiens
8dy1	D	D	0	interleukin-17a	homo sapiens
8dy5	A	A	0	interleukin-17a	homo sapiens
8dy5	B	B	0	interleukin-17a	homo sapiens
8f0h	B	D	0	spike glycoprotein	severe acute respiratory syndrome coronavirus2 
8f0h	H	L	0	spike glycoprotein	severe acute respiratory syndrome coronavirus2 
8gs9	H	K	0	spike glycoprotein	severe acute respiratory syndrome coronavirus2 
7xik	H	L	0	spike protein s1	severe acute respiratory syndrome coronavirus2 
7xil	H	L	0	spike protein s1	severe acute respiratory syndrome coronavirus2 
7xs8	A	L	0	spike protein s1	severe acute respiratory syndrome coronavirus2 
7uow	H	L	0	spike glycoprotein	severe acute respiratory syndrome coronavirus
7uow	J	I	0	spike glycoprotein	severe acute respiratory syndrome coronavirus
7wn2	H	L	0	spike protein s1	severe acute respiratory syndrome coronavirus2 
7wn2	B	C	0	spike protein s1	severe acute respiratory syndrome coronavirus2 
7wnb	H	L	0	spike protein s1	severe acute respiratory syndrome coronavirus2 
7xj6	E	D	0	spike glycoprotein	severe acute respiratory syndrome coronavirus2 
7xj6	G	F	0	spike glycoprotein	severe acute respiratory syndrome coronavirus2 
7xj6	K	J	0	spike glycoprotein	severe acute respiratory syndrome coronavirus2 
7xj6	I	H	0	spike glycoprotein	severe acute respiratory syndrome coronavirus2 
7xj8	G	F	0	spike glycoprotein	severe acute respiratory syndrome coronavirus2 
7xj8	I	H	0	spike glycoprotein	severe acute respiratory syndrome coronavirus2 
7xj8	K	J	0	spike glycoprotein	severe acute respiratory syndrome coronavirus2 
7xj9	G	F	0	spike glycoprotein	severe acute respiratory syndrome coronavirus2 
7xj9	I	H	0	spike glycoprotein	severe acute respiratory syndrome coronavirus2 
7xj9	K	J	0	spike glycoprotein	severe acute respiratory syndrome coronavirus2 
7yow	H	L	0	spike protein s1	severe acute respiratory syndrome coronavirus2 
7yow	B	A	0	spike protein s1	severe acute respiratory syndrome coronavirus2 
7zjl	j	i	0	spike glycoprotein	severe acute respiratory syndrome coronavirus2 
7zjl	h	g	0	spike glycoprotein	severe acute respiratory syndrome coronavirus2 
7zjl	l	k	0	spike glycoprotein	severe acute respiratory syndrome coronavirus2 
8i5h	H	L	0	spike protein s1	severe acute respiratory syndrome coronavirus2 
8i5h	B	C	0	spike protein s1	severe acute respiratory syndrome coronavirus2 
8i5h	E	F	0	spike protein s1	severe acute respiratory syndrome coronavirus2 
8i5i	H	L	0	spike protein s1	severe acute respiratory syndrome coronavirus2 
8sar	C	D	0	ch848.10.17 gp120	hiv-1 06tg.ht008
8sar	H	I	0	ch848.10.17 gp120	hiv-1 06tg.ht008
8sar	M	N	0	ch848.10.17 gp120	hiv-1 06tg.ht008
8sas	C	D	0	ch848.10.17 gp120	hiv-1 06tg.ht008
8sas	H	I	0	ch848.10.17 gp120	hiv-1 06tg.ht008
8sas	M	N	0	ch848.10.17 gp120	hiv-1 06tg.ht008
8sau	C	D	0	ch848.10.17 gp120	hiv-1 06tg.ht008
8sau	H	I	0	ch848.10.17 gp120	hiv-1 06tg.ht008
8sau	M	N	0	ch848.10.17 gp120	hiv-1 06tg.ht008
8sax	C	D	0	ch848.10.17.sosip gp120	hiv-1 06tg.ht008
8sax	G	H	0	ch848.10.17.sosip gp120	hiv-1 06tg.ht008
8sax	K	L	0	ch848.10.17.sosip gp120	hiv-1 06tg.ht008
8say	C	D	0	ch848.10.17 gp120	hiv-1 06tg.ht008
8say	H	I	0	ch848.10.17 gp120	hiv-1 06tg.ht008
8say	M	N	0	ch848.10.17 gp120	hiv-1 06tg.ht008
8saz	C	D	0	envelope glycoprotein gp160	hiv-1 06tg.ht008
8saz	H	I	0	envelope glycoprotein gp160	hiv-1 06tg.ht008
8saz	M	N	0	envelope glycoprotein gp160	hiv-1 06tg.ht008
8sb0	C	D	0	ch848.10.17.sosip gp120	hiv-1 06tg.ht008
8sb0	H	I	0	ch848.10.17.sosip gp120	hiv-1 06tg.ht008
8sb0	M	N	0	ch848.10.17.sosip gp120	hiv-1 06tg.ht008
8sb1	C	D	0	ch848.10.17 gp120	hiv-1 06tg.ht008
8sb1	H	I	0	ch848.10.17 gp120	hiv-1 06tg.ht008
8sb1	M	N	0	ch848.10.17 gp120	hiv-1 06tg.ht008
8sb2	C	D	0	ch848.10.17.sosip gp120	hiv-1 06tg.ht008
8sb2	H	I	0	ch848.10.17.sosip gp120	hiv-1 06tg.ht008
8sb2	M	N	0	ch848.10.17.sosip gp120	hiv-1 06tg.ht008
8sb3	C	D	0	ch848.10.17 gp120	hiv-1 06tg.ht008
8sb3	H	I	0	ch848.10.17 gp120	hiv-1 06tg.ht008
8sb3	M	N	0	ch848.10.17 gp120	hiv-1 06tg.ht008
8sb4	C	D	0	ch848.10.17 gp120	hiv-1 06tg.ht008
8sb4	H	I	0	ch848.10.17 gp120	hiv-1 06tg.ht008
8sb4	M	N	0	ch848.10.17 gp120	hiv-1 06tg.ht008
8sb5	C	D	0	ch848.10.17.sosip gp120	hiv-1 06tg.ht008
8sb5	H	I	0	ch848.10.17.sosip gp120	hiv-1 06tg.ht008
8sb5	M	N	0	ch848.10.17.sosip gp120	hiv-1 06tg.ht008
7x94	H	L	0	spike glycoprotein	severe acute respiratory syndrome coronavirus2 
7x95	H	L	0	spike glycoprotein	severe acute respiratory syndrome coronavirus2 
7x96	H	L	0	spike glycoprotein	severe acute respiratory syndrome coronavirus2 
8bbn	M	N	0	spike protein s1	severe acute respiratory syndrome coronavirus2 
8bbn	J	K	0	spike protein s1	severe acute respiratory syndrome coronavirus2 
8bbn	E	F	0	spike protein s1	severe acute respiratory syndrome coronavirus2 
8bbn	H	L	0	spike protein s1	severe acute respiratory syndrome coronavirus2 
8bbn	C	D	0	spike protein s1	severe acute respiratory syndrome coronavirus2 
8bbn	A	B	0	spike protein s1	severe acute respiratory syndrome coronavirus2 
8bbo	H	L	0	spike glycoprotein	severe acute respiratory syndrome coronavirus2 
8bcz	H	L	0	spike protein s1	severe acute respiratory syndrome coronavirus2 
8bcz	C	D	0	spike protein s1	severe acute respiratory syndrome coronavirus2 
8bcz	E	F	0	spike protein s1	severe acute respiratory syndrome coronavirus2 
8bcz	A	B	0	spike protein s1	severe acute respiratory syndrome coronavirus2 
8d0z	H	L	0	spike glycoprotein	severe acute respiratory syndrome coronavirus2 
7u8e	H	L	0	spike protein s1	severe acute respiratory syndrome coronavirus2 
7xdl	E	D	0	spike glycoprotein	severe acute respiratory syndrome coronavirus2 
7xdl	G	F	0	spike glycoprotein	severe acute respiratory syndrome coronavirus2 
7xdl	I	H	0	spike glycoprotein	severe acute respiratory syndrome coronavirus2 
7xdl	K	J	0	spike glycoprotein	severe acute respiratory syndrome coronavirus2 
7xdl	M	L	0	spike glycoprotein	severe acute respiratory syndrome coronavirus2 
7xdl	P	O	0	spike glycoprotein	severe acute respiratory syndrome coronavirus2 
7x08	H	L	0	spike glycoprotein	severe acute respiratory syndrome coronavirus
7x08	I	M	0	spike glycoprotein	severe acute respiratory syndrome coronavirus
7x08	J	N	0	spike glycoprotein	severe acute respiratory syndrome coronavirus
7sof	H	L	0	spike glycoprotein	severe acute respiratory syndrome coronavirus2 
7soe	B	L	0	spike glycoprotein	severe acute respiratory syndrome coronavirus2 
7soe	E	D	0	spike glycoprotein	severe acute respiratory syndrome coronavirus2 
7soe	H	G	0	spike glycoprotein	severe acute respiratory syndrome coronavirus2 
7ru8	H	L	0	spike glycoprotein	severe acute respiratory syndrome coronavirus2 
7s5q	B	C	0	spike protein s1	severe acute respiratory syndrome coronavirus2 
7s5q	H	L	0	spike protein s1	severe acute respiratory syndrome coronavirus2 
7ru5	H	L	0	spike glycoprotein	severe acute respiratory syndrome coronavirus2 
7ru5	D	E	0	spike glycoprotein	severe acute respiratory syndrome coronavirus2 
7e9o	H	L	0	spike glycoprotein	severe acute respiratory syndrome coronavirus2 
7e9o	P	O	0	spike glycoprotein	severe acute respiratory syndrome coronavirus2 
7e9o	Y	X	0	spike glycoprotein	severe acute respiratory syndrome coronavirus2 
7ru4	H	L	0	spike glycoprotein	severe acute respiratory syndrome coronavirus2 
7e9q	H	L	0	spike glycoprotein	severe acute respiratory syndrome coronavirus2 
7e9q	Y	X	0	spike glycoprotein	severe acute respiratory syndrome coronavirus2 
7e9q	F	E	0	spike glycoprotein	severe acute respiratory syndrome coronavirus2 
7v5k	E	D	0	spike glycoprotein	human betacoronavirus 2c emc/2012
7v5k	G	F	0	spike glycoprotein	human betacoronavirus 2c emc/2012
7v5k	I	H	0	spike glycoprotein	human betacoronavirus 2c emc/2012
7wsl	H	L	0	programmed cell death protein 1	homo sapiens
7s5p	H	L	0	spike protein s1	severe acute respiratory syndrome coronavirus2 
7ru3	H	L	0	spike glycoprotein	severe acute respiratory syndrome coronavirus2 
7ru3	E	F	0	spike glycoprotein	severe acute respiratory syndrome coronavirus2 
7s5r	H	L	0	spike protein s1	severe acute respiratory syndrome coronavirus2 
7s5r	B	C	0	spike protein s1	severe acute respiratory syndrome coronavirus2 
7ul0	H	L	0	spike protein s1	severe acute respiratory syndrome coronavirus2 
7ul1	H	L	0	spike protein s1	severe acute respiratory syndrome coronavirus
7x63	H	L	0	spike protein s1	severe acute respiratory syndrome coronavirus2 
7x66	H	L	0	spike protein s1	severe acute respiratory syndrome coronavirus2 
7u0q	G	F	0	spike glycoprotein	severe acute respiratory syndrome coronavirus2 
7u0q	J	I	0	spike glycoprotein	severe acute respiratory syndrome coronavirus2 
7u0x	F	G	0	spike glycoprotein	severe acute respiratory syndrome coronavirus2 
7u0x	H	L	0	spike glycoprotein	severe acute respiratory syndrome coronavirus2 
7wsc	H	L	0	spike protein s1	severe acute respiratory syndrome coronavirus
7x2h	A	B	0	spike protein s1	severe acute respiratory syndrome coronavirus2 
7x2h	C	D	0	spike protein s1	severe acute respiratory syndrome coronavirus2 
7xcz	D	E	0	spike glycoprotein	severe acute respiratory syndrome coronavirus2 
7xcz	B	C	0	spike glycoprotein	severe acute respiratory syndrome coronavirus2 
7xda	B	C	0	spike glycoprotein	severe acute respiratory syndrome coronavirus2 
7xda	D	E	0	spike glycoprotein	severe acute respiratory syndrome coronavirus2 
7xdb	D	E	0	spike glycoprotein	severe acute respiratory syndrome coronavirus2 
7xdb	G	F	0	spike glycoprotein	severe acute respiratory syndrome coronavirus2 
7xdb	I	H	0	spike glycoprotein	severe acute respiratory syndrome coronavirus2 
7xdk	F	G	0	spike glycoprotein	severe acute respiratory syndrome coronavirus2 
7xdk	D	E	0	spike glycoprotein	severe acute respiratory syndrome coronavirus2 
7xdk	K	J	0	spike glycoprotein	severe acute respiratory syndrome coronavirus2 
7xdk	H	I	0	spike glycoprotein	severe acute respiratory syndrome coronavirus2 
7xdk	L	M	0	spike glycoprotein	severe acute respiratory syndrome coronavirus2 
7xdk	N	O	0	spike glycoprotein	severe acute respiratory syndrome coronavirus2 
8dg8	H	L	0	fusion glycoprotein f0	human parainfluenza 3 virus (strain nih 47885)
8dg9	H	L	0	fusion glycoprotein f0	respiratory syncytial virus a2
8dg9	F	G	0	fusion glycoprotein f0	respiratory syncytial virus a2
8dg9	D	E	0	fusion glycoprotein f0	respiratory syncytial virus a2
7u9e	B	B	0	gametocyte surface protein p230	plasmodium falciparum
7u9e	H	H	0	gametocyte surface protein p230	plasmodium falciparum
7u9w	H	H	0	gametocyte surface protein p230	plasmodium falciparum
7ua2	B	B	0	gametocyte surface protein p230	plasmodium falciparum
7ua2	H	H	0	gametocyte surface protein p230	plasmodium falciparum
7ua8	H	H	0	gametocyte surface protein p230	plasmodium falciparum
7ua8	I	I	0	gametocyte surface protein p230	plasmodium falciparum
7ubs	H	H	0	gametocyte surface protein p230	plasmodium falciparum
7ubs	I	I	0	gametocyte surface protein p230	plasmodium falciparum
7ubs	J	J	0	gametocyte surface protein p230	plasmodium falciparum
7ubs	K	K	0	gametocyte surface protein p230	plasmodium falciparum
7uc8	H	H	0	gametocyte surface protein p230	plasmodium falciparum
7uc8	I	I	0	gametocyte surface protein p230	plasmodium falciparum
7uc8	J	J	0	gametocyte surface protein p230	plasmodium falciparum
7ucq	H	H	0	gametocyte surface protein p230	plasmodium falciparum
7ucq	I	I	0	gametocyte surface protein p230	plasmodium falciparum
7ucq	J	J	0	gametocyte surface protein p230	plasmodium falciparum
7ucq	K	K	0	gametocyte surface protein p230	plasmodium falciparum
7ufw	H	H	0	gametocyte surface protein p230	plasmodium falciparum
7ufw	I	I	0	gametocyte surface protein p230	plasmodium falciparum
7ui1	H	H	0	gametocyte surface protein p230	plasmodium falciparum
7ui1	I	I	0	gametocyte surface protein p230	plasmodium falciparum
7ui1	J	J	0	gametocyte surface protein p230	plasmodium falciparum
7ui1	K	K	0	gametocyte surface protein p230	plasmodium falciparum
7uvh	A	B	0	gametocyte surface protein p230	plasmodium falciparum
7uvh	D	E	0	gametocyte surface protein p230	plasmodium falciparum
7uvi	A	B	0	gametocyte surface protein p230	plasmodium falciparum
7uvi	D	E	0	gametocyte surface protein p230	plasmodium falciparum
7uvo	A	B	0	gametocyte surface protein p230	plasmodium falciparum
7uvq	C	B	0	gametocyte surface protein p230	plasmodium falciparum
7uvq	D	E	0	gametocyte surface protein p230	plasmodium falciparum
7uvs	A	B	0	gametocyte surface protein p230	plasmodium falciparum
7uvs	D	E	0	gametocyte surface protein p230	plasmodium falciparum
7wwi	E	D	0	spike glycoprotein	severe acute respiratory syndrome coronavirus2 
7wwi	G	F	0	spike glycoprotein	severe acute respiratory syndrome coronavirus2 
7wwi	I	H	0	spike glycoprotein	severe acute respiratory syndrome coronavirus2 
7wwj	G	F	0	spike glycoprotein	severe acute respiratory syndrome coronavirus2 
7wwj	I	H	0	spike glycoprotein	severe acute respiratory syndrome coronavirus2 
7wwk	G	F	0	spike glycoprotein	severe acute respiratory syndrome coronavirus2 
7wwk	I	H	0	spike glycoprotein	severe acute respiratory syndrome coronavirus2 
7z2m	B	A	0	interleukin-17a	homo sapiens
7z2m	D	C	0	interleukin-17a	homo sapiens
7z2m	F	E	0	interleukin-17a	homo sapiens
7z2m	H	L	0	interleukin-17a	homo sapiens
8f6e	D	C	0	cadmium and zinc efflux pump fief	shewanella oneidensis
8f6e	F	E	0	cadmium and zinc efflux pump fief	shewanella oneidensis
8f6f	D	C	0	cadmium and zinc efflux pump fief	shewanella oneidensis
8f6f	F	E	0	cadmium and zinc efflux pump fief	shewanella oneidensis
8f6h	D	C	0	cadmium and zinc efflux pump fief	shewanella oneidensis mr-1
8f6h	F	E	0	cadmium and zinc efflux pump fief	shewanella oneidensis mr-1
8f6i	F	E	0	cadmium and zinc efflux pump fief	shewanella oneidensis mr-1
8f6i	D	C	0	cadmium and zinc efflux pump fief	shewanella oneidensis mr-1
8f6j	F	E	0	cadmium and zinc efflux pump fief	shewanella oneidensis
8f6j	D	C	0	cadmium and zinc efflux pump fief	shewanella oneidensis
7wr9	A	B	0	spike protein s1	severe acute respiratory syndrome coronavirus
7yck	C	D	0	spike protein s1	severe acute respiratory syndrome coronavirus2 
7yck	E	F	0	spike protein s1	severe acute respiratory syndrome coronavirus2 
7ycl	A	B	0	spike protein s1	severe acute respiratory syndrome coronavirus2 
7ycl	H	L	0	spike protein s1	severe acute respiratory syndrome coronavirus2 
7ycn	K	L	0	spike protein s1	severe acute respiratory syndrome coronavirus2 
7ycn	E	F	0	spike protein s1	severe acute respiratory syndrome coronavirus2 
7ycn	C	D	0	spike protein s1	severe acute respiratory syndrome coronavirus2 
7ycn	H	I	0	spike protein s1	severe acute respiratory syndrome coronavirus2 
8hhx	F	G	0	spike glycoprotein	severe acute respiratory syndrome coronavirus2 
8hhy	H	L	0	spike glycoprotein	severe acute respiratory syndrome coronavirus2 
8hhz	E	F	0	spike glycoprotein	severe acute respiratory syndrome coronavirus2 
8hhz	G	H	0	spike glycoprotein	severe acute respiratory syndrome coronavirus2 
8hhz	I	J	0	spike glycoprotein	severe acute respiratory syndrome coronavirus2 
7yxu	H	L	0	tumor necrosis factor receptor superfamily member 9	homo sapiens
7t5o	H	L	0	spike glycoprotein	severe acute respiratory syndrome-relatedcoronavirus 
7wn8	H	L	0	leukocyte surface antigen cd47	homo sapiens
7wn8	P	Q	0	leukocyte surface antigen cd47	homo sapiens
7wqv	B	B	0	spike protein s1	severe acute respiratory syndrome coronavirus2 
7wqv	D	D	0	spike protein s1	severe acute respiratory syndrome coronavirus2 
7wqv	F	F	0	spike protein s1	severe acute respiratory syndrome coronavirus2 
7wqv	H	H	0	spike protein s1	severe acute respiratory syndrome coronavirus2 
7wqv	J	J	0	spike protein s1	severe acute respiratory syndrome coronavirus2 
7wqv	L	L	0	spike protein s1	severe acute respiratory syndrome coronavirus2 
7wqv	N	N	0	spike protein s1	severe acute respiratory syndrome coronavirus2 
7wqv	P	P	0	spike protein s1	severe acute respiratory syndrome coronavirus2 
8d48	H	L	0	spike glycoprotein	severe acute respiratory syndrome coronavirus2 
8dm3	H	L	0	spike glycoprotein	severe acute respiratory syndrome coronavirus2 
8dm3	M	N	0	spike glycoprotein	severe acute respiratory syndrome coronavirus2 
8dm3	P	Q	0	spike glycoprotein	severe acute respiratory syndrome coronavirus2 
8dm4	H	L	0	spike glycoprotein	severe acute respiratory syndrome coronavirus2 
8hc2	H	L	0	spike glycoprotein	severe acute respiratory syndrome coronavirus2 
8hc3	H	L	0	spike glycoprotein	severe acute respiratory syndrome coronavirus2 
8hc3	D	E	0	spike glycoprotein	severe acute respiratory syndrome coronavirus2 
8hc4	D	E	0	spike glycoprotein	severe acute respiratory syndrome coronavirus2 
8hc4	F	J	0	spike glycoprotein	severe acute respiratory syndrome coronavirus2 
8hc4	H	L	0	spike glycoprotein	severe acute respiratory syndrome coronavirus2 
8hc4	K	M	0	spike glycoprotein	severe acute respiratory syndrome coronavirus2 
8hc4	G	I	0	spike glycoprotein	severe acute respiratory syndrome coronavirus2 
8hc4	N	O	0	spike glycoprotein	severe acute respiratory syndrome coronavirus2 
8hc5	H	L	0	spike glycoprotein	severe acute respiratory syndrome coronavirus2 
8hc5	D	E	0	spike glycoprotein	severe acute respiratory syndrome coronavirus2 
8hc6	H	L	0	spike protein s1	severe acute respiratory syndrome coronavirus2 
8hc7	H	L	0	spike protein s1	severe acute respiratory syndrome coronavirus2 
8hc8	H	L	0	spike protein s1	severe acute respiratory syndrome coronavirus2 
8hc9	D	E	0	spike glycoprotein	severe acute respiratory syndrome coronavirus2 
8hc9	F	G	0	spike glycoprotein	severe acute respiratory syndrome coronavirus2 
8hc9	H	L	0	spike glycoprotein	severe acute respiratory syndrome coronavirus2 
8hca	D	E	0	spike glycoprotein	severe acute respiratory syndrome coronavirus2 
8hca	F	G	0	spike glycoprotein	severe acute respiratory syndrome coronavirus2 
8hca	H	L	0	spike glycoprotein	severe acute respiratory syndrome coronavirus2 
8hcb	D	E	0	spike glycoprotein	severe acute respiratory syndrome coronavirus2 
8hcb	F	G	0	spike glycoprotein	severe acute respiratory syndrome coronavirus2 
8hcb	H	L	0	spike glycoprotein	severe acute respiratory syndrome coronavirus2 
7wh8	B	A	0	spike glycoprotein	severe acute respiratory syndrome coronavirus2 
7whb	D	E	0	spike glycoprotein	severe acute respiratory syndrome coronavirus2 
7whb	G	H	0	spike glycoprotein	severe acute respiratory syndrome coronavirus2 
7whb	J	K	0	spike glycoprotein	severe acute respiratory syndrome coronavirus2 
7whd	D	E	0	spike glycoprotein	severe acute respiratory syndrome coronavirus2 
7whd	G	H	0	spike glycoprotein	severe acute respiratory syndrome coronavirus2 
7whd	J	K	0	spike glycoprotein	severe acute respiratory syndrome coronavirus2 
7x25	A	C	0	spike glycoprotein	severe acute respiratory syndrome coronavirus2 
7x25	E	F	0	spike glycoprotein	severe acute respiratory syndrome coronavirus2 
7x25	H	K	0	spike glycoprotein	severe acute respiratory syndrome coronavirus2 
7x28	C	D	0	spike glycoprotein	middle east respiratory syndrome-relatedcoronavirus 
7x28	H	K	0	spike glycoprotein	middle east respiratory syndrome-relatedcoronavirus 
8dxt	H	L	0	spike protein s1	severe acute respiratory syndrome coronavirus2 
8dxu	H	L	0	spike protein s1	severe acute respiratory syndrome coronavirus2 
8dxu	A	B	0	spike protein s1	severe acute respiratory syndrome coronavirus2 
7xnf	H	L	0	spike protein s1	pangolin coronavirus
7xsw	H	L	0	spike protein s1	pangolin coronavirus
7xsw	A	B	0	spike protein s1	pangolin coronavirus
8dv6	C	L	0	envelope protein e	zika virus zikv/human/cambodia/fss13025/2010
8dv6	H	D	0	envelope protein e	zika virus zikv/human/cambodia/fss13025/2010
7wch	D	E	0	surface glycoprotein	severe acute respiratory syndrome coronavirus2 
7wch	H	L	0	surface glycoprotein	severe acute respiratory syndrome coronavirus2 
7wch	M	N	0	surface glycoprotein	severe acute respiratory syndrome coronavirus2 
7wck	A	B	0	surface glycoprotein	severe acute respiratory syndrome coronavirus2 
7wcp	D	E	0	surface glycoprotein	severe acute respiratory syndrome coronavirus2 
7wcp	H	L	0	surface glycoprotein	severe acute respiratory syndrome coronavirus2 
7wcp	M	N	0	surface glycoprotein	severe acute respiratory syndrome coronavirus2 
7wcu	A	B	0	surface glycoprotein	severe acute respiratory syndrome coronavirus2 
7ykj	A	D	0	spike glycoprotein	severe acute respiratory syndrome coronavirus2 
7t72	H	L	0	spike protein s1	severe acute respiratory syndrome coronavirus2 
7wti	H	L	0	spike glycoprotein	severe acute respiratory syndrome coronavirus2 
7wti	I	K	0	spike glycoprotein	severe acute respiratory syndrome coronavirus2 
7wti	G	J	0	spike glycoprotein	severe acute respiratory syndrome coronavirus2 
7wtf	H	L	0	spike glycoprotein	severe acute respiratory syndrome coronavirus2 
7wtf	G	J	0	spike glycoprotein	severe acute respiratory syndrome coronavirus2 
7wtf	I	K	0	spike glycoprotein	severe acute respiratory syndrome coronavirus2 
7wtg	H	L	0	spike protein s1	severe acute respiratory syndrome coronavirus2 
7wth	H	L	0	spike protein s1	severe acute respiratory syndrome coronavirus2 
7wtj	H	L	0	spike protein s1	severe acute respiratory syndrome coronavirus2 
7wtk	H	L	0	spike glycoprotein	severe acute respiratory syndrome coronavirus2 
7wtk	G	J	0	spike glycoprotein	severe acute respiratory syndrome coronavirus2 
7wtk	I	K	0	spike glycoprotein	severe acute respiratory syndrome coronavirus2 
8diu	G	C	0	hemagglutinin	influenza a virus
8diu	E	F	0	hemagglutinin	influenza a virus
8diu	H	I	0	hemagglutinin	influenza a virus
7x8w	H	L	0	spike glycoprotein	severe acute respiratory syndrome coronavirus2 
7x8y	H	L	0	spike glycoprotein	severe acute respiratory syndrome coronavirus2 
7x90	E	F	0	spike glycoprotein	severe acute respiratory syndrome coronavirus2 
7x91	H	L	0	spike glycoprotein	severe acute respiratory syndrome coronavirus2 
7x92	H	L	0	spike glycoprotein	severe acute respiratory syndrome coronavirus2 
8dw2	D	C	0	spike protein s1	severe acute respiratory syndrome coronavirus2 
8dw2	H	L	0	spike protein s1	severe acute respiratory syndrome coronavirus2 
8dw3	D	C	0	spike protein s1	severe acute respiratory syndrome coronavirus2 
8dw3	H	L	0	spike protein s1	severe acute respiratory syndrome coronavirus2 
8dw9	C	D	0	spike protein s1	severe acute respiratory syndrome coronavirus2 
8dw9	H	L	0	spike protein s1	severe acute respiratory syndrome coronavirus2 
8dwa	H	L	0	spike protein s1	severe acute respiratory syndrome coronavirus2 
8dxs	H	L	0	spike glycoprotein	severe acute respiratory syndrome coronavirus2 
7wos	D	D	0	spike glycoprotein	severe acute respiratory syndrome coronavirus2 
7wos	E	E	0	spike glycoprotein	severe acute respiratory syndrome coronavirus2 
7wos	F	F	0	spike glycoprotein	severe acute respiratory syndrome coronavirus2 
7wos	G	G	0	spike glycoprotein	severe acute respiratory syndrome coronavirus2 
7sx6	H	L	0	clade a/e 93th057 hiv-1 gp120 core	human immunodeficiency virus 1
7sx6	B	C	0	clade a/e 93th057 hiv-1 gp120 core	human immunodeficiency virus 1
7wop	B	B	0	spike protein s1	severe acute respiratory syndrome coronavirus2 
7wop	C	C	0	spike protein s1	severe acute respiratory syndrome coronavirus2 
7woq	D	D	0	spike glycoprotein	severe acute respiratory syndrome coronavirus2 
7wor	D	D	0	spike glycoprotein	severe acute respiratory syndrome coronavirus2 
7wor	E	E	0	spike glycoprotein	severe acute respiratory syndrome coronavirus2 
7wor	F	F	0	spike glycoprotein	severe acute respiratory syndrome coronavirus2 
7wou	D	D	0	spike glycoprotein	severe acute respiratory syndrome coronavirus2 
7wou	E	E	0	spike glycoprotein	severe acute respiratory syndrome coronavirus2 
7wou	F	F	0	spike glycoprotein	severe acute respiratory syndrome coronavirus2 
7wou	G	G	0	spike glycoprotein	severe acute respiratory syndrome coronavirus2 
7wov	D	D	0	spike glycoprotein	severe acute respiratory syndrome coronavirus2 
7wov	E	E	0	spike glycoprotein	severe acute respiratory syndrome coronavirus2 
7wov	F	F	0	spike glycoprotein	severe acute respiratory syndrome coronavirus2 
7wov	G	G	0	spike glycoprotein	severe acute respiratory syndrome coronavirus2 
7wov	H	H	0	spike glycoprotein	severe acute respiratory syndrome coronavirus2 
7wov	I	I	0	spike glycoprotein	severe acute respiratory syndrome coronavirus2 
7wow	D	D	0	spike glycoprotein	severe acute respiratory syndrome coronavirus2 
7wow	E	E	0	spike glycoprotein	severe acute respiratory syndrome coronavirus2 
7wow	F	F	0	spike glycoprotein	severe acute respiratory syndrome coronavirus2 
7wow	G	G	0	spike glycoprotein	severe acute respiratory syndrome coronavirus2 
7wow	H	H	0	spike glycoprotein	severe acute respiratory syndrome coronavirus2 
7wow	I	I	0	spike glycoprotein	severe acute respiratory syndrome coronavirus2 
7wow	M	M	0	spike glycoprotein	severe acute respiratory syndrome coronavirus2 
7wow	N	N	0	spike glycoprotein	severe acute respiratory syndrome coronavirus2 
7wow	O	O	0	spike glycoprotein	severe acute respiratory syndrome coronavirus2 
7wow	P	P	0	spike glycoprotein	severe acute respiratory syndrome coronavirus2 
7wow	Q	Q	0	spike glycoprotein	severe acute respiratory syndrome coronavirus2 
7wow	R	R	0	spike glycoprotein	severe acute respiratory syndrome coronavirus2 
7u9o	H	L	0	spike glycoprotein	severe acute respiratory syndrome coronavirus2 
7u9p	H	L	0	spike glycoprotein	severe acute respiratory syndrome coronavirus2 
7xmx	E	F	0	spike glycoprotein	severe acute respiratory syndrome coronavirus2 
7xmx	H	I	0	spike glycoprotein	severe acute respiratory syndrome coronavirus2 
7xmx	K	L	0	spike glycoprotein	severe acute respiratory syndrome coronavirus2 
7xmz	H	L	0	spike glycoprotein	severe acute respiratory syndrome coronavirus2 
7xmz	D	E	0	spike glycoprotein	severe acute respiratory syndrome coronavirus2 
7xmz	G	I	0	spike glycoprotein	severe acute respiratory syndrome coronavirus2 
7xst	L	M	0	spike glycoprotein	severe acute respiratory syndrome coronavirus2 
7xst	N	O	0	spike glycoprotein	severe acute respiratory syndrome coronavirus2 
7xst	H	I	0	spike glycoprotein	severe acute respiratory syndrome coronavirus2 
7xst	J	K	0	spike glycoprotein	severe acute respiratory syndrome coronavirus2 
7xst	D	E	0	spike glycoprotein	severe acute respiratory syndrome coronavirus2 
7xst	F	G	0	spike glycoprotein	severe acute respiratory syndrome coronavirus2 
8as0	B	C	0	programmed cell death protein 1	homo sapiens
8as0	E	D	0	programmed cell death protein 1	homo sapiens
8as0	H	G	0	programmed cell death protein 1	homo sapiens
8as0	K	J	0	programmed cell death protein 1	homo sapiens
8as0	N	M	0	programmed cell death protein 1	homo sapiens
8as0	Q	P	0	programmed cell death protein 1	homo sapiens
8as0	W	V	0	programmed cell death protein 1	homo sapiens
8as0	T	S	0	programmed cell death protein 1	homo sapiens
7sj0	B	L	0	spike glycoprotein	severe acute respiratory syndrome coronavirus2 
8dim	B	C	0	hemagglutinin	influenza a virus
8dim	E	F	0	hemagglutinin	influenza a virus
8dim	H	I	0	hemagglutinin	influenza a virus
7s07	H	L	0	envelope glycoprotein h	human gammaherpesvirus 4
7s1b	H	L	0	envelope glycoprotein h	human gammaherpesvirus 4
7ugq	G	J	0	envelope glycoprotein gp120	human immunodeficiency virus 1
7ugq	H	K	0	envelope glycoprotein gp120	human immunodeficiency virus 1
7ugq	I	L	0	envelope glycoprotein gp120	human immunodeficiency virus 1
7ugq	M	P	0	envelope glycoprotein gp120	human immunodeficiency virus 1
7ugq	N	Q	0	envelope glycoprotein gp120	human immunodeficiency virus 1
7ugq	O	R	0	envelope glycoprotein gp120	human immunodeficiency virus 1
7x26	H	K	0	spike glycoprotein	severe acute respiratory syndrome coronavirus2 
7x29	F	G	0	spike glycoprotein	middle east respiratory syndrome-relatedcoronavirus 
7x29	H	K	0	spike glycoprotein	middle east respiratory syndrome-relatedcoronavirus 
8gpu	H	L	0	envelope protein	yellow fever virus
8gpu	F	G	0	envelope protein	yellow fever virus
8gpu	C	D	0	envelope protein	yellow fever virus
8gpu	J	K	0	envelope protein	yellow fever virus
8gpu	N	O	0	envelope protein	yellow fever virus
8gpu	Q	R	0	envelope protein	yellow fever virus
8gpt	D	E	0	envelope protein	yellow fever virus
8gpt	F	G	0	envelope protein	yellow fever virus
8gpt	H	I	0	envelope protein	yellow fever virus
8gpx	H	L	0	envelope protein	yellow fever virus
7ugn	G	J	0	envelope glycoprotein gp120	human immunodeficiency virus 1
7ugn	H	K	0	envelope glycoprotein gp120	human immunodeficiency virus 1
7ugn	I	L	0	envelope glycoprotein gp120	human immunodeficiency virus 1
7ugn	M	P	0	envelope glycoprotein gp120	human immunodeficiency virus 1
7ugn	N	Q	0	envelope glycoprotein gp120	human immunodeficiency virus 1
7ugn	O	R	0	envelope glycoprotein gp120	human immunodeficiency virus 1
7wb5	H	L	0	surface glycoprotein	severe acute respiratory syndrome coronavirus2 
7wbh	U	V	0	spike glycoprotein	severe acute respiratory syndrome-relatedcoronavirus 
7wbh	O	Q	0	spike glycoprotein	severe acute respiratory syndrome-relatedcoronavirus 
7wbh	P	S	0	spike glycoprotein	severe acute respiratory syndrome-relatedcoronavirus 
8erq	H	L	0	spike glycoprotein	severe acute respiratory syndrome coronavirus2 
8err	H	L	0	spike glycoprotein	severe acute respiratory syndrome coronavirus2 
8err	E	F	0	spike glycoprotein	severe acute respiratory syndrome coronavirus2 
8err	I	J	0	spike glycoprotein	severe acute respiratory syndrome coronavirus2 
7yr1	H	L	0	spike glycoprotein	severe acute respiratory syndrome coronavirus2 
7yr1	D	F	0	spike glycoprotein	severe acute respiratory syndrome coronavirus2 
7yr1	E	G	0	spike glycoprotein	severe acute respiratory syndrome coronavirus2 
7yqx	H	F	0	spike glycoprotein	severe acute respiratory syndrome coronavirus2 
7yqx	I	G	0	spike glycoprotein	severe acute respiratory syndrome coronavirus2 
7yqy	H	F	0	spike glycoprotein	severe acute respiratory syndrome coronavirus2 
7yqy	I	G	0	spike glycoprotein	severe acute respiratory syndrome coronavirus2 
7yqy	J	E	0	spike glycoprotein	severe acute respiratory syndrome coronavirus2 
7yqz	I	G	0	spike glycoprotein	severe acute respiratory syndrome coronavirus2 
7yqz	J	H	0	spike glycoprotein	severe acute respiratory syndrome coronavirus2 
7yr0	C	B	0	spike protein s1	severe acute respiratory syndrome coronavirus2 
7zce	E	E	0	spike glycoprotein,fibritin	severe acute respiratory syndrome coronavirus2, enterobacteria phage t4 
7zce	F	F	0	spike glycoprotein,fibritin	severe acute respiratory syndrome coronavirus2, enterobacteria phage t4 
7zce	G	G	0	spike glycoprotein,fibritin	severe acute respiratory syndrome coronavirus2, enterobacteria phage t4 
7zcf	E	E	0	spike glycoprotein,fibritin	severe acute respiratory syndrome coronavirus2, enterobacteria phage t4 
7wrj	A	B	0	spike protein s1	severe acute respiratory syndrome coronavirus2 
7y0c	A	B	0	spike protein s1	severe acute respiratory syndrome coronavirus2 
7y0c	M	N	0	spike protein s1	severe acute respiratory syndrome coronavirus2 
7y0v	H	L	0	spike protein s1	severe acute respiratory syndrome coronavirus2 
7y0w	A	B	0	spike protein s1	homo sapiens
7y0w	H	L	0	spike protein s1	homo sapiens
7v5j	E	D	0	spike glycoprotein	human betacoronavirus 2c emc/2012
7v5j	G	F	0	spike glycoprotein	human betacoronavirus 2c emc/2012
7v5j	I	H	0	spike glycoprotein	human betacoronavirus 2c emc/2012
7xco	H	L	0	spike glycoprotein	severe acute respiratory syndrome coronavirus2 
7xco	M	N	0	spike glycoprotein	severe acute respiratory syndrome coronavirus2 
7xco	O	P	0	spike glycoprotein	severe acute respiratory syndrome coronavirus2 
7tjq	A	B	0	fusion glycoprotein f0	human metapneumovirus
7tjq	D	E	0	fusion glycoprotein f0	human metapneumovirus
7tjq	H	L	0	fusion glycoprotein f0	human metapneumovirus
7tjq	I	M	0	fusion glycoprotein f0	human metapneumovirus
7tjq	J	K	0	fusion glycoprotein f0	human metapneumovirus
7tjq	N	O	0	fusion glycoprotein f0	human metapneumovirus
7tl0	D	E	0	fusion glycoprotein f0	human metapneumovirus
7tl0	F	G	0	fusion glycoprotein f0	human metapneumovirus
7tl0	H	I	0	fusion glycoprotein f0	human metapneumovirus
7tl0	J	K	0	fusion glycoprotein f0	human metapneumovirus
7tl0	L	M	0	fusion glycoprotein f0	human metapneumovirus
7tl0	N	O	0	fusion glycoprotein f0	human metapneumovirus
7v6n	E	D	0	spike glycoprotein	human betacoronavirus 2c emc/2012
7v6n	G	F	0	spike glycoprotein	human betacoronavirus 2c emc/2012
7v6n	I	H	0	spike glycoprotein	human betacoronavirus 2c emc/2012
7xxl	A	C	0	spike protein s1	severe acute respiratory syndrome coronavirus2 
7wbz	H	L	0	spike protein s1	severe acute respiratory syndrome coronavirus2 
7xck	A	B	0	spike protein s1	severe acute respiratory syndrome coronavirus2 
7xcp	H	L	0	spike protein s1	severe acute respiratory syndrome coronavirus2 
7yad	A	B	0	spike protein s1	severe acute respiratory syndrome coronavirus2 
7yad	C	D	0	spike protein s1	severe acute respiratory syndrome coronavirus2 
7ydi	H	L	0	spike protein s1	severe acute respiratory syndrome coronavirus2 
7yeg	H	L	0	spike glycoprotein	severe acute respiratory syndrome coronavirus2 
7yeg	G	I	0	spike glycoprotein	severe acute respiratory syndrome coronavirus2 
7yeg	N	O	0	spike glycoprotein	severe acute respiratory syndrome coronavirus2 
8dad	H	L	0	spike glycoprotein	severe acute respiratory syndrome coronavirus2 
8dlr	H	L	0	spike glycoprotein	severe acute respiratory syndrome coronavirus2 
8dls	H	L	0	spike glycoprotein	severe acute respiratory syndrome coronavirus2 
8dlw	C	D	0	spike glycoprotein	severe acute respiratory syndrome coronavirus2 
8dlw	F	G	0	spike glycoprotein	severe acute respiratory syndrome coronavirus2 
8dlw	H	L	0	spike glycoprotein	severe acute respiratory syndrome coronavirus2 
8dzh	E	D	0	spike glycoprotein	severe acute respiratory syndrome coronavirus2 
8dzh	H	L	0	spike glycoprotein	severe acute respiratory syndrome coronavirus2 
8dzh	I	J	0	spike glycoprotein	severe acute respiratory syndrome coronavirus2 
8dzi	H	L	0	spike glycoprotein	severe acute respiratory syndrome coronavirus2 
8dzi	B	D	0	spike glycoprotein	severe acute respiratory syndrome coronavirus2 
8dzi	G	F	0	spike glycoprotein	severe acute respiratory syndrome coronavirus2 
7ucf	D	E	0	envelope glycoprotein gp120	human immunodeficiency virus 1
7ucf	H	L	0	envelope glycoprotein gp120	human immunodeficiency virus 1
7ucg	D	E	0	envelope glycoprotein gp160	human immunodeficiency virus 1
7ucg	H	L	0	envelope glycoprotein gp160	human immunodeficiency virus 1
7ucg	C	F	0	envelope glycoprotein gp160	human immunodeficiency virus 1
7ucg	J	K	0	envelope glycoprotein gp160	human immunodeficiency virus 1
7ucg	N	O	0	envelope glycoprotein gp160	human immunodeficiency virus 1
7ucg	Q	R	0	envelope glycoprotein gp160	human immunodeficiency virus 1
7v3l	D	E	0	spike glycoprotein	human betacoronavirus 2c emc/2012
7v3l	F	G	0	spike glycoprotein	human betacoronavirus 2c emc/2012
7v3l	H	I	0	spike glycoprotein	human betacoronavirus 2c emc/2012
7wm0	H	L	0	spike glycoprotein	severe acute respiratory syndrome coronavirus2 
7zbu	H	L	0	spike glycoprotein	severe acute respiratory syndrome coronavirus2 
7upl	E	D	0	spike glycoprotein	severe acute respiratory syndrome coronavirus2 
7upl	F	I	0	spike glycoprotein	severe acute respiratory syndrome coronavirus2 
7u0p	E	F	0	spike glycoprotein	severe acute respiratory syndrome coronavirus2 
7u0p	D	I	0	spike glycoprotein	severe acute respiratory syndrome coronavirus2 
7fjc	H	L	0	spike protein s1	severe acute respiratory syndrome coronavirus2 
7str	H	L	0	nucleoprotein	severe acute respiratory syndrome coronavirus2 
7sts	A	B	0	nucleoprotein	severe acute respiratory syndrome coronavirus2 
7sts	H	L	0	nucleoprotein	severe acute respiratory syndrome coronavirus2 
7sue	H	L	0	nucleoprotein	severe acute respiratory syndrome coronavirus2 
7sue	B	A	0	nucleoprotein	severe acute respiratory syndrome coronavirus2 
7sue	F	E	0	nucleoprotein	severe acute respiratory syndrome coronavirus2 
7sue	I	G	0	nucleoprotein	severe acute respiratory syndrome coronavirus2 
7v23	O	P	0	spike glycoprotein	severe acute respiratory syndrome coronavirus2 
7v23	Q	R	0	spike glycoprotein	severe acute respiratory syndrome coronavirus2 
7v23	S	T	0	spike glycoprotein	severe acute respiratory syndrome coronavirus2 
7v24	H	L	0	spike glycoprotein	severe acute respiratory syndrome coronavirus2 
7v27	B	A	0	spike protein s1	severe acute respiratory syndrome coronavirus2 
7wcd	E	F	0	spike glycoprotein	severe acute respiratory syndrome coronavirus2 
7wcd	G	I	0	spike glycoprotein	severe acute respiratory syndrome coronavirus2 
7wcd	A	B	0	spike glycoprotein	severe acute respiratory syndrome coronavirus2 
8cw9	J	B	0	fusion glycoprotein f0	human metapneumovirus
8cw9	C	D	0	fusion glycoprotein f0	human metapneumovirus
8cw9	G	M	0	fusion glycoprotein f0	human metapneumovirus
8cw9	H	L	0	fusion glycoprotein f0	human metapneumovirus
8cw9	I	K	0	fusion glycoprotein f0	human metapneumovirus
8cw9	N	O	0	fusion glycoprotein f0	human metapneumovirus
7qtj	B	C	0	surface glycoprotein	severe acute respiratory syndrome coronavirus2 
7qtj	F	E	0	surface glycoprotein	severe acute respiratory syndrome coronavirus2 
7qtk	B	C	0	surface glycoprotein	severe acute respiratory syndrome coronavirus2 
7t7b	H	L	0	spike protein s1	severe acute respiratory syndrome coronavirus2 
8df5	A	B	0	spike protein s1	severe acute respiratory syndrome coronavirus2 
8df5	C	D	0	spike protein s1	severe acute respiratory syndrome coronavirus2 
8df5	H	L	0	spike protein s1	severe acute respiratory syndrome coronavirus2 
8df5	M	N	0	spike protein s1	severe acute respiratory syndrome coronavirus2 
7wjy	E	F	0	spike glycoprotein	severe acute respiratory syndrome coronavirus2 
7wo4	D	E	0	spike glycoprotein	severe acute respiratory syndrome coronavirus2 
7wo4	F	G	0	spike glycoprotein	severe acute respiratory syndrome coronavirus2 
7wo4	H	I	0	spike glycoprotein	severe acute respiratory syndrome coronavirus2 
7wo4	M	N	0	spike glycoprotein	severe acute respiratory syndrome coronavirus2 
7wo4	O	P	0	spike glycoprotein	severe acute respiratory syndrome coronavirus2 
7wo4	Q	R	0	spike glycoprotein	severe acute respiratory syndrome coronavirus2 
7wo5	D	E	0	spike glycoprotein	severe acute respiratory syndrome coronavirus2 
7wo5	F	G	0	spike glycoprotein	severe acute respiratory syndrome coronavirus2 
7wo5	H	I	0	spike glycoprotein	severe acute respiratory syndrome coronavirus2 
7wo7	A	B	0	spike protein s1	severe acute respiratory syndrome coronavirus2 
7woa	D	B	0	spike glycoprotein	severe acute respiratory syndrome coronavirus2 
7woa	F	G	0	spike glycoprotein	severe acute respiratory syndrome coronavirus2 
7wob	D	B	0	spike glycoprotein	severe acute respiratory syndrome coronavirus2 
7wob	F	G	0	spike glycoprotein	severe acute respiratory syndrome coronavirus2 
7wob	H	I	0	spike glycoprotein	severe acute respiratory syndrome coronavirus2 
7woc	A	B	0	spike protein s1	severe acute respiratory syndrome coronavirus2 
7wog	A	B	0	spike protein s1	severe acute respiratory syndrome coronavirus2 
7wp0	H	L	0	spike protein s1	severe acute respiratory syndrome coronavirus2 
7wp2	H	L	0	spike protein s1	severe acute respiratory syndrome coronavirus2 
7wjz	A	C	0	spike glycoprotein	severe acute respiratory syndrome coronavirus2 
7wjz	D	N	0	spike glycoprotein	severe acute respiratory syndrome coronavirus2 
7wjz	E	O	0	spike glycoprotein	severe acute respiratory syndrome coronavirus2 
7wjz	F	P	0	spike glycoprotein	severe acute respiratory syndrome coronavirus2 
7wjz	G	Q	0	spike glycoprotein	severe acute respiratory syndrome coronavirus2 
7wjz	H	R	0	spike glycoprotein	severe acute respiratory syndrome coronavirus2 
7wk0	A	B	0	spike protein s1	severe acute respiratory syndrome coronavirus2 
7wk0	D	E	0	spike protein s1	severe acute respiratory syndrome coronavirus2 
7won	H	L	0	spike protein s1	severe acute respiratory syndrome coronavirus2 
7wp1	H	L	0	spike protein s1	severe acute respiratory syndrome coronavirus2 
7x6a	H	L	0	spike glycoprotein	severe acute respiratory syndrome coronavirus2 
7x6a	G	J	0	spike glycoprotein	severe acute respiratory syndrome coronavirus2 
7x6a	I	K	0	spike glycoprotein	severe acute respiratory syndrome coronavirus2 
8dcc	H	L	0	spike protein s1	severe acute respiratory syndrome coronavirus2 
7x1m	A	B	0	spike protein s1	severe acute respiratory syndrome coronavirus2 
7x1m	C	D	0	spike protein s1	severe acute respiratory syndrome coronavirus2 
7x1m	H	L	0	spike protein s1	severe acute respiratory syndrome coronavirus2 
7tz5	H	N	0	hemagglutinin	influenza a virus
7tz5	I	L	0	hemagglutinin	influenza a virus
7tz5	J	M	0	hemagglutinin	influenza a virus
7jmo	H	L	0	spike protein s1	severe acute respiratory syndrome coronavirus2 
7orb	E	F	0	spike protein s1	severe acute respiratory syndrome coronavirus2 
7orb	H	L	0	spike protein s1	severe acute respiratory syndrome coronavirus2 
7orb	C	D	0	spike protein s1	severe acute respiratory syndrome coronavirus2 
7orb	A	B	0	spike protein s1	severe acute respiratory syndrome coronavirus2 
5w08	K	L	0	hemagglutinin ha1	influenza a virus (a/texas/50/2012(h3n2))
5w08	I	J	0	hemagglutinin ha1	influenza a virus (a/texas/50/2012(h3n2))
5w08	O	P	0	hemagglutinin ha1	influenza a virus (a/texas/50/2012(h3n2))
5w08	G	H	0	hemagglutinin ha1	influenza a virus (a/texas/50/2012(h3n2))
5w08	M	N	0	hemagglutinin ha1	influenza a virus (a/texas/50/2012(h3n2))
5w08	Q	R	0	hemagglutinin ha1	influenza a virus (a/texas/50/2012(h3n2))
6zdh	H	L	0	spike glycoprotein	severe acute respiratory syndrome coronavirus2 
6zdh	D	F	0	spike glycoprotein	severe acute respiratory syndrome coronavirus2 
6zdh	G	I	0	spike glycoprotein	severe acute respiratory syndrome coronavirus2 
7cwn	K	I	0	spike glycoprotein	severe acute respiratory syndrome coronavirus2 
7cwn	E	D	0	spike glycoprotein	severe acute respiratory syndrome coronavirus2 
7cwn	G	F	0	spike glycoprotein	severe acute respiratory syndrome coronavirus2 
7cwn	O	M	0	spike glycoprotein	severe acute respiratory syndrome coronavirus2 
7cwn	H	N	0	spike glycoprotein	severe acute respiratory syndrome coronavirus2 
7cwn	L	J	0	spike glycoprotein	severe acute respiratory syndrome coronavirus2 
2ny3	D	C	0	envelope glycoprotein gp120	human immunodeficiency virus 1
4ypg	H	L	0	interferon alpha-2	homo sapiens
4ypg	B	A	0	interferon alpha-2	homo sapiens
6q18	H	L	0	hemagglutinin	influenza a virus (a/beijing/262/1995(h1n1))
2vxs	J	N	0	interleukin-17a	homo sapiens
2vxs	K	O	0	interleukin-17a	homo sapiens
2vxs	H	L	0	interleukin-17a	homo sapiens
2vxs	I	M	0	interleukin-17a	homo sapiens
7tn0	M	N	0	spike protein s1	severe acute respiratory syndrome coronavirus2 
7tn0	C	D	0	spike protein s1	severe acute respiratory syndrome coronavirus2 
7tn0	H	G	0	spike protein s1	severe acute respiratory syndrome coronavirus2 
7tn0	B	A	0	spike protein s1	severe acute respiratory syndrome coronavirus2 
7mw6	D	E	0	spike glycoprotein	severe acute respiratory syndrome coronavirus2 
7mw6	F	G	0	spike glycoprotein	severe acute respiratory syndrome coronavirus2 
7mw6	H	L	0	spike glycoprotein	severe acute respiratory syndrome coronavirus2 
6o2b	A	B	0	circumsporozoite protein	plasmodium falciparum
6o2b	H	I	0	circumsporozoite protein	plasmodium falciparum
2ny0	D	C	0	envelope glycoprotein gp120	human immunodeficiency virus 1
7t4r	P	Q	0	envelope glycoprotein h	human betaherpesvirus 5
7t4r	G	H	0	envelope glycoprotein h	human betaherpesvirus 5
7t4r	J	I	0	envelope glycoprotein h	human betaherpesvirus 5
7t4r	S	R	0	envelope glycoprotein h	human betaherpesvirus 5
7wec	I	K	0	spike glycoprotein	severe acute respiratory syndrome coronavirus2 
7wec	H	L	0	spike glycoprotein	severe acute respiratory syndrome coronavirus2 
7wec	G	J	0	spike glycoprotein	severe acute respiratory syndrome coronavirus2 
6xcn	H	L	0	spike glycoprotein	severe acute respiratory syndrome coronavirus2 
6xcn	B	D	0	spike glycoprotein	severe acute respiratory syndrome coronavirus2 
6xcn	F	G	0	spike glycoprotein	severe acute respiratory syndrome coronavirus2 
7bel	C	D	0	spike glycoprotein	severe acute respiratory syndrome coronavirus2 
7bel	E	F	0	spike glycoprotein	severe acute respiratory syndrome coronavirus2 
7bel	H	L	0	spike glycoprotein	severe acute respiratory syndrome coronavirus2 
7bel	A	B	0	spike glycoprotein	severe acute respiratory syndrome coronavirus2 
7bej	H	L	0	spike glycoprotein	severe acute respiratory syndrome coronavirus2 
7l2e	H	L	0	spike glycoprotein	severe acute respiratory syndrome coronavirus2 
7l2e	G	J	0	spike glycoprotein	severe acute respiratory syndrome coronavirus2 
7l2e	I	K	0	spike glycoprotein	severe acute respiratory syndrome coronavirus2 
7s0x	C	D	0	circumsporozoite protein	plasmodium falciparum (isolate 3d7)
7s0x	H	L	0	circumsporozoite protein	plasmodium falciparum (isolate 3d7)
6cde	M	N	0	glycoprotein 120	human immunodeficiency virus 1
6cde	7	8	0	glycoprotein 120	human immunodeficiency virus 1
6cde	Q	R	0	glycoprotein 120	human immunodeficiency virus 1
6cde	5	6	0	glycoprotein 120	human immunodeficiency virus 1
5dup	H	L	0	hemagglutinin	influenza a virus (a/anhui/1/2005(h5n1))
7lq7	H	L	0	spike protein s1	severe acute respiratory syndrome coronavirus2 
7lq7	y	z	0	spike protein s1	severe acute respiratory syndrome coronavirus2 
7lq7	F	G	0	spike protein s1	severe acute respiratory syndrome coronavirus2 
7lq7	C	D	0	spike protein s1	severe acute respiratory syndrome coronavirus2 
7lq7	P	Q	0	spike protein s1	severe acute respiratory syndrome coronavirus2 
7lq7	T	U	0	spike protein s1	severe acute respiratory syndrome coronavirus2 
7tm0	E	D	0	spike glycoprotein	severe acute respiratory syndrome coronavirus2 
7tm0	I	H	0	spike glycoprotein	severe acute respiratory syndrome coronavirus2 
7tm0	N	O	0	spike glycoprotein	severe acute respiratory syndrome coronavirus2 
7tm0	G	F	0	spike glycoprotein	severe acute respiratory syndrome coronavirus2 
7tm0	L	M	0	spike glycoprotein	severe acute respiratory syndrome coronavirus2 
7tm0	J	K	0	spike glycoprotein	severe acute respiratory syndrome coronavirus2 
7ra8	C	D	0	spike glycoprotein	severe acute respiratory syndrome coronavirus2 
7ra8	H	L	0	spike glycoprotein	severe acute respiratory syndrome coronavirus2 
7ra8	F	G	0	spike glycoprotein	severe acute respiratory syndrome coronavirus2 
6rp8	H	L	0	cytotoxic t-lymphocyte protein 4	homo sapiens
7te1	H	L	0	spike protein s1	homo sapiens
7te1	C	F	0	spike protein s1	homo sapiens
6pzw	F	E	0	neuraminidase	influenza a virus(a/environment/shanghai/s1439/2013(h7n9)) 
6pzw	J	G	0	neuraminidase	influenza a virus(a/environment/shanghai/s1439/2013(h7n9)) 
6pzw	K	I	0	neuraminidase	influenza a virus(a/environment/shanghai/s1439/2013(h7n9)) 
6pzw	H	L	0	neuraminidase	influenza a virus(a/environment/shanghai/s1439/2013(h7n9)) 
6x5b	I	F	0	envelope glycoprotein gp120	human immunodeficiency virus 1
6x5b	O	M	0	envelope glycoprotein gp120	human immunodeficiency virus 1
6x5b	H	L	0	envelope glycoprotein gp120	human immunodeficiency virus 1
4qhu	B	A	0	interleukin-17a	homo sapiens
4qhu	H	L	0	interleukin-17a	homo sapiens
7wwl	J	N	0	spike glycoprotein	severe acute respiratory syndrome coronavirus2 
7wwl	H	L	0	spike glycoprotein	severe acute respiratory syndrome coronavirus2 
7wwl	I	M	0	spike glycoprotein	severe acute respiratory syndrome coronavirus2 
6mfp	H	L	0	clade a/e 93th057 hiv-1 gp120 core	human immunodeficiency virus 1
6mfp	C	D	0	clade a/e 93th057 hiv-1 gp120 core	human immunodeficiency virus 1
6nms	B	A	0	tyrosine-protein phosphatase non-receptor type substrate 1	homo sapiens
6nms	H	L	0	tyrosine-protein phosphatase non-receptor type substrate 1	homo sapiens
7nd4	H	L	0	spike glycoprotein	severe acute respiratory syndrome coronavirus2 
7nd4	F	G	0	spike glycoprotein	severe acute respiratory syndrome coronavirus2 
7nd4	D	E	0	spike glycoprotein	severe acute respiratory syndrome coronavirus2 
5lbs	H	L	0	envelope protein e	zika virus
5lbs	I	M	0	envelope protein e	zika virus
7ws1	E	D	0	spike glycoprotein	severe acute respiratory syndrome coronavirus2 
7ws1	G	F	0	spike glycoprotein	severe acute respiratory syndrome coronavirus2 
7ws1	I	H	0	spike glycoprotein	severe acute respiratory syndrome coronavirus2 
7lue	J	N	0	fusion glycoprotein f0	respiratory syncytial virus a2
7lue	H	L	0	fusion glycoprotein f0	respiratory syncytial virus a2
7lue	I	M	0	fusion glycoprotein f0	respiratory syncytial virus a2
6mhg	G	S	0	circumsporozoite protein	plasmodium falciparum
6mhg	A	N	0	circumsporozoite protein	plasmodium falciparum
6mhg	B	O	0	circumsporozoite protein	plasmodium falciparum
6mhg	H	L	0	circumsporozoite protein	plasmodium falciparum
6mhg	F	R	0	circumsporozoite protein	plasmodium falciparum
6mhg	I	T	0	circumsporozoite protein	plasmodium falciparum
6mhg	M	W	0	circumsporozoite protein	plasmodium falciparum
6mhg	C	P	0	circumsporozoite protein	plasmodium falciparum
6mhg	J	U	0	circumsporozoite protein	plasmodium falciparum
6mhg	K	V	0	circumsporozoite protein	plasmodium falciparum
6mhg	D	Q	0	circumsporozoite protein	plasmodium falciparum
6opo	H	L	0	envelope glycoprotein gp160	human immunodeficiency virus 1
6opo	O	K	0	envelope glycoprotein gp160	human immunodeficiency virus 1
6opo	I	E	0	envelope glycoprotein gp160	human immunodeficiency virus 1
4fp8	I	M	0	hemagglutinin ha1 chain	influenza a virus
4fp8	H	L	0	hemagglutinin ha1 chain	influenza a virus
4fp8	K	O	0	hemagglutinin ha1 chain	influenza a virus
4fp8	J	N	0	hemagglutinin ha1 chain	influenza a virus
6v4n	C	G	0	neuraminidase	influenza b virus
6v4n	H	L	0	neuraminidase	influenza b virus
6v4n	A	B	0	neuraminidase	influenza b virus
6v4n	D	E	0	neuraminidase	influenza b virus
6d0u	H	I	0	hemagglutinin	influenza a virus
6d0u	C	D	0	hemagglutinin	influenza a virus
6d0u	E	F	0	hemagglutinin	influenza a virus
6d0u	K	L	0	hemagglutinin	influenza a virus
6p3s	C	D	0	hemagglutinin	influenza a virus(a/chicken/vietnam/32/2004(h5n1)) 
6p3s	S	T	0	hemagglutinin	influenza a virus(a/chicken/vietnam/32/2004(h5n1)) 
6p3s	M	N	0	hemagglutinin	influenza a virus(a/chicken/vietnam/32/2004(h5n1)) 
6p3s	V	W	0	hemagglutinin	influenza a virus(a/chicken/vietnam/32/2004(h5n1)) 
6p3s	I	J	0	hemagglutinin	influenza a virus(a/chicken/vietnam/32/2004(h5n1)) 
6p3s	P	Q	0	hemagglutinin	influenza a virus(a/chicken/vietnam/32/2004(h5n1)) 
6p3s	A	B	0	hemagglutinin	influenza a virus(a/chicken/vietnam/32/2004(h5n1)) 
6p3s	F	G	0	hemagglutinin	influenza a virus(a/chicken/vietnam/32/2004(h5n1)) 
7r8m	H	L	0	spike glycoprotein	severe acute respiratory syndrome coronavirus2 
7r8m	D	E	0	spike glycoprotein	severe acute respiratory syndrome coronavirus2 
7eh5	H	L	0	spike glycoprotein	severe acute respiratory syndrome coronavirus2 
7eh5	E	P	0	spike glycoprotein	severe acute respiratory syndrome coronavirus2 
7eh5	I	M	0	spike glycoprotein	severe acute respiratory syndrome coronavirus2 
7eh5	D	O	0	spike glycoprotein	severe acute respiratory syndrome coronavirus2 
7eh5	F	Q	0	spike glycoprotein	severe acute respiratory syndrome coronavirus2 
7eh5	J	N	0	spike glycoprotein	severe acute respiratory syndrome coronavirus2 
7luc	F	G	0	fusion glycoprotein f0	respiratory syncytial virus
7luc	N	O	0	fusion glycoprotein f0	respiratory syncytial virus
7luc	H	I	0	fusion glycoprotein f0	respiratory syncytial virus
7luc	D	E	0	fusion glycoprotein f0	respiratory syncytial virus
7luc	L	M	0	fusion glycoprotein f0	respiratory syncytial virus
7luc	J	K	0	fusion glycoprotein f0	respiratory syncytial virus
7f3q	H	L	0	spike glycoprotein	severe acute respiratory syndrome coronavirus2 
7f3q	C	B	0	spike glycoprotein	severe acute respiratory syndrome coronavirus2 
7chh	J	K	0	spike glycoprotein	severe acute respiratory syndrome coronavirus2 
7chh	G	H	0	spike glycoprotein	severe acute respiratory syndrome coronavirus2 
7chh	D	E	0	spike glycoprotein	severe acute respiratory syndrome coronavirus2 
7we9	H	J	0	spike glycoprotein	severe acute respiratory syndrome coronavirus2 
7we9	C	L	0	spike glycoprotein	severe acute respiratory syndrome coronavirus2 
7we9	I	K	0	spike glycoprotein	severe acute respiratory syndrome coronavirus2 
5ibl	C	D	0	hemagglutinin	influenza a virus
7cyv	H	H	0	spike protein s1	severe acute respiratory syndrome coronavirus2 
7s6j	C	D	0	spike glycoprotein	severe acute respiratory syndrome coronavirus2 
7s6j	F	G	0	spike glycoprotein	severe acute respiratory syndrome coronavirus2 
7s6j	H	L	0	spike glycoprotein	severe acute respiratory syndrome coronavirus2 
7mw3	H	L	0	spike glycoprotein	severe acute respiratory syndrome coronavirus2 
7mw3	D	E	0	spike glycoprotein	severe acute respiratory syndrome coronavirus2 
7mw3	F	G	0	spike glycoprotein	severe acute respiratory syndrome coronavirus2 
4kxz	Q	P	0	transforming growth factor beta-2	homo sapiens
4kxz	N	M	0	transforming growth factor beta-2	homo sapiens
4kxz	J	I	0	transforming growth factor beta-2	homo sapiens
4kxz	H	L	0	transforming growth factor beta-2	homo sapiens
7pnq	D	F	0	spike glycoprotein	human coronavirus oc43
7pnq	H	L	0	spike glycoprotein	human coronavirus oc43
7pnq	X	Y	0	spike glycoprotein	human coronavirus oc43
4ut6	I	M	0	envelope glycoprotein e	dengue virus 2
4ut6	H	L	0	envelope glycoprotein e	dengue virus 2
6wir	A	B	0	interleukin-17a	homo sapiens
3whe	O	P	0	hemagglutinin	influenza a virus
3whe	9	0	0	hemagglutinin	influenza a virus
3whe	M	N	0	hemagglutinin	influenza a virus
3whe	7	8	0	hemagglutinin	influenza a virus
3whe	S	T	0	hemagglutinin	influenza a virus
3whe	5	6	0	hemagglutinin	influenza a virus
3whe	U	V	0	hemagglutinin	influenza a virus
3whe	W	X	0	hemagglutinin	influenza a virus
3whe	1	2	0	hemagglutinin	influenza a virus
3whe	Y	Z	0	hemagglutinin	influenza a virus
3whe	Q	R	0	hemagglutinin	influenza a virus
3whe	3	4	0	hemagglutinin	influenza a virus
7mzk	H	L	0	spike protein s1	severe acute respiratory syndrome coronavirus2 
7mzk	F	E	0	spike protein s1	severe acute respiratory syndrome coronavirus2 
7mzk	C	D	0	spike protein s1	severe acute respiratory syndrome coronavirus2 
7mzk	N	M	0	spike protein s1	severe acute respiratory syndrome coronavirus2 
7czx	I	M	0	spike glycoprotein	severe acute respiratory syndrome coronavirus2 
7czx	H	K	0	spike glycoprotein	severe acute respiratory syndrome coronavirus2 
7czx	J	N	0	spike glycoprotein	severe acute respiratory syndrome coronavirus2 
7vux	H	L	0	programmed cell death protein 1	homo sapiens
6wo5	C	D	0	envelope glycoprotein e2	hepatitis c virus (isolate h)
6wo5	G	I	0	envelope glycoprotein e2	hepatitis c virus (isolate h)
6wo5	A	B	0	envelope glycoprotein e2	hepatitis c virus (isolate h)
6wo5	H	L	0	envelope glycoprotein e2	hepatitis c virus (isolate h)
7k43	C	D	0	sars-cov-2 spike glycoprotein	severe acute respiratory syndrome coronavirus2 
7k43	F	G	0	sars-cov-2 spike glycoprotein	severe acute respiratory syndrome coronavirus2 
7k43	H	L	0	sars-cov-2 spike glycoprotein	severe acute respiratory syndrome coronavirus2 
7ps0	H	L	0	surface glycoprotein	severe acute respiratory syndrome coronavirus2 
7ps0	B	C	0	surface glycoprotein	severe acute respiratory syndrome coronavirus2 
7ly9	B	C	0	envelope glycoprotein gp120	human immunodeficiency virus 1
7ly9	A	M	0	envelope glycoprotein gp120	human immunodeficiency virus 1
7ly9	E	I	0	envelope glycoprotein gp120	human immunodeficiency virus 1
7ly9	H	L	0	envelope glycoprotein gp120	human immunodeficiency virus 1
7lex	R	P	0	arginase-1	homo sapiens
7lex	F	H	0	arginase-1	homo sapiens
7lex	G	I	0	arginase-1	homo sapiens
7lex	D	E	0	arginase-1	homo sapiens
7lex	K	L	0	arginase-1	homo sapiens
7lex	Q	O	0	arginase-1	homo sapiens
7nx7	H	L	0	spike protein s1	severe acute respiratory syndrome coronavirus2 
7nx7	A	B	0	spike protein s1	severe acute respiratory syndrome coronavirus2 
5u7o	H	L	0	envelope glycoprotein gp160	human immunodeficiency virus 1
5u7o	D	E	0	envelope glycoprotein gp160	human immunodeficiency virus 1
6um7	J	K	0	envelope glycoprotein gp120	human immunodeficiency virus 1
6um7	B	C	0	envelope glycoprotein gp120	human immunodeficiency virus 1
6um7	F	G	0	envelope glycoprotein gp120	human immunodeficiency virus 1
7ej4	J	N	0	spike glycoprotein	severe acute respiratory syndrome coronavirus2 
7ej4	H	L	0	spike glycoprotein	severe acute respiratory syndrome coronavirus2 
7ej4	I	M	0	spike glycoprotein	severe acute respiratory syndrome coronavirus2 
7dk2	D	E	0	spike protein s1	severe acute respiratory syndrome coronavirus2 
7dk2	J	K	0	spike protein s1	severe acute respiratory syndrome coronavirus2 
7dk2	A	B	0	spike protein s1	severe acute respiratory syndrome coronavirus2 
7dk2	G	H	0	spike protein s1	severe acute respiratory syndrome coronavirus2 
6wty	H	I	0	reticulocyte binding protein 2b	plasmodium vivax (strain salvador i)
6wty	K	L	0	reticulocyte binding protein 2b	plasmodium vivax (strain salvador i)
6wty	B	C	0	reticulocyte binding protein 2b	plasmodium vivax (strain salvador i)
6wty	E	F	0	reticulocyte binding protein 2b	plasmodium vivax (strain salvador i)
7nd7	H	L	0	spike glycoprotein	severe acute respiratory syndrome coronavirus2 
7nd7	J	K	0	spike glycoprotein	severe acute respiratory syndrome coronavirus2 
7nd7	F	G	0	spike glycoprotein	severe acute respiratory syndrome coronavirus2 
7cws	P	M	0	spike glycoprotein	severe acute respiratory syndrome coronavirus2 
7cws	E	D	0	spike glycoprotein	severe acute respiratory syndrome coronavirus2 
7cws	N	K	0	spike glycoprotein	severe acute respiratory syndrome coronavirus2 
7cws	L	C	0	spike glycoprotein	severe acute respiratory syndrome coronavirus2 
7cws	I	H	0	spike glycoprotein	severe acute respiratory syndrome coronavirus2 
7cws	G	F	0	spike glycoprotein	severe acute respiratory syndrome coronavirus2 
4m5z	H	L	0	hemagglutinin ha1 chain	influenza a virus
7e8c	D	E	0	spike glycoprotein	severe acute respiratory syndrome coronavirus2 
7e8c	K	I	0	spike glycoprotein	severe acute respiratory syndrome coronavirus2 
7e8c	N	P	0	spike glycoprotein	severe acute respiratory syndrome coronavirus2 
7e8c	a	Z	0	spike glycoprotein	severe acute respiratory syndrome coronavirus2 
7e8c	S	U	0	spike glycoprotein	severe acute respiratory syndrome coronavirus2 
7e8c	T	V	0	spike glycoprotein	severe acute respiratory syndrome coronavirus2 
7ps2	H	L	0	surface glycoprotein	severe acute respiratory syndrome coronavirus2 
7ps2	A	B	0	surface glycoprotein	severe acute respiratory syndrome coronavirus2 
7czu	H	K	0	spike glycoprotein	severe acute respiratory syndrome coronavirus2 
7czu	J	N	0	spike glycoprotein	severe acute respiratory syndrome coronavirus2 
7sc1	P	Q	0	spike glycoprotein	severe acute respiratory syndrome coronavirus2 
7sc1	M	N	0	spike glycoprotein	severe acute respiratory syndrome coronavirus2 
7sc1	H	L	0	spike glycoprotein	severe acute respiratory syndrome coronavirus2 
7akd	H	L	0	spike glycoprotein	severe acute respiratory syndrome coronavirus2 
7akd	D	E	0	spike glycoprotein	severe acute respiratory syndrome coronavirus2 
4z5r	W	V	0	interferon alpha-2	homo sapiens
4z5r	Z	Y	0	interferon alpha-2	homo sapiens
4z5r	B	A	0	interferon alpha-2	homo sapiens
4z5r	K	J	0	interferon alpha-2	homo sapiens
4z5r	M	L	0	interferon alpha-2	homo sapiens
4z5r	U	T	0	interferon alpha-2	homo sapiens
4z5r	Q	P	0	interferon alpha-2	homo sapiens
4z5r	S	R	0	interferon alpha-2	homo sapiens
2qr0	R	Q	0	vascular endothelial growth factor a	homo sapiens
2qr0	L	K	0	vascular endothelial growth factor a	homo sapiens
2qr0	T	S	0	vascular endothelial growth factor a	homo sapiens
2qr0	B	A	0	vascular endothelial growth factor a	homo sapiens
2qr0	F	E	0	vascular endothelial growth factor a	homo sapiens
2qr0	N	M	0	vascular endothelial growth factor a	homo sapiens
2qr0	H	G	0	vascular endothelial growth factor a	homo sapiens
2qr0	X	W	0	vascular endothelial growth factor a	homo sapiens
7sn3	F	G	0	spike glycoprotein	severe acute respiratory syndrome coronavirus2 
7sn3	H	L	0	spike glycoprotein	severe acute respiratory syndrome coronavirus2 
4om0	H	L	0	envelope glycoprotein gp160	human immunodeficiency virus 1
4om1	H	L	0	envelope glycoprotein gp160	human immunodeficiency virus 1
7fjo	H	L	0	spike glycoprotein	severe acute respiratory syndrome coronavirus2 
7fjo	F	G	0	spike glycoprotein	severe acute respiratory syndrome coronavirus2 
7fjo	J	K	0	spike glycoprotein	severe acute respiratory syndrome coronavirus2 
7lf0	F	H	0	arginase-1	homo sapiens
7lf0	D	E	0	arginase-1	homo sapiens
7lf0	R	P	0	arginase-1	homo sapiens
7lf0	K	L	0	arginase-1	homo sapiens
7lf0	G	I	0	arginase-1	homo sapiens
7lf0	Q	O	0	arginase-1	homo sapiens
6mtn	H	L	0	envelope glycoprotein gp160	human immunodeficiency virus 1
6mtn	D	E	0	envelope glycoprotein gp160	human immunodeficiency virus 1
7e5s	U	Q	0	spike glycoprotein	severe acute respiratory syndrome coronavirus2 
7e5s	P	N	0	spike glycoprotein	severe acute respiratory syndrome coronavirus2 
7e5s	I	K	0	spike glycoprotein	severe acute respiratory syndrome coronavirus2 
7e5s	R	O	0	spike glycoprotein	severe acute respiratory syndrome coronavirus2 
7e5s	V	S	0	spike glycoprotein	severe acute respiratory syndrome coronavirus2 
7e5s	L	D	0	spike glycoprotein	severe acute respiratory syndrome coronavirus2 
7e5s	E	H	0	spike glycoprotein	severe acute respiratory syndrome coronavirus2 
7e5s	J	T	0	spike glycoprotein	severe acute respiratory syndrome coronavirus2 
7ejz	H	L	0	spike protein s1	severe acute respiratory syndrome coronavirus2 
6lxj	M	N	0	neuraminidase	influenza a virus (a/anhui/1-balf_rg44/2013(h7n9)) 
6lxj	E	F	0	neuraminidase	influenza a virus (a/anhui/1-balf_rg44/2013(h7n9)) 
6lxj	H	L	0	neuraminidase	influenza a virus (a/anhui/1-balf_rg44/2013(h7n9)) 
6lxj	J	K	0	neuraminidase	influenza a virus (a/anhui/1-balf_rg44/2013(h7n9)) 
7dpm	A	B	0	spike protein s1	severe acute respiratory syndrome coronavirus2 
7dpm	J	K	0	spike protein s1	severe acute respiratory syndrome coronavirus2 
7dpm	G	H	0	spike protein s1	severe acute respiratory syndrome coronavirus2 
7dpm	D	E	0	spike protein s1	severe acute respiratory syndrome coronavirus2 
4jhw	H	L	0	fusion glycoprotein f0	human respiratory syncytial virus
5y9j	H	L	0	tumor necrosis factor ligand superfamily member 13b	homo sapiens
6vvu	J	K	0	tryptase alpha/beta-1	homo sapiens
6vvu	E	F	0	tryptase alpha/beta-1	homo sapiens
6vvu	G	I	0	tryptase alpha/beta-1	homo sapiens
6vvu	H	L	0	tryptase alpha/beta-1	homo sapiens
4mwf	A	B	0	envelope glycoprotein e2	hepatitis c virus (isolate h)
4mwf	H	L	0	envelope glycoprotein e2	hepatitis c virus (isolate h)
7ley	D	E	0	arginase-1	homo sapiens
7ley	G	F	0	arginase-1	homo sapiens
7ley	H	I	0	arginase-1	homo sapiens
7si2	G	F	0	spike protein s1	severe acute respiratory syndrome coronavirus2 
7si2	H	L	0	spike protein s1	severe acute respiratory syndrome coronavirus2 
7si2	E	D	0	spike protein s1	severe acute respiratory syndrome coronavirus2 
6cm3	O	N	0	envelope glycoprotein gp160	human immunodeficiency virus 1
6cm3	M	L	0	envelope glycoprotein gp160	human immunodeficiency virus 1
6cm3	K	J	0	envelope glycoprotein gp160	human immunodeficiency virus 1
6cm3	R	S	0	envelope glycoprotein gp160	human immunodeficiency virus 1
6cm3	T	U	0	envelope glycoprotein gp160	human immunodeficiency virus 1
6cm3	P	Q	0	envelope glycoprotein gp160	human immunodeficiency virus 1
7k8s	H	L	0	spike glycoprotein	severe acute respiratory syndrome coronavirus2 
7k8s	O	P	0	spike glycoprotein	severe acute respiratory syndrome coronavirus2 
7k8s	M	N	0	spike glycoprotein	severe acute respiratory syndrome coronavirus2 
6xkq	H	L	0	spike protein s1	severe acute respiratory syndrome coronavirus2 
5ggv	H	L	0	cytotoxic t-lymphocyte protein 4	homo sapiens
7ws0	G	F	0	spike glycoprotein	severe acute respiratory syndrome coronavirus2 
7ws0	E	D	0	spike glycoprotein	severe acute respiratory syndrome coronavirus2 
7ws0	I	H	0	spike glycoprotein	severe acute respiratory syndrome coronavirus2 
7dzy	O	P	0	spike glycoprotein	severe acute respiratory syndrome coronavirus2 
7dzy	H	L	0	spike glycoprotein	severe acute respiratory syndrome coronavirus2 
7dzy	M	N	0	spike glycoprotein	severe acute respiratory syndrome coronavirus2 
7nxa	A	B	0	spike protein s1	severe acute respiratory syndrome coronavirus2 
7nxa	H	L	0	spike protein s1	severe acute respiratory syndrome coronavirus2 
7s6k	F	G	0	spike glycoprotein	severe acute respiratory syndrome coronavirus2 
7s6k	H	L	0	spike glycoprotein	severe acute respiratory syndrome coronavirus2 
7s6k	C	D	0	spike glycoprotein	severe acute respiratory syndrome coronavirus2 
4s1r	H	L	0	clade a/e 93th057 hiv-1 gp120 core	human immunodeficiency virus 1
6att	H	L	0	receptor tyrosine-protein kinase erbb-2	homo sapiens
7cwt	I	J	0	spike glycoprotein	severe acute respiratory syndrome coronavirus2 
7cwt	L	H	0	spike glycoprotein	severe acute respiratory syndrome coronavirus2 
7cwt	N	K	0	spike glycoprotein	severe acute respiratory syndrome coronavirus2 
7cwt	P	M	0	spike glycoprotein	severe acute respiratory syndrome coronavirus2 
7cwt	G	F	0	spike glycoprotein	severe acute respiratory syndrome coronavirus2 
7cwt	E	D	0	spike glycoprotein	severe acute respiratory syndrome coronavirus2 
6kyz	B	C	0	genome polyprotein	human rhinovirus 14
6kyz	E	F	0	genome polyprotein	human rhinovirus 14
7jn5	H	L	0	spike glycoprotein	human sars coronavirus
7qf1	C	B	0	spike protein s1	severe acute respiratory syndrome coronavirus2 
7qf1	E	D	0	spike protein s1	severe acute respiratory syndrome coronavirus2 
5k9o	H	L	0	hemagglutinin	influenza a virus (strain swla/california/04/2009 h1n1) 
5k9o	A	B	0	hemagglutinin	influenza a virus (strain swla/california/04/2009 h1n1) 
7zr7	D	E	0	spike glycoprotein,fibritin	severe acute respiratory syndrome coronavirus2, tequatrovirus t4 
7zr7	H	L	0	spike glycoprotein,fibritin	severe acute respiratory syndrome coronavirus2, tequatrovirus t4 
7zr7	F	G	0	spike glycoprotein,fibritin	severe acute respiratory syndrome coronavirus2, tequatrovirus t4 
3n85	H	L	0	receptor tyrosine-protein kinase erbb-2	homo sapiens
7l06	G	E	0	spike glycoprotein	severe acute respiratory syndrome coronavirus2 
7l06	M	K	0	spike glycoprotein	severe acute respiratory syndrome coronavirus2 
7pnm	I	E	0	spike glycoprotein	human coronavirus oc43
7pnm	G	D	0	spike glycoprotein	human coronavirus oc43
7pnm	H	L	0	spike glycoprotein	human coronavirus oc43
1rzk	H	L	0	envelope glycoprotein gp120	human immunodeficiency virus 1
7shy	C	D	0	ige fc	homo sapiens
7shy	I	J	0	ige fc	homo sapiens
7shy	K	L	0	ige fc	homo sapiens
7shy	E	F	0	ige fc	homo sapiens
7dk0	A	B	0	spike protein s1	severe acute respiratory syndrome coronavirus2 
6pe9	H	L	0	tumor necrosis factor receptor superfamily member 5	homo sapiens
6pe9	K	M	0	tumor necrosis factor receptor superfamily member 5	homo sapiens
6pe9	C	D	0	tumor necrosis factor receptor superfamily member 5	homo sapiens
7a5s	H	L	0	spike glycoprotein	severe acute respiratory syndrome coronavirus2 
7a5s	I	M	0	spike glycoprotein	severe acute respiratory syndrome coronavirus2 
7k8w	N	S	0	spike glycoprotein	severe acute respiratory syndrome coronavirus2 
6jep	H	L	0	genome polyprotein	zika virus
6jep	K	I	0	genome polyprotein	zika virus
5hi4	C	D	0	interleukin-17a	homo sapiens
5hi4	H	L	0	interleukin-17a	homo sapiens
7pqy	H	L	0	spike protein s1	severe acute respiratory syndrome coronavirus2 
7pqy	B	C	0	spike protein s1	severe acute respiratory syndrome coronavirus2 
6w03	H	L	0	envelope glycoprotein gp160	human immunodeficiency virus 1
6w03	D	E	0	envelope glycoprotein gp41	human immunodeficiency virus 1
6lxk	J	K	0	neuraminidase	influenza a virus
6lxk	H	L	0	neuraminidase	influenza a virus
6lxk	E	F	0	neuraminidase	influenza a virus
7lf2	G	I	0	arginase-1	homo sapiens
7lf2	F	H	0	arginase-1	homo sapiens
7lf2	K	L	0	arginase-1	homo sapiens
7lf2	D	E	0	arginase-1	homo sapiens
7lf2	O	M	0	arginase-1	homo sapiens
7lf2	P	N	0	arginase-1	homo sapiens
6erx	F	G	0	tumor necrosis factor ligand superfamily member 13b	homo sapiens
6erx	D	E	0	tumor necrosis factor ligand superfamily member 13b	homo sapiens
6erx	H	I	0	tumor necrosis factor ligand superfamily member 13b	homo sapiens
6erx	O	P	0	tumor necrosis factor ligand superfamily member 13b	homo sapiens
6erx	M	N	0	tumor necrosis factor ligand superfamily member 13b	homo sapiens
6erx	Q	R	0	tumor necrosis factor ligand superfamily member 13b	homo sapiens
4olu	H	L	0	envelope glycoprotein gp160	human immunodeficiency virus 1
6cdi	H	L	0	glycoprotein 120	human immunodeficiency virus 1
6cdi	5	6	0	glycoprotein 120	human immunodeficiency virus 1
6cdi	8	7	0	glycoprotein 120	human immunodeficiency virus 1
6cdi	M	N	0	glycoprotein 120	human immunodeficiency virus 1
6cdi	Q	R	0	glycoprotein 120	human immunodeficiency virus 1
6aru	C	B	0	epidermal growth factor receptor	homo sapiens
8dce	H	H	0	spike protein s1	severe acute respiratory syndrome coronavirus2 
7a5r	I	M	0	spike glycoprotein	severe acute respiratory syndrome coronavirus2 
7a5r	H	L	0	spike glycoprotein	severe acute respiratory syndrome coronavirus2 
5hys	A	B	0	ig epsilon chain c region	homo sapiens
5hys	E	F	0	ig epsilon chain c region	homo sapiens
5hys	H	L	0	ig epsilon chain c region	homo sapiens
5hys	C	D	0	ig epsilon chain c region	homo sapiens
7qnw	A	B	0	surface glycoprotein	severe acute respiratory syndrome coronavirus2 
7qnw	H	L	0	surface glycoprotein	severe acute respiratory syndrome coronavirus2 
5n0a	H	L	0	envelope glycoprotein e	dengue virus 2
5n0a	I	M	0	envelope glycoprotein e	dengue virus 2
7x7o	H	L	0	spike protein s1	severe acute respiratory syndrome coronavirus2 
7x7o	G	I	0	spike protein s1	severe acute respiratory syndrome coronavirus2 
7x7o	E	F	0	spike protein s1	severe acute respiratory syndrome coronavirus2 
7x7o	J	K	0	spike protein s1	severe acute respiratory syndrome coronavirus2 
7kn4	M	N	0	spike protein s1	severe acute respiratory syndrome coronavirus2 
7kn4	H	L	0	spike protein s1	severe acute respiratory syndrome coronavirus2 
7jva	H	L	0	sars-cov-2 spike glycoprotein	severe acute respiratory syndrome coronavirus2 
6xc7	C	D	0	spike protein s1	severe acute respiratory syndrome coronavirus2 
6xc7	H	L	0	spike protein s1	severe acute respiratory syndrome coronavirus2 
5w4l	D	E	0	clade a/e 93th057 hiv-1 gp120 core	human immunodeficiency virus 1
5w4l	B	C	0	clade a/e 93th057 hiv-1 gp120 core	human immunodeficiency virus 1
5w4l	H	L	0	clade a/e 93th057 hiv-1 gp120 core	human immunodeficiency virus 1
5w4l	F	I	0	clade a/e 93th057 hiv-1 gp120 core	human immunodeficiency virus 1
4ut9	J	N	0	envelope glycoprotein e	dengue virus 2
4ut9	H	L	0	envelope glycoprotein e	dengue virus 2
4ut9	K	O	0	envelope glycoprotein e	dengue virus 2
4ut9	I	M	0	envelope glycoprotein e	dengue virus 2
6phf	A	B	0	25 kda ookinete surface antigen	plasmodium falciparum
6phf	C	D	0	25 kda ookinete surface antigen	plasmodium falciparum
7wwm	I	M	0	spike glycoprotein	severe acute respiratory syndrome coronavirus2 
7wwm	H	L	0	spike glycoprotein	severe acute respiratory syndrome coronavirus2 
7wwm	J	N	0	spike glycoprotein	severe acute respiratory syndrome coronavirus2 
7m7w	C	D	0	spike protein s1	severe acute respiratory syndrome coronavirus2 
7m7w	E	F	0	spike protein s1	severe acute respiratory syndrome coronavirus2 
7m7w	H	L	0	spike protein s1	severe acute respiratory syndrome coronavirus2 
7m7w	A	B	0	spike protein s1	severe acute respiratory syndrome coronavirus2 
7l56	H	L	0	spike glycoprotein	severe acute respiratory syndrome coronavirus2 
7l56	J	K	0	spike glycoprotein	severe acute respiratory syndrome coronavirus2 
7l56	F	G	0	spike glycoprotein	severe acute respiratory syndrome coronavirus2 
6iut	H	L	0	hemagglutinin	influenza a virus (a/anhui/1/2005(h5n1))
7lxz	H	J	0	spike glycoprotein	severe acute respiratory syndrome coronavirus2 
7lxz	E	D	0	spike glycoprotein	severe acute respiratory syndrome coronavirus2 
7lxz	N	O	0	spike glycoprotein	severe acute respiratory syndrome coronavirus2 
7lxz	M	L	0	spike glycoprotein	severe acute respiratory syndrome coronavirus2 
7lxz	G	I	0	spike glycoprotein	severe acute respiratory syndrome coronavirus2 
7lxz	F	C	0	spike glycoprotein	severe acute respiratory syndrome coronavirus2 
7tcc	M	N	0	spike glycoprotein	severe acute respiratory syndrome coronavirus2 
7tcc	D	E	0	spike glycoprotein	severe acute respiratory syndrome coronavirus2 
7tcc	F	G	0	spike glycoprotein	severe acute respiratory syndrome coronavirus2 
7tcc	H	L	0	spike glycoprotein	severe acute respiratory syndrome coronavirus2 
7tcc	O	P	0	spike glycoprotein	severe acute respiratory syndrome coronavirus2 
7tcc	J	K	0	spike glycoprotein	severe acute respiratory syndrome coronavirus2 
7ls9	H	L	0	spike glycoprotein	severe acute respiratory syndrome coronavirus2 
7ls9	E	G	0	spike glycoprotein	severe acute respiratory syndrome coronavirus2 
7ls9	D	F	0	spike glycoprotein	severe acute respiratory syndrome coronavirus2 
7kfv	F	G	0	surface glycoprotein	severe acute respiratory syndrome coronavirus2 
7kfv	H	L	0	surface glycoprotein	severe acute respiratory syndrome coronavirus2 
7kfv	C	D	0	surface glycoprotein	severe acute respiratory syndrome coronavirus2 
4yjz	L	L	0	hemagglutinin	influenza a virus
7kqh	H	L	0	hemagglutinin	influenza b virus
7kqh	C	D	0	hemagglutinin	influenza b virus
7m6e	D	C	0	spike glycoprotein	severe acute respiratory syndrome coronavirus2 
7m6e	F	G	0	spike glycoprotein	severe acute respiratory syndrome coronavirus2 
7m6e	H	L	0	spike glycoprotein	severe acute respiratory syndrome coronavirus2 
7fae	H	L	0	spike glycoprotein	severe acute respiratory syndrome coronavirus2 
7fae	h	g	0	spike glycoprotein	severe acute respiratory syndrome coronavirus2 
7fae	e	d	0	spike glycoprotein	severe acute respiratory syndrome coronavirus2 
7d0d	H	L	0	spike glycoprotein	severe acute respiratory syndrome coronavirus2 
7d0d	G	F	0	spike glycoprotein	severe acute respiratory syndrome coronavirus2 
7r40	D	F	0	spike glycoprotein	severe acute respiratory syndrome coronavirus2 
7r40	E	G	0	spike glycoprotein	severe acute respiratory syndrome coronavirus2 
7r40	H	L	0	spike glycoprotein	severe acute respiratory syndrome coronavirus2 
6ii8	J	K	0	hemagglutinin	influenza a virus
6ii8	H	L	0	hemagglutinin	influenza a virus
6ii8	G	I	0	hemagglutinin	influenza a virus
7si0	I	J	0	ige fc	homo sapiens
7si0	K	L	0	ige fc	homo sapiens
7si0	E	F	0	ige fc	homo sapiens
7si0	C	D	0	ige fc	homo sapiens
6v4o	A	B	0	neuraminidase	influenza b virus
6v4o	D	E	0	neuraminidase	influenza b virus
6v4o	H	L	0	neuraminidase	influenza b virus
6v4o	C	G	0	neuraminidase	influenza b virus
7lxx	H	L	0	spike glycoprotein	severe acute respiratory syndrome coronavirus2 
7nd5	H	L	0	spike glycoprotein	severe acute respiratory syndrome coronavirus2 
7cho	H	L	0	spike protein s1	severe acute respiratory syndrome coronavirus2 
7cho	B	C	0	spike protein s1	severe acute respiratory syndrome coronavirus2 
7l0n	M	N	0	spike protein s1	severe acute respiratory syndrome coronavirus2 
7l0n	A	B	0	spike protein s1	severe acute respiratory syndrome coronavirus2 
7l0n	C	D	0	spike protein s1	severe acute respiratory syndrome coronavirus2 
7l0n	H	L	0	spike protein s1	severe acute respiratory syndrome coronavirus2 
7mzg	H	L	0	spike protein s1	severe acute respiratory syndrome coronavirus2 
7m6d	A	B	0	spike protein s1	severe acute respiratory syndrome coronavirus2 
7m6d	H	L	0	spike protein s1	severe acute respiratory syndrome coronavirus2 
7mw5	F	G	0	spike glycoprotein	severe acute respiratory syndrome coronavirus2 
7mw5	D	E	0	spike glycoprotein	severe acute respiratory syndrome coronavirus2 
7mw5	H	L	0	spike glycoprotein	severe acute respiratory syndrome coronavirus2 
7kml	J	N	0	spike glycoprotein	severe acute respiratory syndrome coronavirus2 
7kml	I	M	0	spike glycoprotein	severe acute respiratory syndrome coronavirus2 
7kml	H	L	0	spike glycoprotein	severe acute respiratory syndrome coronavirus2 
5ggs	C	D	0	programmed cell death protein 1	homo sapiens
5ggs	A	B	0	programmed cell death protein 1	homo sapiens
5dur	H	L	0	hemagglutinin	influenza a virus (a/anhui/1/2005(h5n1))
5dur	B	D	0	hemagglutinin	influenza a virus (a/anhui/1/2005(h5n1))
5xwd	H	D	0	epidermal growth factor receptor	homo sapiens
7kfw	C	D	0	surface glycoprotein	severe acute respiratory syndrome coronavirus2 
7kfw	F	G	0	surface glycoprotein	severe acute respiratory syndrome coronavirus2 
7kfw	H	L	0	surface glycoprotein	severe acute respiratory syndrome coronavirus2 
3b2u	F	G	0	epidermal growth factor receptor	homo sapiens
3b2u	T	U	0	epidermal growth factor receptor	homo sapiens
3b2u	Q	R	0	epidermal growth factor receptor	homo sapiens
3b2u	H	L	0	epidermal growth factor receptor	homo sapiens
3b2u	C	D	0	epidermal growth factor receptor	homo sapiens
3b2u	J	K	0	epidermal growth factor receptor	homo sapiens
3b2u	N	O	0	epidermal growth factor receptor	homo sapiens
3b2u	W	X	0	epidermal growth factor receptor	homo sapiens
4dag	H	L	0	fusion glycoprotein f0	human metapneumovirus
6fxn	D	E	0	tumor necrosis factor ligand superfamily member 13b	homo sapiens
6fxn	F	G	0	tumor necrosis factor ligand superfamily member 13b	homo sapiens
6fxn	O	P	0	tumor necrosis factor ligand superfamily member 13b	homo sapiens
6fxn	H	I	0	tumor necrosis factor ligand superfamily member 13b	homo sapiens
6fxn	M	N	0	tumor necrosis factor ligand superfamily member 13b	homo sapiens
6fxn	Q	R	0	tumor necrosis factor ligand superfamily member 13b	homo sapiens
7lqv	H	L	0	spike glycoprotein	severe acute respiratory syndrome coronavirus2 
7lqv	Y	Z	0	spike glycoprotein	severe acute respiratory syndrome coronavirus2 
7lqv	W	X	0	spike glycoprotein	severe acute respiratory syndrome coronavirus2 
6wn1	E	F	0	reticulocyte binding protein 2b	plasmodium vivax sal-1
6wn1	B	C	0	reticulocyte binding protein 2b	plasmodium vivax sal-1
7tb8	J	K	0	spike glycoprotein	severe acute respiratory syndrome coronavirus2 
7tb8	D	E	0	spike glycoprotein	severe acute respiratory syndrome coronavirus2 
7tb8	F	G	0	spike glycoprotein	severe acute respiratory syndrome coronavirus2 
7tb8	H	L	0	spike glycoprotein	severe acute respiratory syndrome coronavirus2 
7rbu	H	L	0	spike protein s1	severe acute respiratory syndrome coronavirus2 
7cak	I	H	0	spike glycoprotein	severe acute respiratory syndrome coronavirus2 
7cak	E	D	0	spike glycoprotein	severe acute respiratory syndrome coronavirus2 
7cak	G	F	0	spike glycoprotein	severe acute respiratory syndrome coronavirus2 
7neg	H	L	0	surface glycoprotein	severe acute respiratory syndrome coronavirus2 
7m6i	M	N	0	spike glycoprotein	severe acute respiratory syndrome coronavirus2 
5tz2	H	L	0	leukocyte surface antigen cd47	homo sapiens
6ieq	D	E	0	envelope glycoprotein gp160	human immunodeficiency virus 1
6ieq	H	L	0	envelope glycoprotein gp160	human immunodeficiency virus 1
6muf	H	L	0	envelope glycoprotein gp160	human immunodeficiency virus 1
6muf	D	E	0	envelope glycoprotein gp160	human immunodeficiency virus 1
7epx	H	L	0	spike glycoprotein	severe acute respiratory syndrome coronavirus2 
7epx	I	M	0	spike glycoprotein	severe acute respiratory syndrome coronavirus2 
6e4x	Z	Y	0	hemagglutinin	influenza a virus (a/texas/50/2012(h3n2))
6xpz	B	C	0	hemagglutinin	influenza a virus (a/moscow/10/1999(h3n2))
6xpz	E	F	0	hemagglutinin	influenza a virus (a/moscow/10/1999(h3n2))
7tca	H	L	0	spike glycoprotein	severe acute respiratory syndrome coronavirus2 
7tca	D	E	0	spike glycoprotein	severe acute respiratory syndrome coronavirus2 
7mem	H	L	0	hemagglutinin ha1 chain	influenza a virus (strain swla/california/04/2009 h1n1) 
7mem	G	J	0	hemagglutinin ha1 chain	influenza a virus (strain swla/california/04/2009 h1n1) 
7mem	I	K	0	hemagglutinin ha1 chain	influenza a virus (strain swla/california/04/2009 h1n1) 
5ugy	I	M	0	hemagglutinin ha1	influenza a virus (a/solomonislands/3/2006(h1n1)) 
5ugy	H	L	0	hemagglutinin ha1	influenza a virus (a/solomonislands/3/2006(h1n1)) 
5ugy	J	N	0	hemagglutinin ha1	influenza a virus (a/solomonislands/3/2006(h1n1)) 
4gxu	M	N	0	hemagglutinin ha1 chain	influenza a virus
4gxu	W	X	0	hemagglutinin ha1 chain	influenza a virus
4gxu	U	V	0	hemagglutinin ha1 chain	influenza a virus
4gxu	S	T	0	hemagglutinin ha1 chain	influenza a virus
4gxu	Q	R	0	hemagglutinin ha1 chain	influenza a virus
4gxu	O	P	0	hemagglutinin ha1 chain	influenza a virus
7ws5	I	H	0	spike glycoprotein	severe acute respiratory syndrome coronavirus2 
7ws5	G	F	0	spike glycoprotein	severe acute respiratory syndrome coronavirus2 
7ws5	E	D	0	spike glycoprotein	severe acute respiratory syndrome coronavirus2 
7cgw	A	B	0	programmed cell death protein 1	homo sapiens
7cgw	H	L	0	programmed cell death protein 1	homo sapiens
7t4s	J	K	0	envelope glycoprotein h	human betaherpesvirus 5
7czp	J	N	0	spike glycoprotein	severe acute respiratory syndrome coronavirus2 
7czp	H	L	0	spike glycoprotein	severe acute respiratory syndrome coronavirus2 
6vn1	J	N	0	envelope glycoprotein b	human alphaherpesvirus 3
6vn1	I	M	0	envelope glycoprotein b	human alphaherpesvirus 3
6vn1	H	L	0	envelope glycoprotein b	human alphaherpesvirus 3
6q0h	H	L	0	hemagglutinin	influenza a virus (a/beijing/262/1995(h1n1))
6pe8	H	L	0	tumor necrosis factor receptor superfamily member 5	homo sapiens
6pe8	A	B	0	tumor necrosis factor receptor superfamily member 5	homo sapiens
5ggt	H	L	0	programmed cell death 1 ligand 1	homo sapiens
7e5r	L	H	0	spike glycoprotein	severe acute respiratory syndrome coronavirus2 
7e5r	P	Q	0	spike glycoprotein	severe acute respiratory syndrome coronavirus2 
7e5r	M	U	0	spike glycoprotein	severe acute respiratory syndrome coronavirus2 
7e5r	W	R	0	spike glycoprotein	severe acute respiratory syndrome coronavirus2 
7e5r	O	E	0	spike glycoprotein	severe acute respiratory syndrome coronavirus2 
7e5r	I	K	0	spike glycoprotein	severe acute respiratory syndrome coronavirus2 
7e5r	X	S	0	spike glycoprotein	severe acute respiratory syndrome coronavirus2 
7e5r	N	D	0	spike glycoprotein	severe acute respiratory syndrome coronavirus2 
7e5r	T	V	0	spike glycoprotein	severe acute respiratory syndrome coronavirus2 
7cdj	H	L	0	spike protein s1	severe acute respiratory syndrome coronavirus2 
7cwu	N	G	0	spike glycoprotein	severe acute respiratory syndrome coronavirus2 
7cwu	P	I	0	spike glycoprotein	severe acute respiratory syndrome coronavirus2 
7cwu	M	R	0	spike glycoprotein	severe acute respiratory syndrome coronavirus2 
7cwu	J	F	0	spike glycoprotein	severe acute respiratory syndrome coronavirus2 
7cwu	H	L	0	spike glycoprotein	severe acute respiratory syndrome coronavirus2 
7cwu	O	S	0	spike glycoprotein	severe acute respiratory syndrome coronavirus2 
7wee	H	L	0	spike glycoprotein	severe acute respiratory syndrome coronavirus2 
7e9p	H	L	0	spike glycoprotein	severe acute respiratory syndrome coronavirus2 
5cez	H	L	0	envelope glycoprotein gp160	human immunodeficiency virus 1
5cez	D	E	0	envelope glycoprotein gp160	human immunodeficiency virus 1
4oly	H	L	0	envelope glycoprotein gp160	human immunodeficiency virus 1
7l02	M	K	0	spike glycoprotein	severe acute respiratory syndrome coronavirus2 
7a3q	H	L	0	envelope protein e	dengue virus 4
7a3q	I	M	0	envelope protein e	dengue virus 4
6mhr	A	B	0	tumor necrosis factor receptor superfamily member 9	homo sapiens
6mhr	D	E	0	tumor necrosis factor receptor superfamily member 9	homo sapiens
7r8l	H	L	0	spike protein s1	severe acute respiratory syndrome coronavirus2 
7r8l	C	D	0	spike protein s1	severe acute respiratory syndrome coronavirus2 
6wo3	H	L	0	envelope glycoprotein e2	recombinant hepatitis c virus hk6a/jfh-1
7mmo	A	B	0	spike protein s1	severe acute respiratory syndrome coronavirus2 
7mmo	D	E	0	spike protein s1	severe acute respiratory syndrome coronavirus2 
5iwl	A	A	0	leukocyte surface antigen cd47	homo sapiens
5iwl	B	B	0	leukocyte surface antigen cd47	homo sapiens
2ny1	D	C	0	envelope glycoprotein gp120	human immunodeficiency virus 1
7ora	H	L	0	spike protein s1	severe acute respiratory syndrome coronavirus2 
7ora	A	B	0	spike protein s1	severe acute respiratory syndrome coronavirus2 
7ora	D	E	0	spike protein s1	severe acute respiratory syndrome coronavirus2 
7ora	F	G	0	spike protein s1	severe acute respiratory syndrome coronavirus2 
7uaq	H	L	0	spike glycoprotein	severe acute respiratory syndrome coronavirus2 
4yk4	C	B	0	hemagglutinin	influenza a virus
4yk4	Z	Y	0	hemagglutinin	influenza a virus
4s1s	H	L	0	clade a/e 93th057 hiv-1 gp120 core	human immunodeficiency virus 1
7lbe	H	G	0	envelope glycoprotein h	human cytomegalovirus (strain merlin)
7lbe	F	E	0	envelope glycoprotein h	human cytomegalovirus (strain merlin)
7m6h	E	G	0	spike glycoprotein	severe acute respiratory syndrome coronavirus2 
7f63	H	L	0	spike glycoprotein	severe acute respiratory syndrome coronavirus2 
6oe4	E	F	0	fusion glycoprotein f0	human respiratory syncytial virus a (straina2) 
6oe4	B	C	0	fusion glycoprotein f0	human respiratory syncytial virus a (straina2) 
7jv4	F	G	0	sars-cov-2 spike glycoprotein	severe acute respiratory syndrome coronavirus2 
7jv4	H	L	0	sars-cov-2 spike glycoprotein	severe acute respiratory syndrome coronavirus2 
7jv4	D	E	0	sars-cov-2 spike glycoprotein	severe acute respiratory syndrome coronavirus2 
6pzz	K	J	0	neuraminidase	influenza a virus(a/environment/shanghai/s1439/2013(h7n9)) 
6pzz	I	G	0	neuraminidase	influenza a virus(a/environment/shanghai/s1439/2013(h7n9)) 
6pzz	H	L	0	neuraminidase	influenza a virus(a/environment/shanghai/s1439/2013(h7n9)) 
6pzz	F	E	0	neuraminidase	influenza a virus(a/environment/shanghai/s1439/2013(h7n9)) 
6urm	H	L	0	hemagglutinin	influenza a virus
6urm	D	E	0	hemagglutinin	influenza a virus
7po5	H	L	0	spike glycoprotein	human coronavirus oc43
7po5	Z	D	0	spike glycoprotein	human coronavirus oc43
7po5	X	F	0	spike glycoprotein	human coronavirus oc43
7bq5	H	L	0	envelope protein	zika virus
7bq5	C	D	0	envelope protein	zika virus
6xq0	B	C	0	hemagglutinin	influenza a virus (a/reassortant/nymc x-181a(a/nymc x-157 x california/07/2009)(h1n1)) 
6xq0	E	F	0	hemagglutinin	influenza a virus (a/reassortant/nymc x-181a(a/nymc x-157 x california/07/2009)(h1n1)) 
7ws3	I	H	0	spike glycoprotein	severe acute respiratory syndrome coronavirus2 
7ws3	E	D	0	spike glycoprotein	severe acute respiratory syndrome coronavirus2 
7ws3	G	F	0	spike glycoprotein	severe acute respiratory syndrome coronavirus2 
7wro	H	L	0	spike protein s1	severe acute respiratory syndrome coronavirus
7t4q	J	K	0	envelope glycoprotein h	human betaherpesvirus 5
7jum	I	I	0	gametocyte surface protein p230	plasmodium falciparum (isolate 3d7)
7jum	J	J	0	gametocyte surface protein p230	plasmodium falciparum (isolate 3d7)
7jum	H	H	0	gametocyte surface protein p230	plasmodium falciparum (isolate 3d7)
5jxe	D	C	0	programmed cell death protein 1	homo sapiens
5jxe	G	F	0	programmed cell death protein 1	homo sapiens
7mzj	F	E	0	spike protein s1	severe acute respiratory syndrome coronavirus2 
7mzj	C	D	0	spike protein s1	severe acute respiratory syndrome coronavirus2 
7mzj	H	L	0	spike protein s1	severe acute respiratory syndrome coronavirus2 
7mzj	N	M	0	spike protein s1	severe acute respiratory syndrome coronavirus2 
7m6g	H	L	0	spike glycoprotein	severe acute respiratory syndrome coronavirus2 
7m6g	R	S	0	spike glycoprotein	severe acute respiratory syndrome coronavirus2 
5w1k	L	K	0	pre-glycoprotein polyprotein gp complex	junin mammarenavirus
5w1k	B	A	0	pre-glycoprotein polyprotein gp complex	junin mammarenavirus
5w1k	D	C	0	pre-glycoprotein polyprotein gp complex	junin mammarenavirus
5w1k	I	H	0	pre-glycoprotein polyprotein gp complex	junin mammarenavirus
5w1k	T	S	0	pre-glycoprotein polyprotein gp complex	junin mammarenavirus
5w1k	G	F	0	pre-glycoprotein polyprotein gp complex	junin mammarenavirus
5w1k	Q	M	0	pre-glycoprotein polyprotein gp complex	junin mammarenavirus
5w1k	O	N	0	pre-glycoprotein polyprotein gp complex	junin mammarenavirus
7qnx	A	B	0	surface glycoprotein	severe acute respiratory syndrome coronavirus2 
7qnx	H	L	0	surface glycoprotein	severe acute respiratory syndrome coronavirus2 
7beo	H	L	0	spike glycoprotein	severe acute respiratory syndrome coronavirus2 
7beo	E	F	0	spike glycoprotein	severe acute respiratory syndrome coronavirus2 
7beo	A	B	0	spike glycoprotein	severe acute respiratory syndrome coronavirus2 
7beo	C	D	0	spike glycoprotein	severe acute respiratory syndrome coronavirus2 
6mg7	H	L	0	clade a/e 93th057 hiv-1 gp120 core	human immunodeficiency virus 1
7cwl	I	K	0	spike glycoprotein	severe acute respiratory syndrome coronavirus2 
7cwl	H	L	0	spike glycoprotein	severe acute respiratory syndrome coronavirus2 
7cwl	G	J	0	spike glycoprotein	severe acute respiratory syndrome coronavirus2 
3p0y	H	L	0	epidermal growth factor receptor	homo sapiens
7q9f	J	K	0	surface glycoprotein	severe acute respiratory syndrome coronavirus2 
7q9f	E	F	0	surface glycoprotein	severe acute respiratory syndrome coronavirus2 
7q9f	H	L	0	surface glycoprotein	severe acute respiratory syndrome coronavirus2 
7jvc	H	L	0	sars-cov-2 spike glycoprotein	severe acute respiratory syndrome coronavirus2 
7jvc	F	G	0	sars-cov-2 spike glycoprotein	severe acute respiratory syndrome coronavirus2 
7jvc	C	D	0	sars-cov-2 spike glycoprotein	severe acute respiratory syndrome coronavirus2 
5tzt	H	L	0	leukocyte surface antigen cd47	homo sapiens
5tzt	A	B	0	leukocyte surface antigen cd47	homo sapiens
7czs	I	M	0	spike glycoprotein	severe acute respiratory syndrome coronavirus2 
7czs	H	K	0	spike glycoprotein	severe acute respiratory syndrome coronavirus2 
7czs	J	N	0	spike glycoprotein	severe acute respiratory syndrome coronavirus2 
7e3l	H	L	0	spike glycoprotein	severe acute respiratory syndrome coronavirus2 
7e3l	D	E	0	spike glycoprotein	severe acute respiratory syndrome coronavirus2 
7e3l	F	G	0	spike glycoprotein	severe acute respiratory syndrome coronavirus2 
6mek	F	E	0	e2 glycoprotein	hepacivirus c
6mek	B	D	0	e2 glycoprotein	hepacivirus c
6mek	I	G	0	e2 glycoprotein	hepacivirus c
6mek	H	L	0	e2 glycoprotein	hepacivirus c
5udc	B	C	0	fusion glycoprotein f0	human respiratory syncytial virus a (straina2) 
5udc	H	L	0	fusion glycoprotein f0	human respiratory syncytial virus a (straina2) 
5udc	E	G	0	fusion glycoprotein f0	human respiratory syncytial virus a (straina2) 
6b3s	C	D	0	epidermal growth factor receptor	homo sapiens
6b3s	F	G	0	epidermal growth factor receptor	homo sapiens
6b3s	H	L	0	epidermal growth factor receptor	homo sapiens
6b3s	J	K	0	epidermal growth factor receptor	homo sapiens
7jmp	H	L	0	spike protein s1	severe acute respiratory syndrome coronavirus2 
7mw2	F	G	0	spike glycoprotein	severe acute respiratory syndrome coronavirus2 
7mw2	D	E	0	spike glycoprotein	severe acute respiratory syndrome coronavirus2 
7mw2	H	L	0	spike glycoprotein	severe acute respiratory syndrome coronavirus2 
6a4k	I	M	0	hemagglutinin	influenza a virus (a/california/7/2009(h1n1))
6a4k	H	L	0	hemagglutinin	influenza a virus (a/california/7/2009(h1n1))
6a4k	J	N	0	hemagglutinin	influenza a virus (a/california/7/2009(h1n1))
6a4k	K	O	0	hemagglutinin	influenza a virus (a/california/7/2009(h1n1))
4utb	I	M	0	envelope glycoprotein e	dengue virus 2
4utb	H	L	0	envelope glycoprotein e	dengue virus 2
6oz3	H	L	0	clade a/e 93th057 hiv-1 gp120 core	human immunodeficiency virus 1
5ggr	H	L	0	programmed cell death protein 1	homo sapiens
5ggr	A	B	0	programmed cell death protein 1	homo sapiens
7k90	M	N	0	spike glycoprotein	severe acute respiratory syndrome coronavirus2 
7k90	O	P	0	spike glycoprotein	severe acute respiratory syndrome coronavirus2 
7k90	H	L	0	spike glycoprotein	severe acute respiratory syndrome coronavirus2 
7mzh	B	C	0	spike protein s1	severe acute respiratory syndrome coronavirus2 
7mzh	H	L	0	spike protein s1	severe acute respiratory syndrome coronavirus2 
6xpy	B	C	0	hemagglutinin	influenza a virus
6uym	H	L	0	envelope glycoprotein e2	hepatitis c virus (isolate h)
6uym	A	B	0	envelope glycoprotein e2	hepatitis c virus (isolate h)
6udj	H	I	0	envelope glycoprotein gp120	human immunodeficiency virus 1
6udj	A	R	0	envelope glycoprotein gp120	human immunodeficiency virus 1
6udj	N	O	0	envelope glycoprotein gp120	human immunodeficiency virus 1
6udj	D	E	0	envelope glycoprotein gp120	human immunodeficiency virus 1
6udj	Q	B	0	envelope glycoprotein gp120	human immunodeficiency virus 1
6udj	K	L	0	envelope glycoprotein gp120	human immunodeficiency virus 1
7e8f	C	B	0	spike protein s1	severe acute respiratory syndrome coronavirus2 
7e8f	D	E	0	spike protein s1	severe acute respiratory syndrome coronavirus2 
7e8f	H	L	0	spike protein s1	severe acute respiratory syndrome coronavirus2 
6xkp	M	N	0	spike protein s1	severe acute respiratory syndrome coronavirus2 
6xkp	H	L	0	spike protein s1	severe acute respiratory syndrome coronavirus2 
6mtj	D	E	0	envelope glycoprotein gp160	human immunodeficiency virus 1
6mtj	H	L	0	envelope glycoprotein gp160	human immunodeficiency virus 1
6ayz	B	D	0	histone chaperone asf1	saccharomyces cerevisiae (strain atcc 204508 /s288c) 
6ayz	R	C	0	histone chaperone asf1	saccharomyces cerevisiae (strain atcc 204508 /s288c) 
7uar	F	G	0	spike glycoprotein	severe acute respiratory syndrome coronavirus2 
7uar	H	L	0	spike glycoprotein	severe acute respiratory syndrome coronavirus2 
7uar	D	E	0	spike glycoprotein	severe acute respiratory syndrome coronavirus2 
5gzo	C	D	0	genome polyprotein	zika virus
5gzo	H	L	0	genome polyprotein	zika virus
6pzy	I	L	0	neuraminidase	influenza a virus(a/environment/shanghai/s1439/2013(h7n9)) 
6pzy	G	J	0	neuraminidase	influenza a virus(a/environment/shanghai/s1439/2013(h7n9)) 
6pzy	C	D	0	neuraminidase	influenza a virus(a/environment/shanghai/s1439/2013(h7n9)) 
6pzy	H	K	0	neuraminidase	influenza a virus(a/environment/shanghai/s1439/2013(h7n9)) 
6xcm	H	L	0	spike glycoprotein	severe acute respiratory syndrome coronavirus2 
6xcm	N	S	0	spike glycoprotein	severe acute respiratory syndrome coronavirus2 
6iw2	K	L	0	envelope protein e	yellow fever virus (strain 17d vaccine)
6iw2	Q	R	0	envelope protein e	yellow fever virus (strain 17d vaccine)
6iw2	N	O	0	envelope protein e	yellow fever virus (strain 17d vaccine)
6iw2	E	F	0	envelope protein e	yellow fever virus (strain 17d vaccine)
6iw2	B	C	0	envelope protein e	yellow fever virus (strain 17d vaccine)
6iw2	H	I	0	envelope protein e	yellow fever virus (strain 17d vaccine)
7jv6	F	G	0	sars-cov-2 spike glycoprotein	severe acute respiratory syndrome coronavirus2 
7jv6	H	L	0	sars-cov-2 spike glycoprotein	severe acute respiratory syndrome coronavirus2 
7jv6	C	D	0	sars-cov-2 spike glycoprotein	severe acute respiratory syndrome coronavirus2 
7su0	I	M	0	cytotoxic t-lymphocyte protein 4	homo sapiens
7su0	H	L	0	cytotoxic t-lymphocyte protein 4	homo sapiens
5anm	H	L	0	ig epsilon chain c region	homo sapiens
5anm	D	C	0	ig epsilon chain c region	homo sapiens
5anm	B	A	0	ig epsilon chain c region	homo sapiens
7t3d	K	N	0	hemagglutinin ha1 chain	influenza a virus (a/california/04/2009(h1n1))
7t3d	J	M	0	hemagglutinin ha1 chain	influenza a virus (a/california/04/2009(h1n1))
7t3d	C	D	0	hemagglutinin ha1 chain	influenza a virus (a/california/04/2009(h1n1))
7czy	H	K	0	spike glycoprotein	severe acute respiratory syndrome coronavirus2 
7czy	J	N	0	spike glycoprotein	severe acute respiratory syndrome coronavirus2 
7r7n	H	L	0	spike glycoprotein	severe acute respiratory syndrome coronavirus2 
7q9g	H	L	0	surface glycoprotein	severe acute respiratory syndrome coronavirus2 
7q9g	E	F	0	surface glycoprotein	severe acute respiratory syndrome coronavirus2 
6opq	H	L	0	envelope glycoprotein gp160	human immunodeficiency virus 1
6opq	M	O	0	envelope glycoprotein gp160	human immunodeficiency virus 1
6opq	K	N	0	envelope glycoprotein gp160	human immunodeficiency virus 1
7a3u	H	L	0	envelope protein	zika virus
7lcn	B	D	0	spike glycoprotein	severe acute respiratory syndrome coronavirus2 
7lcn	H	L	0	spike glycoprotein	severe acute respiratory syndrome coronavirus2 
7lcn	M	S	0	spike glycoprotein	severe acute respiratory syndrome coronavirus2 
7ej5	J	N	0	spike glycoprotein	severe acute respiratory syndrome coronavirus2 
7ej5	H	L	0	spike glycoprotein	severe acute respiratory syndrome coronavirus2 
7ej5	I	M	0	spike glycoprotein	severe acute respiratory syndrome coronavirus2 
7lxw	H	L	0	spike glycoprotein	severe acute respiratory syndrome coronavirus2 
6u02	H	L	0	neuraminidase	influenza a virus(a/environment/shanghai/s1439/2013(h7n9)) 
6u02	D	C	0	neuraminidase	influenza a virus(a/environment/shanghai/s1439/2013(h7n9)) 
6u02	G	F	0	neuraminidase	influenza a virus(a/environment/shanghai/s1439/2013(h7n9)) 
6u02	K	I	0	neuraminidase	influenza a virus(a/environment/shanghai/s1439/2013(h7n9)) 
7rbv	h	l	0	spike glycoprotein	severe acute respiratory syndrome coronavirus2 
7sem	B	C	0	fusion glycoprotein f0	human metapneumovirus
7l09	M	K	0	spike glycoprotein	severe acute respiratory syndrome coronavirus2 
5f9w	B	C	0	clade a/e 93th057 hiv-1 gp120 core	human immunodeficiency virus 1
5f9w	H	L	0	clade a/e 93th057 hiv-1 gp120 core	human immunodeficiency virus 1
6q23	H	L	0	neuraminidase	influenza a virus (a/california/04/2009 (h1n1)
6q23	E	F	0	neuraminidase	influenza a virus (a/california/04/2009 (h1n1)
6q23	J	K	0	neuraminidase	influenza a virus (a/california/04/2009 (h1n1)
6q23	G	I	0	neuraminidase	influenza a virus (a/california/04/2009 (h1n1)
7qez	E	F	0	spike protein s1	severe acute respiratory syndrome coronavirus2 
7qez	H	L	0	spike protein s1	severe acute respiratory syndrome coronavirus2 
7m6f	C	D	0	spike glycoprotein	severe acute respiratory syndrome coronavirus2 
7m6f	H	L	0	spike glycoprotein	severe acute respiratory syndrome coronavirus2 
6wtv	H	I	0	reticulocyte binding protein 2b	plasmodium vivax (strain salvador i)
6wtv	B	C	0	reticulocyte binding protein 2b	plasmodium vivax (strain salvador i)
6wtv	K	L	0	reticulocyte binding protein 2b	plasmodium vivax (strain salvador i)
6wtv	E	F	0	reticulocyte binding protein 2b	plasmodium vivax (strain salvador i)
7dx4	H	L	0	spike protein s1	severe acute respiratory syndrome coronavirus2 
7l2c	H	L	0	spike glycoprotein	severe acute respiratory syndrome coronavirus2 
7l2c	C	D	0	spike glycoprotein	severe acute respiratory syndrome coronavirus2 
5b8c	B	A	0	programmed cell death protein 1	homo sapiens
5b8c	E	D	0	programmed cell death protein 1	homo sapiens
5b8c	H	G	0	programmed cell death protein 1	homo sapiens
5b8c	K	J	0	programmed cell death protein 1	homo sapiens
6okp	Q	R	0	envelope glycoprotein gp120	human immunodeficiency virus 1
6okp	K	L	0	envelope glycoprotein gp120	human immunodeficiency virus 1
6okp	O	P	0	envelope glycoprotein gp120	human immunodeficiency virus 1
6okp	M	N	0	envelope glycoprotein gp120	human immunodeficiency virus 1
7v3h	G	H	0	envelope protein e	dengue virus type 2 (strain thailand/ngs-c/1944) 
7v3h	K	L	0	envelope protein e	dengue virus type 2 (strain thailand/ngs-c/1944) 
7v3h	I	M	0	envelope protein e	dengue virus type 2 (strain thailand/ngs-c/1944) 
5dum	H	L	0	hemagglutinin	influenza a virus (a/anhui/1/2005(h5n1))
7zf8	H	L	0	spike protein s1	severe acute respiratory syndrome coronavirus2 
7e86	A	B	0	spike protein s1	severe acute respiratory syndrome coronavirus2 
6wpt	H	L	0	sars-cov-2 spike glycoprotein	severe acute respiratory syndrome coronavirus2 
6wpt	D	E	0	sars-cov-2 spike glycoprotein	severe acute respiratory syndrome coronavirus2 
7l7e	H	L	0	spike protein s1	severe acute respiratory syndrome coronavirus2 
7l7e	I	J	0	spike protein s1	severe acute respiratory syndrome coronavirus2 
7l7e	E	F	0	spike protein s1	severe acute respiratory syndrome coronavirus2 
7l7e	M	N	0	spike protein s1	severe acute respiratory syndrome coronavirus2 
7l7e	A	B	0	spike protein s1	severe acute respiratory syndrome coronavirus2 
7l7e	O	P	0	spike protein s1	severe acute respiratory syndrome coronavirus2 
7czv	H	K	0	spike glycoprotein	severe acute respiratory syndrome coronavirus2 
7czv	J	N	0	spike glycoprotein	severe acute respiratory syndrome coronavirus2 
7czv	I	M	0	spike glycoprotein	severe acute respiratory syndrome coronavirus2 
6q1z	H	L	0	neuraminidase	influenza a virus
6q1z	D	C	0	neuraminidase	influenza a virus
7czr	H	K	0	spike glycoprotein	severe acute respiratory syndrome coronavirus2 
7czr	J	N	0	spike glycoprotein	severe acute respiratory syndrome coronavirus2 
7ljr	S	T	0	spike glycoprotein	severe acute respiratory syndrome coronavirus2 
7rkv	D	H	0	spike glycoprotein	severe acute respiratory syndrome coronavirus2 
7rkv	G	L	0	spike glycoprotein	severe acute respiratory syndrome coronavirus2 
7rkv	E	F	0	spike glycoprotein	severe acute respiratory syndrome coronavirus2 
6v8z	C	F	0	envelope glycoprotein gp120	human immunodeficiency virus 1
6v8z	P	Q	0	envelope glycoprotein gp120	human immunodeficiency virus 1
6v8z	D	E	0	envelope glycoprotein gp120	human immunodeficiency virus 1
6v8z	J	K	0	envelope glycoprotein gp120	human immunodeficiency virus 1
6v8z	I	L	0	envelope glycoprotein gp120	human immunodeficiency virus 1
6v8z	O	R	0	envelope glycoprotein gp120	human immunodeficiency virus 1
6phd	H	L	0	25 kda ookinete surface antigen	plasmodium falciparum
4y5x	G	H	0	erythropoietin receptor	homo sapiens
4y5x	A	B	0	erythropoietin receptor	homo sapiens
4y5x	D	E	0	erythropoietin receptor	homo sapiens
4y5x	J	K	0	erythropoietin receptor	homo sapiens
7tat	D	E	0	spike glycoprotein	severe acute respiratory syndrome coronavirus2 
7tat	H	L	0	spike glycoprotein	severe acute respiratory syndrome coronavirus2 
7tat	F	G	0	spike glycoprotein	severe acute respiratory syndrome coronavirus2 
6bck	H	L	0	clade a/e 93th057 hiv-1 gp120 core	human immunodeficiency virus 1
6nmr	A	B	0	tyrosine-protein phosphatase non-receptor type substrate 1	homo sapiens
6nmr	F	G	0	tyrosine-protein phosphatase non-receptor type substrate 1	homo sapiens
6nmr	J	K	0	tyrosine-protein phosphatase non-receptor type substrate 1	homo sapiens
6nmr	H	L	0	tyrosine-protein phosphatase non-receptor type substrate 1	homo sapiens
7q0i	H	L	0	spike protein s1	severe acute respiratory syndrome coronavirus2 
7q0i	A	B	0	spike protein s1	severe acute respiratory syndrome coronavirus2 
6wm9	B	C	0	reticulocyte binding protein 2b	plasmodium vivax (strain salvador i)
6wm9	E	F	0	reticulocyte binding protein 2b	plasmodium vivax (strain salvador i)
7jx3	H	L	0	spike glycoprotein	severe acute respiratory syndrome coronavirus2 
7jx3	C	D	0	spike glycoprotein	severe acute respiratory syndrome coronavirus2 
7jx3	A	B	0	spike glycoprotein	severe acute respiratory syndrome coronavirus2 
7rfc	A	B	0	envelope glycoprotein e2	hepacivirus c
7rfc	H	L	0	envelope glycoprotein e2	hepacivirus c
7n8h	E	D	0	spike glycoprotein	severe acute respiratory syndrome coronavirus2 
7n8h	M	L	0	spike glycoprotein	severe acute respiratory syndrome coronavirus2 
7n8h	H	G	0	spike glycoprotein	severe acute respiratory syndrome coronavirus2 
7n8h	O	N	0	spike glycoprotein	severe acute respiratory syndrome coronavirus2 
7n8h	J	I	0	spike glycoprotein	severe acute respiratory syndrome coronavirus2 
7n8h	C	B	0	spike glycoprotein	severe acute respiratory syndrome coronavirus2 
3wsq	H	L	0	receptor tyrosine-protein kinase erbb-2	homo sapiens
7k8t	O	P	0	spike glycoprotein	severe acute respiratory syndrome coronavirus2 
7k8t	H	L	0	spike glycoprotein	severe acute respiratory syndrome coronavirus2 
7k8t	M	N	0	spike glycoprotein	severe acute respiratory syndrome coronavirus2 
7cm4	H	L	0	spike glycoprotein	severe acute respiratory syndrome coronavirus2 
6vzi	D	E	0	envelope glycoprotein gp41	human immunodeficiency virus 1
6vzi	H	L	0	envelope glycoprotein gp160	human immunodeficiency virus 1
7n3i	H	L	0	spike protein s1	severe acute respiratory syndrome coronavirus2 
6kz0	H	I	0	genome polyprotein	human rhinovirus 14
6kz0	K	L	0	genome polyprotein	human rhinovirus 14
6kz0	B	C	0	genome polyprotein	human rhinovirus 14
6kz0	E	F	0	genome polyprotein	human rhinovirus 14
7ey5	B	C	0	spike glycoprotein	severe acute respiratory syndrome coronavirus2 
7ey5	H	L	0	spike glycoprotein	severe acute respiratory syndrome coronavirus2 
4hkx	A	B	0	hemagglutinin ha1	influenza a virus
7pry	C	D	0	surface glycoprotein	severe acute respiratory syndrome coronavirus2 
7pry	A	B	0	surface glycoprotein	severe acute respiratory syndrome coronavirus2 
7pry	F	G	0	surface glycoprotein	severe acute respiratory syndrome coronavirus2 
7pry	H	L	0	surface glycoprotein	severe acute respiratory syndrome coronavirus2 
7nx8	H	L	0	spike protein s1	severe acute respiratory syndrome coronavirus2 
7nx8	A	B	0	spike protein s1	severe acute respiratory syndrome coronavirus2 
5sx4	H	L	0	epidermal growth factor receptor	homo sapiens
5sx4	J	I	0	epidermal growth factor receptor	homo sapiens
7uap	M	N	0	spike glycoprotein	severe acute respiratory syndrome coronavirus2 
7uap	H	L	0	spike glycoprotein	severe acute respiratory syndrome coronavirus2 
7uap	O	P	0	spike glycoprotein	severe acute respiratory syndrome coronavirus2 
7n4m	H	L	0	spike protein s1	severe acute respiratory syndrome coronavirus2 
7sod	H	L	0	spike glycoprotein	severe acute respiratory syndrome coronavirus2 
7a3p	H	L	0	envelope protein e	dengue virus 3
7a3p	I	M	0	envelope protein e	dengue virus 3
7ttx	H	L	0	spike glycoprotein	bat coronavirus ratg13
6uyg	H	L	0	envelope glycoprotein e2	recombinant hepatitis c virus hk6a/jfh-1
6uyg	A	B	0	envelope glycoprotein e2	recombinant hepatitis c virus hk6a/jfh-1
7ll1	H	L	0	envelope glycoprotein gp120	human immunodeficiency virus 1
7ll1	J	K	0	envelope glycoprotein gp120	human immunodeficiency virus 1
7ll1	E	F	0	envelope glycoprotein gp120	human immunodeficiency virus 1
6xm2	F	E	0	transforming growth factor beta-2	homo sapiens
6xm2	D	C	0	transforming growth factor beta-2	homo sapiens
6xm2	H	G	0	transforming growth factor beta-2	homo sapiens
6xm2	B	A	0	transforming growth factor beta-2	homo sapiens
7sob	G	I	0	spike glycoprotein	severe acute respiratory syndrome coronavirus2 
7sob	H	J	0	spike glycoprotein	severe acute respiratory syndrome coronavirus2 
7sob	C	B	0	spike glycoprotein	severe acute respiratory syndrome coronavirus2 
7sob	F	E	0	spike glycoprotein	severe acute respiratory syndrome coronavirus2 
7sob	M	L	0	spike glycoprotein	severe acute respiratory syndrome coronavirus2 
7sob	N	O	0	spike glycoprotein	severe acute respiratory syndrome coronavirus2 
7q9j	E	F	0	spike glycoprotein	severe acute respiratory syndrome coronavirus2 
7q9j	H	L	0	spike glycoprotein	severe acute respiratory syndrome coronavirus2 
7q9j	J	K	0	spike glycoprotein	severe acute respiratory syndrome coronavirus2 
6o25	E	F	0	circumsporozoite protein	plasmodium falciparum
6v8x	G	H	0	envelope glycoprotein gp120	human immunodeficiency virus 1
6v8x	K	L	0	envelope glycoprotein gp120	human immunodeficiency virus 1
6v8x	C	D	0	envelope glycoprotein gp120	human immunodeficiency virus 1
6woz	E	F	0	reticulocyte binding protein 2b	plasmodium vivax (strain salvador i)
6woz	H	I	0	reticulocyte binding protein 2b	plasmodium vivax (strain salvador i)
6woz	K	L	0	reticulocyte binding protein 2b	plasmodium vivax (strain salvador i)
6woz	B	C	0	reticulocyte binding protein 2b	plasmodium vivax (strain salvador i)
7lsf	H	L	0	envelope protein e	tick-borne encephalitis virus (westernsubtype) 
7sg4	H	L	0	spike glycoprotein	severe acute respiratory syndrome coronavirus
7kzb	A	B	0	spike glycoprotein	severe acute respiratory syndrome coronavirus2 
7kzb	H	L	0	spike glycoprotein	severe acute respiratory syndrome coronavirus2 
7f6z	H	L	0	spike protein s1	severe acute respiratory syndrome coronavirus2 
6xc2	X	Y	0	spike protein s1	severe acute respiratory syndrome coronavirus2 
6xc2	H	L	0	spike protein s1	severe acute respiratory syndrome coronavirus2 
7k8v	M	N	0	spike glycoprotein	severe acute respiratory syndrome coronavirus2 
7z0x	H	L	0	surface glycoprotein	severe acute respiratory syndrome coronavirus2 
6jjp	D	E	0	programmed cell death protein 1	homo sapiens
6jjp	A	B	0	programmed cell death protein 1	homo sapiens
4y5v	D	E	0	erythropoietin receptor	homo sapiens
4y5v	A	B	0	erythropoietin receptor	homo sapiens
4y5v	G	H	0	erythropoietin receptor	homo sapiens
6bfq	H	L	0	granulocyte-macrophage colony-stimulating factor	homo sapiens
6bfq	E	F	0	granulocyte-macrophage colony-stimulating factor	homo sapiens
6bfq	C	D	0	granulocyte-macrophage colony-stimulating factor	homo sapiens
6bfq	A	B	0	granulocyte-macrophage colony-stimulating factor	homo sapiens
7k8z	M	N	0	spike glycoprotein	severe acute respiratory syndrome coronavirus2 
7k8z	H	L	0	spike glycoprotein	severe acute respiratory syndrome coronavirus2 
7rfb	A	B	0	envelope glycoprotein e2	hepacivirus c
7rfb	H	L	0	envelope glycoprotein e2	hepacivirus c
7n5h	H	L	0	spike glycoprotein	severe acute respiratory syndrome coronavirus2 
7n5h	J	K	0	spike glycoprotein	severe acute respiratory syndrome coronavirus2 
7n5h	E	F	0	spike glycoprotein	severe acute respiratory syndrome coronavirus2 
7m7b	H	L	0	spike glycoprotein	severe acute respiratory syndrome coronavirus2 
7p40	F	B	0	spike glycoprotein	severe acute respiratory syndrome coronavirus2 
7p40	I	H	0	spike glycoprotein	severe acute respiratory syndrome coronavirus2 
7p40	C	D	0	spike glycoprotein	severe acute respiratory syndrome coronavirus2 
7we7	H	L	0	spike glycoprotein	severe acute respiratory syndrome coronavirus2 
7we7	K	N	0	spike glycoprotein	severe acute respiratory syndrome coronavirus2 
7we7	J	M	0	spike glycoprotein	severe acute respiratory syndrome coronavirus2 
5grj	H	L	0	programmed cell death 1 ligand 1	homo sapiens
5t3z	H	L	0	envelope glycoprotein gp160	human immunodeficiency virus 1
5t3z	D	E	0	envelope glycoprotein gp160	human immunodeficiency virus 1
7zrc	H	L	0	spike glycoprotein,fibritin	severe acute respiratory syndrome coronavirus2, enterobacteria phage t4 
7zrc	F	G	0	spike glycoprotein,fibritin	severe acute respiratory syndrome coronavirus2, enterobacteria phage t4 
7zrc	J	K	0	spike glycoprotein,fibritin	severe acute respiratory syndrome coronavirus2, enterobacteria phage t4 
7kpg	H	L	0	tyrosine-protein phosphatase non-receptor type substrate 1	homo sapiens
7nx9	A	B	0	spike protein s1	severe acute respiratory syndrome coronavirus2 
7nx9	H	L	0	spike protein s1	severe acute respiratory syndrome coronavirus2 
5x8l	G	L	0	programmed cell death 1 ligand 1	homo sapiens
5x8l	F	K	0	programmed cell death 1 ligand 1	homo sapiens
5x8l	S	N	0	programmed cell death 1 ligand 1	homo sapiens
5x8l	H	M	0	programmed cell death 1 ligand 1	homo sapiens
5x8l	J	O	0	programmed cell death 1 ligand 1	homo sapiens
7l5b	H	L	0	spike protein s1	severe acute respiratory syndrome coronavirus2 
6xc4	H	L	0	spike protein s1	severe acute respiratory syndrome coronavirus2 
6xc4	X	Y	0	spike protein s1	severe acute respiratory syndrome coronavirus2 
7faf	g	f	0	spike glycoprotein	severe acute respiratory syndrome coronavirus2 
7faf	d	c	0	spike glycoprotein	severe acute respiratory syndrome coronavirus2 
1g9m	H	L	0	envelope glycoprotein gp120	human immunodeficiency virus 1
6xq2	F	E	0	hemagglutinin	influenza a virus (a/texas/50/2012(h3n2))
6xq2	C	B	0	hemagglutinin	influenza a virus (a/texas/50/2012(h3n2))
7l2f	H	L	0	spike glycoprotein	severe acute respiratory syndrome coronavirus2 
7l2f	I	K	0	spike glycoprotein	severe acute respiratory syndrome coronavirus2 
7l2f	G	J	0	spike glycoprotein	severe acute respiratory syndrome coronavirus2 
5n09	I	M	0	envelope glycoprotein e	dengue virus 2
5n09	H	L	0	envelope glycoprotein e	dengue virus 2
6mlm	E	I	0	hemagglutinin ha1 chain	influenza a virus (a/new york/107/2003(h7n2))
6mlm	F	G	0	hemagglutinin ha1 chain	influenza a virus (a/new york/107/2003(h7n2))
6mlm	K	L	0	hemagglutinin ha1 chain	influenza a virus (a/new york/107/2003(h7n2))
7wkx	A	C	0	interleukin-17a	homo sapiens
7wkx	B	D	0	interleukin-17a	homo sapiens
6o2a	A	B	0	circumsporozoite protein	plasmodium falciparum
6o2a	H	I	0	circumsporozoite protein	plasmodium falciparum
6bft	A	B	0	vascular endothelial growth factor a	homo sapiens
6bft	H	L	0	vascular endothelial growth factor a	homo sapiens
7s4s	H	L	0	spike protein s1	severe acute respiratory syndrome coronavirus2 
7q9m	E	F	0	surface glycoprotein	severe acute respiratory syndrome coronavirus2 
7q9m	H	L	0	surface glycoprotein	severe acute respiratory syndrome coronavirus2 
7q9m	J	K	0	surface glycoprotein	severe acute respiratory syndrome coronavirus2 
6ml8	H	L	0	hemagglutinin	influenza a virus
7ly3	F	E	0	spike protein s1	severe acute respiratory syndrome coronavirus2 
7ly3	D	C	0	spike protein s1	severe acute respiratory syndrome coronavirus2 
4p9h	H	L	0	envelope glycoprotein gp160	human immunodeficiency virus 1
7kqg	B	C	0	hemagglutinin	influenza b virus
6nmu	B	A	0	tyrosine-protein phosphatase non-receptor type substrate 1	homo sapiens
6nmu	H	L	0	tyrosine-protein phosphatase non-receptor type substrate 1	homo sapiens
7bu8	J	K	0	genome polyprotein	zika virus zikv/h.sapiens/frenchpolynesia/10087pf/2013 
7bu8	H	L	0	genome polyprotein	zika virus zikv/h.sapiens/frenchpolynesia/10087pf/2013 
7bu8	G	I	0	genome polyprotein	zika virus zikv/h.sapiens/frenchpolynesia/10087pf/2013 
7czz	I	M	0	spike glycoprotein	severe acute respiratory syndrome coronavirus2 
7czz	J	N	0	spike glycoprotein	severe acute respiratory syndrome coronavirus2 
7czz	H	K	0	spike glycoprotein	severe acute respiratory syndrome coronavirus2 
7pqz	H	L	0	spike protein s1	severe acute respiratory syndrome coronavirus2 
7pqz	A	B	0	spike protein s1	severe acute respiratory syndrome coronavirus2 
6u0n	H	L	0	envelope glycoprotein gp120	human immunodeficiency virus 1
6u0n	P	Q	0	envelope glycoprotein gp120	human immunodeficiency virus 1
6u0n	I	J	0	envelope glycoprotein gp120	human immunodeficiency virus 1
6wps	F	G	0	sars-cov-2 spike glycoprotein	severe acute respiratory syndrome coronavirus2 
6wps	H	L	0	sars-cov-2 spike glycoprotein	severe acute respiratory syndrome coronavirus2 
6wps	C	D	0	sars-cov-2 spike glycoprotein	severe acute respiratory syndrome coronavirus2 
7bep	D	F	0	spike glycoprotein	severe acute respiratory syndrome coronavirus2 
7bep	A	B	0	spike glycoprotein	severe acute respiratory syndrome coronavirus2 
7bep	H	L	0	spike glycoprotein	severe acute respiratory syndrome coronavirus2 
7bep	G	I	0	spike glycoprotein	severe acute respiratory syndrome coronavirus2 
7ld1	M	N	0	spike glycoprotein	severe acute respiratory syndrome coronavirus2 
7ld1	P	O	0	spike glycoprotein	severe acute respiratory syndrome coronavirus2 
7ld1	H	L	0	spike glycoprotein	severe acute respiratory syndrome coronavirus2 
5hhx	H	L	0	interleukin-17a	homo sapiens
7ben	G	I	0	spike glycoprotein	severe acute respiratory syndrome coronavirus2 
7ben	H	L	0	spike glycoprotein	severe acute respiratory syndrome coronavirus2 
7ben	A	B	0	spike glycoprotein	severe acute respiratory syndrome coronavirus2 
7ben	D	F	0	spike glycoprotein	severe acute respiratory syndrome coronavirus2 
7kde	H	L	0	envelope glycoprotein gp120	human immunodeficiency virus 1
7kde	M	N	0	envelope glycoprotein gp120	human immunodeficiency virus 1
7kde	J	I	0	envelope glycoprotein gp120	human immunodeficiency virus 1
7zr8	H	L	0	spike glycoprotein,fibritin	severe acute respiratory syndrome coronavirus2, enterobacteria phage t4 
5wt9	H	L	0	programmed cell death protein 1	homo sapiens
7q0h	H	L	0	spike protein s1	severe acute respiratory syndrome coronavirus2 
7q0h	A	B	0	spike protein s1	severe acute respiratory syndrome coronavirus2 
7ly2	F	C	0	spike glycoprotein	severe acute respiratory syndrome coronavirus2 
7ly2	N	O	0	spike glycoprotein	severe acute respiratory syndrome coronavirus2 
7ly2	H	L	0	spike glycoprotein	severe acute respiratory syndrome coronavirus2 
7ly2	G	I	0	spike glycoprotein	severe acute respiratory syndrome coronavirus2 
7ly2	E	D	0	spike glycoprotein	severe acute respiratory syndrome coronavirus2 
7ly2	M	K	0	spike glycoprotein	severe acute respiratory syndrome coronavirus2 
6ii9	P	Q	0	hemagglutinin	influenza a virus
6ii9	M	N	0	hemagglutinin	influenza a virus
6ii9	H	L	0	hemagglutinin	influenza a virus
7rco	F	E	0	transforming growth factor beta-2	homo sapiens
7rco	D	C	0	transforming growth factor beta-2	homo sapiens
5hi3	C	D	0	interleukin-17a	homo sapiens
5hi3	H	L	0	interleukin-17a	homo sapiens
6pzf	H	L	0	neuraminidase	influenza a virus (a/hunan/02650/2016(h7n9)
6pzf	F	E	0	neuraminidase	influenza a virus (a/hunan/02650/2016(h7n9)
2qad	D	C	0	envelope glycoprotein gp160	human immunodeficiency virus 1
2qad	H	G	0	envelope glycoprotein gp160	human immunodeficiency virus 1
7wi0	C	E	0	spike protein s1	homo sapiens
7wi0	B	D	0	spike protein s1	homo sapiens
7wi0	H	L	0	spike protein s1	homo sapiens
5hi5	C	D	0	interleukin-17a	homo sapiens
5hi5	H	L	0	interleukin-17a	homo sapiens
2fjh	B	A	0	vascular endothelial growth factor a	homo sapiens
2fjh	H	L	0	vascular endothelial growth factor a	homo sapiens
5vn8	F	J	0	envelope glycoprotein gp160	human immunodeficiency virus 1
5vn8	I	K	0	envelope glycoprotein gp160	human immunodeficiency virus 1
5vn8	H	L	0	envelope glycoprotein gp160	human immunodeficiency virus 1
7bxa	H	L	0	programmed cell death protein 1	homo sapiens
7bxa	B	C	0	programmed cell death protein 1	homo sapiens
7tht	a	c	0	spike glycoprotein	severe acute respiratory syndrome coronavirus2 
7tht	d	b	0	spike glycoprotein	severe acute respiratory syndrome coronavirus2 
6wtu	H	I	0	reticulocyte binding protein 2b	plasmodium vivax (strain salvador i)
6wtu	K	L	0	reticulocyte binding protein 2b	plasmodium vivax (strain salvador i)
6wtu	E	F	0	reticulocyte binding protein 2b	plasmodium vivax (strain salvador i)
6wtu	B	C	0	reticulocyte binding protein 2b	plasmodium vivax (strain salvador i)
7e9b	H	L	0	programmed cell death protein 1	homo sapiens
7lbf	F	E	0	envelope glycoprotein h	human cytomegalovirus (strain merlin)
7lbf	H	G	0	envelope glycoprotein h	human cytomegalovirus (strain merlin)
6pze	H	L	0	neuraminidase	influenza a virus (a/shanghai/02/2013(h7n9))
7rai	I	M	0	envelope glycoprotein gp160	human immunodeficiency virus 1
7rai	H	L	0	envelope glycoprotein gp160	human immunodeficiency virus 1
7rai	J	N	0	envelope glycoprotein gp160	human immunodeficiency virus 1
7cyh	E	D	0	spike glycoprotein	severe acute respiratory syndrome coronavirus2 
6nf2	S	T	0	envelope glycoprotein gp120	human immunodeficiency virus 1
6nf2	O	P	0	envelope glycoprotein gp41	human immunodeficiency virus 1
6nf2	E	F	0	envelope glycoprotein gp120	human immunodeficiency virus 1
6nf2	N	M	0	envelope glycoprotein gp120	human immunodeficiency virus 1
6nf2	V	U	0	envelope glycoprotein gp120	human immunodeficiency virus 1
6nf2	H	L	0	envelope glycoprotein gp41	human immunodeficiency virus 1
6nf2	W	X	0	envelope glycoprotein gp41	human immunodeficiency virus 1
6nf2	J	K	0	envelope glycoprotein gp120	human immunodeficiency virus 1
6nf2	C	D	0	envelope glycoprotein gp120	human immunodeficiency virus 1
6mi2	D	E	0	tumor necrosis factor receptor superfamily member 9	homo sapiens
6mi2	A	B	0	tumor necrosis factor receptor superfamily member 9	homo sapiens
6opp	G	I	0	envelope glycoprotein gp160	human immunodeficiency virus 1
6opp	H	L	0	envelope glycoprotein gp160	human immunodeficiency virus 1
6opp	N	O	0	envelope glycoprotein gp160	human immunodeficiency virus 1
2fjg	H	L	0	vascular endothelial growth factor a	homo sapiens
2fjg	B	A	0	vascular endothelial growth factor a	homo sapiens
7msq	D	E	0	spike protein s1	severe acute respiratory syndrome coronavirus2 
7msq	H	L	0	spike protein s1	severe acute respiratory syndrome coronavirus2 
7k9z	H	L	0	spike glycoprotein	severe acute respiratory syndrome coronavirus2 
7k9z	B	A	0	spike glycoprotein	severe acute respiratory syndrome coronavirus2 
7chc	H	L	0	spike glycoprotein	severe acute respiratory syndrome coronavirus2 
7chc	A	B	0	spike glycoprotein	severe acute respiratory syndrome coronavirus2 
7e7x	H	L	0	spike protein s1	severe acute respiratory syndrome coronavirus2 
7e7x	M	N	0	spike protein s1	severe acute respiratory syndrome coronavirus2 
5vn3	M	O	0	envelope glycoprotein gp160	human immunodeficiency virus 1
5vn3	H	L	0	envelope glycoprotein gp160	human immunodeficiency virus 1
5vn3	K	N	0	envelope glycoprotein gp160	human immunodeficiency virus 1
7wvm	A	B	0	programmed cell death protein 1	homo sapiens
7wvm	C	D	0	programmed cell death protein 1	homo sapiens
7kqb	K	J	0	spike glycoprotein	severe acute respiratory syndrome coronavirus2 
7kqb	H	L	0	spike glycoprotein	severe acute respiratory syndrome coronavirus2 
7ny5	I	H	0	spike glycoprotein	severe acute respiratory syndrome coronavirus2 
7ny5	C	D	0	spike glycoprotein	severe acute respiratory syndrome coronavirus2 
7ny5	F	B	0	spike glycoprotein	severe acute respiratory syndrome coronavirus2 
5x8m	B	C	0	programmed cell death 1 ligand 1	homo sapiens
7rw2	I	K	0	spike glycoprotein	severe acute respiratory syndrome coronavirus2 
7rw2	G	J	0	spike glycoprotein	severe acute respiratory syndrome coronavirus2 
7rw2	H	L	0	spike glycoprotein	severe acute respiratory syndrome coronavirus2 
5xxy	H	L	0	programmed cell death 1 ligand 1	homo sapiens
7fcp	H	L	0	spike protein s1	severe acute respiratory syndrome coronavirus2 
7fcp	B	D	0	spike protein s1	severe acute respiratory syndrome coronavirus2 
4j4p	H	L	0	ig epsilon chain c region	homo sapiens
4j4p	C	D	0	ig epsilon chain c region	homo sapiens
7rdw	G	I	0	glycoprotein 120	human immunodeficiency virus 1
7rdw	H	L	0	glycoprotein 120	human immunodeficiency virus 1
7rdw	U	V	0	glycoprotein 120	human immunodeficiency virus 1
7rdw	Q	R	0	glycoprotein 120	human immunodeficiency virus 1
7vyr	H	L	0	spike protein s1	severe acute respiratory syndrome coronavirus2 
7vyr	A	B	0	spike protein s1	severe acute respiratory syndrome coronavirus2 
7kzx	D	C	0	cadmium and zinc efflux pump fief	shewanella oneidensis
7kzx	F	E	0	cadmium and zinc efflux pump fief	shewanella oneidensis
5vkd	H	L	0	nucleoprotein	bundibugyo ebolavirus
7whz	B	D	0	spike protein s1	severe acute respiratory syndrome coronavirus2 
7whz	C	E	0	spike protein s1	severe acute respiratory syndrome coronavirus2 
7whz	H	L	0	spike protein s1	severe acute respiratory syndrome coronavirus2 
6iw0	H	L	0	envelope protein e	yellow fever virus (strain 17d vaccine)
7zf9	H	L	0	spike protein s1	severe acute respiratory syndrome coronavirus2 
7zf9	A	B	0	spike protein s1	severe acute respiratory syndrome coronavirus2 
6wix	D	E	0	envelope glycoprotein gp41	human immunodeficiency virus 1
6wix	H	L	0	envelope glycoprotein gp120	human immunodeficiency virus 1
7ps7	A	B	0	surface glycoprotein	severe acute respiratory syndrome coronavirus2 
7ps7	H	L	0	surface glycoprotein	severe acute respiratory syndrome coronavirus2 
7s0c	H	L	0	spike glycoprotein	severe acute respiratory syndrome coronavirus2 
7s0c	M	N	0	spike glycoprotein	severe acute respiratory syndrome coronavirus2 
7coe	H	L	0	spike glycoprotein	middle east respiratory syndrome-relatedcoronavirus 
7coe	B	C	0	spike glycoprotein	middle east respiratory syndrome-relatedcoronavirus 
5uea	H	L	0	histone chaperone asf1	saccharomyces cerevisiae (strain atcc 204508 /s288c) 
5uea	A	B	0	histone chaperone asf1	saccharomyces cerevisiae (strain atcc 204508 /s288c) 
7e7y	C	D	0	spike protein s1	severe acute respiratory syndrome coronavirus2 
7e7y	A	B	0	spike protein s1	severe acute respiratory syndrome coronavirus2 
6u0l	I	J	0	envelope glycoprotein gp160	human immunodeficiency virus 1
6u0l	H	L	0	envelope glycoprotein gp160	human immunodeficiency virus 1
6u0l	P	Q	0	envelope glycoprotein gp160	human immunodeficiency virus 1
7wr8	A	B	0	spike protein s1	severe acute respiratory syndrome coronavirus2 
6xq4	E	F	0	hemagglutinin	influenza a virus (a/beijing/262/1995(h1n1))
6xq4	C	B	0	hemagglutinin	influenza a virus (a/beijing/262/1995(h1n1))
7ps5	H	L	0	surface glycoprotein	severe acute respiratory syndrome coronavirus2 
3wlw	C	D	0	receptor tyrosine-protein kinase erbb-2	homo sapiens
3wlw	H	L	0	receptor tyrosine-protein kinase erbb-2	homo sapiens
6whk	C	B	0	hemagglutinin ha1 chain	influenza a virus (a/beijing/262/1995(h1n1))
7v2a	E	D	0	spike glycoprotein	severe acute respiratory syndrome coronavirus2 
7v2a	I	H	0	spike glycoprotein	severe acute respiratory syndrome coronavirus2 
7v2a	G	F	0	spike glycoprotein	severe acute respiratory syndrome coronavirus2 
7or9	H	L	0	spike protein s1	severe acute respiratory syndrome coronavirus2 
7or9	A	B	0	spike protein s1	severe acute respiratory syndrome coronavirus2 
7kfy	H	L	0	surface glycoprotein	severe acute respiratory syndrome coronavirus2 
7bnv	H	L	0	surface glycoprotein	severe acute respiratory syndrome coronavirus2 
5xhv	H	L	0	hemagglutinin	influenza a virus (a/california/07/2009(h1n1))
5xhv	P	Q	0	hemagglutinin	influenza a virus (a/california/07/2009(h1n1))
5v7j	D	E	0	envelope glycoprotein gp160	human immunodeficiency virus 1
5v7j	H	L	0	envelope glycoprotein gp160	human immunodeficiency virus 1
7rxj	A	B	0	circumsporozoite protein	plasmodium falciparum (isolate 3d7)
7rxj	H	L	0	circumsporozoite protein	plasmodium falciparum (isolate 3d7)
6oc3	C	D	0	hemagglutinin	influenza a virus (a/solomonislands/3/2006(h1n1)) 
6oc3	A	B	0	hemagglutinin	influenza a virus (a/solomonislands/3/2006(h1n1)) 
7r6w	A	B	0	spike protein s1	severe acute respiratory syndrome coronavirus2 
7r6w	H	L	0	spike protein s1	severe acute respiratory syndrome coronavirus2 
7xic	K	L	0	spike glycoprotein	severe acute respiratory syndrome coronavirus2 
7xic	H	I	0	spike glycoprotein	severe acute respiratory syndrome coronavirus2 
7xic	E	F	0	spike glycoprotein	severe acute respiratory syndrome coronavirus2 
7qny	H	L	0	surface glycoprotein	severe acute respiratory syndrome coronavirus2 
7qny	A	B	0	surface glycoprotein	severe acute respiratory syndrome coronavirus2 
7e88	D	E	0	spike protein s1	severe acute respiratory syndrome coronavirus2 
7e88	A	B	0	spike protein s1	severe acute respiratory syndrome coronavirus2 
7e88	G	H	0	spike protein s1	severe acute respiratory syndrome coronavirus2 
7e88	J	K	0	spike protein s1	severe acute respiratory syndrome coronavirus2 
6woq	C	D	0	envelope glycoprotein e2	hepatitis c virus (isolate h)
6woq	G	H	0	envelope glycoprotein e2	hepatitis c virus (isolate h)
6woq	A	B	0	envelope glycoprotein e2	hepatitis c virus (isolate h)
6woq	J	K	0	envelope glycoprotein e2	hepatitis c virus (isolate h)
7lrt	F	G	0	sars-cov-2 spike glycoprotein	severe acute respiratory syndrome coronavirus2 
7lrt	H	L	0	sars-cov-2 spike glycoprotein	severe acute respiratory syndrome coronavirus2 
7lrt	D	E	0	sars-cov-2 spike glycoprotein	severe acute respiratory syndrome coronavirus2 
6q0i	H	L	0	hemagglutinin	influenza a virus (a/beijing/262/1995(h1n1))
7e3k	F	G	0	spike glycoprotein	severe acute respiratory syndrome coronavirus2 
7e3k	H	L	0	spike glycoprotein	severe acute respiratory syndrome coronavirus2 
7e3k	D	E	0	spike glycoprotein	severe acute respiratory syndrome coronavirus2 
7f7e	C	L	0	spike protein s1	severe acute respiratory syndrome coronavirus2 
5a3i	G	H	0	hemagglutinin	influenza a virus (a/vietnam/1203/2004(h5n1))
5a3i	C	D	0	hemagglutinin	influenza a virus (a/vietnam/1203/2004(h5n1))
7np1	I	M	0	spike protein s1	severe acute respiratory syndrome coronavirus2 
7np1	K	O	0	spike protein s1	severe acute respiratory syndrome coronavirus2 
7np1	H	L	0	spike protein s1	severe acute respiratory syndrome coronavirus2 
7np1	J	N	0	spike protein s1	severe acute respiratory syndrome coronavirus2 
7prz	H	L	0	surface glycoprotein	severe acute respiratory syndrome coronavirus2 
6xey	J	K	0	sars-cov-2 spike glycoprotein	severe acute respiratory syndrome coronavirus2 
6xey	H	L	0	sars-cov-2 spike glycoprotein	severe acute respiratory syndrome coronavirus2 
6xey	F	G	0	sars-cov-2 spike glycoprotein	severe acute respiratory syndrome coronavirus2 
7shz	E	F	0	ige fc	homo sapiens
7shz	I	J	0	ige fc	homo sapiens
7shz	C	D	0	ige fc	homo sapiens
7shz	K	L	0	ige fc	homo sapiens
5t3x	H	L	0	envelope glycoprotein gp160	human immunodeficiency virus 1
5t3x	D	E	0	envelope glycoprotein gp160	human immunodeficiency virus 1
6a67	C	D	0	hemagglutinin	influenza a virus (a/thailand/1(kan-1)/2004(h5n1)) 
6a67	H	L	0	hemagglutinin	influenza a virus (a/thailand/1(kan-1)/2004(h5n1)) 
7czw	H	L	0	spike glycoprotein	severe acute respiratory syndrome coronavirus2 
7czw	J	N	0	spike glycoprotein	severe acute respiratory syndrome coronavirus2 
7klg	I	M	0	spike glycoprotein	severe acute respiratory syndrome coronavirus2 
7klg	H	L	0	spike glycoprotein	severe acute respiratory syndrome coronavirus2 
7m3i	H	L	0	spike protein s1	severe acute respiratory syndrome coronavirus2 
7m3i	A	B	0	spike protein s1	severe acute respiratory syndrome coronavirus2 
7akj	H	L	0	spike glycoprotein	sars coronavirus wh20
7akj	G	F	0	spike glycoprotein	sars coronavirus wh20
7akj	E	D	0	spike glycoprotein	sars coronavirus wh20
7u2e	H	L	0	spike protein s1	severe acute respiratory syndrome coronavirus2 
7ll2	I	J	0	envelope glycoprotein gp120	human immunodeficiency virus 1
7ll2	H	L	0	envelope glycoprotein gp120	human immunodeficiency virus 1
7ll2	K	M	0	envelope glycoprotein gp120	human immunodeficiency virus 1
7u2d	H	L	0	spike protein s1	severe acute respiratory syndrome coronavirus2 
6uyd	H	L	0	envelope glycoprotein e2	hepatitis c virus (isolate h)
6uyd	A	B	0	envelope glycoprotein e2	hepatitis c virus (isolate h)
5tzu	H	L	0	leukocyte surface antigen cd47	homo sapiens
4zff	A	B	0	vascular endothelial growth factor a	homo sapiens
4zff	H	L	0	vascular endothelial growth factor a	homo sapiens
7cjf	A	B	0	spike glycoprotein	severe acute respiratory syndrome coronavirus2 
7tbf	H	L	0	spike glycoprotein	severe acute respiratory syndrome coronavirus2 
7tbf	D	E	0	spike glycoprotein	severe acute respiratory syndrome coronavirus2 
5w1m	D	C	0	pre-glycoprotein polyprotein gp complex	machupo virus
5w1m	F	E	0	pre-glycoprotein polyprotein gp complex	machupo virus
5w1m	H	G	0	pre-glycoprotein polyprotein gp complex	machupo virus
5w1m	B	A	0	pre-glycoprotein polyprotein gp complex	machupo virus
7cu5	A	A	0	programmed cell death protein 1	homo sapiens
7cu5	B	B	0	programmed cell death protein 1	homo sapiens
6b0g	D	C	0	25 kda ookinete surface antigen	plasmodium falciparum
7vyt	B	C	0	t-cell immunoreceptor with ig and itim domains	homo sapiens
7vyt	H	L	0	t-cell immunoreceptor with ig and itim domains	homo sapiens
4ydi	H	L	0	envelope glycoprotein gp160	human immunodeficiency virus 1
5utf	D	E	0	envelope glycoprotein gp41	human immunodeficiency virus 1
5utf	H	L	0	envelope glycoprotein gp120	human immunodeficiency virus 1
7rks	H	L	0	spike protein s1	severe acute respiratory syndrome coronavirus
7rks	I	M	0	spike protein s1	severe acute respiratory syndrome coronavirus
5te6	H	L	0	clade a/e 93th057 hiv-1 gp120 core	human immunodeficiency virus 1
7mzf	H	L	0	spike protein s1	severe acute respiratory syndrome coronavirus2 
6mug	H	L	0	envelope glycoprotein gp160	human immunodeficiency virus 1
6mug	D	E	0	envelope glycoprotein gp160	human immunodeficiency virus 1
6nb3	D	E	0	spike glycoprotein	middle east respiratory syndrome-relatedcoronavirus 
6nb3	H	L	0	spike glycoprotein	middle east respiratory syndrome-relatedcoronavirus 
7lm8	H	L	0	spike protein s1	severe acute respiratory syndrome coronavirus2 
7lm8	M	N	0	spike protein s1	severe acute respiratory syndrome coronavirus2 
7lxy	F	C	0	spike glycoprotein	severe acute respiratory syndrome coronavirus2 
7lxy	E	D	0	spike glycoprotein	severe acute respiratory syndrome coronavirus2 
7lxy	N	O	0	spike glycoprotein	severe acute respiratory syndrome coronavirus2 
7lxy	H	L	0	spike glycoprotein	severe acute respiratory syndrome coronavirus2 
7lxy	M	K	0	spike glycoprotein	severe acute respiratory syndrome coronavirus2 
7lxy	G	I	0	spike glycoprotein	severe acute respiratory syndrome coronavirus2 
7wef	C	L	0	spike protein s1	severe acute respiratory syndrome coronavirus2 
4olw	H	L	0	envelope glycoprotein gp160	human immunodeficiency virus 1
7d0b	H	L	0	spike glycoprotein	severe acute respiratory syndrome coronavirus2 
6utk	D	E	0	envelope glycoprotein gp41	human immunodeficiency virus 1
6utk	H	L	0	envelope glycoprotein gp120	human immunodeficiency virus 1
7rxi	H	L	0	circumsporozoite protein	plasmodium falciparum (isolate 3d7)
4olz	H	L	0	envelope glycoprotein gp160	human immunodeficiency virus 1
7wph	E	D	0	spike protein s1	severe acute respiratory syndrome coronavirus2 
7wph	H	L	0	spike protein s1	severe acute respiratory syndrome coronavirus2 
7nd8	H	L	0	spike glycoprotein	severe acute respiratory syndrome coronavirus2 
6nnj	U	V	0	envelope glycoprotein gp120	human immunodeficiency virus 1
6nnj	H	L	0	envelope glycoprotein gp120	human immunodeficiency virus 1
6nnj	D	E	0	envelope glycoprotein gp41	human immunodeficiency virus 1
7rxl	H	L	0	circumsporozoite protein	plasmodium falciparum (isolate 3d7)
7rxl	C	D	0	circumsporozoite protein	plasmodium falciparum (isolate 3d7)
3tyg	H	L	0	envelope glycoprotein gp160	human immunodeficiency virus 1
6iuv	C	D	0	hemagglutinin	influenza a virus (a/hong kong/482/97(h5n1))
6iuv	H	L	0	hemagglutinin	influenza a virus (a/hong kong/482/97(h5n1))
2nxz	D	C	0	envelope glycoprotein gp120	human immunodeficiency virus 1
7urq	H	L	0	spike protein s1	severe acute respiratory syndrome coronavirus2 
7n8i	H	L	0	spike glycoprotein	severe acute respiratory syndrome coronavirus2 
7czt	I	M	0	spike glycoprotein	severe acute respiratory syndrome coronavirus2 
7czt	H	L	0	spike glycoprotein	severe acute respiratory syndrome coronavirus2 
7k8m	A	B	0	surface glycoprotein	severe acute respiratory syndrome coronavirus2 
7bz5	H	L	0	spike protein s1	severe acute respiratory syndrome coronavirus2 
6ch7	D	E	0	envelope glycoprotein gp41	human immunodeficiency virus 1
6ch7	Q	R	0	envelope glycoprotein gp120	human immunodeficiency virus 1
7zr9	F	G	0	spike glycoprotein,fibritin	severe acute respiratory syndrome coronavirus2, enterobacteria phage t4 
7zr9	D	E	0	spike glycoprotein,fibritin	severe acute respiratory syndrome coronavirus2, enterobacteria phage t4 
7zr9	H	L	0	spike glycoprotein,fibritin	severe acute respiratory syndrome coronavirus2, enterobacteria phage t4 
7r6x	H	L	0	spike protein s1	severe acute respiratory syndrome coronavirus2 
7r6x	A	B	0	spike protein s1	severe acute respiratory syndrome coronavirus2 
7r6x	C	D	0	spike protein s1	severe acute respiratory syndrome coronavirus2 
5sx5	J	K	0	epidermal growth factor receptor	homo sapiens
5sx5	H	L	0	epidermal growth factor receptor	homo sapiens
6p3r	C	D	0	hemagglutinin	influenza a virus(a/chicken/vietnam/32/2004(h5n1)) 
6p3r	A	B	0	hemagglutinin	influenza a virus(a/chicken/vietnam/32/2004(h5n1)) 
1rzj	H	L	0	envelope glycoprotein gp120	human immunodeficiency virus 1
7ezv	M	N	0	spike glycoprotein	severe acute respiratory syndrome coronavirus2 
7ezv	H	L	0	spike glycoprotein	severe acute respiratory syndrome coronavirus2 
7e39	C	B	0	spike protein s1	severe acute respiratory syndrome coronavirus2 
7c2l	J	N	0	spike glycoprotein	severe acute respiratory syndrome coronavirus2 
7c2l	I	M	0	spike glycoprotein	severe acute respiratory syndrome coronavirus2 
7c2l	H	L	0	spike glycoprotein	severe acute respiratory syndrome coronavirus2 
7mw4	F	G	0	spike glycoprotein	severe acute respiratory syndrome coronavirus2 
7mw4	H	L	0	spike glycoprotein	severe acute respiratory syndrome coronavirus2 
7mw4	D	E	0	spike glycoprotein	severe acute respiratory syndrome coronavirus2 
7lop	W	V	0	spike protein s1	severe acute respiratory syndrome coronavirus2 
7lop	B	C	0	spike protein s1	severe acute respiratory syndrome coronavirus2 
7lop	X	Y	0	spike protein s1	severe acute respiratory syndrome coronavirus2 
7lop	H	L	0	spike protein s1	severe acute respiratory syndrome coronavirus2 
4olx	H	L	0	envelope glycoprotein gp160	human immunodeficiency virus 1
7chs	H	L	0	spike protein s1	severe acute respiratory syndrome coronavirus2 
4xak	D	E	0	spike glycoprotein	human coronavirus emc
4xak	H	L	0	spike glycoprotein	human coronavirus emc
5d72	M	N	0	granulocyte-macrophage colony-stimulating factor	homo sapiens
5d72	H	L	0	granulocyte-macrophage colony-stimulating factor	homo sapiens
7wea	G	I	0	spike glycoprotein	severe acute respiratory syndrome coronavirus2 
7cdi	H	L	0	spike protein s1	severe acute respiratory syndrome coronavirus2 
7kqe	J	M	0	spike glycoprotein	severe acute respiratory syndrome coronavirus2 
7kqe	H	L	0	spike glycoprotein	severe acute respiratory syndrome coronavirus2 
7kqe	I	N	0	spike glycoprotein	severe acute respiratory syndrome coronavirus2 
7r8o	M	N	0	spike glycoprotein	severe acute respiratory syndrome coronavirus2 
7r8o	H	L	0	spike glycoprotein	severe acute respiratory syndrome coronavirus2 
7r8o	O	P	0	spike glycoprotein	severe acute respiratory syndrome coronavirus2 
5g64	I	M	0	ig epsilon chain c region	homo sapiens
5g64	H	L	0	ig epsilon chain c region	homo sapiens
7nd9	H	L	0	spike glycoprotein	severe acute respiratory syndrome coronavirus2 
7the	B	C	0	spike protein s1	severe acute respiratory syndrome coronavirus2 
6pdx	M	N	0	hemagglutinin	influenza a virus
6pdx	O	P	0	hemagglutinin	influenza a virus
6pdx	H	L	0	hemagglutinin	influenza a virus
7fjs	C	A	0	spike protein s1	severe acute respiratory syndrome coronavirus2 
7fjs	H	L	0	spike protein s1	severe acute respiratory syndrome coronavirus2 
5umn	E	F	0	hemagglutinin	influenza a virus
5umn	C	D	0	hemagglutinin	influenza a virus
7ur4	F	G	0	fusion glycoprotein f0	human metapneumovirus
7ur4	I	J	0	fusion glycoprotein f0	human metapneumovirus
7ur4	H	L	0	fusion glycoprotein f0	human metapneumovirus
7xh8	B	C	0	spike glycoprotein	severe acute respiratory syndrome coronavirus2 
7urs	H	L	0	spike protein s1	severe acute respiratory syndrome coronavirus2 
7kdd	D	E	0	envelope glycoprotein b	human cytomegalovirus (strain towne)
7kdd	H	I	0	envelope glycoprotein b	human cytomegalovirus (strain towne)
7kdd	F	G	0	envelope glycoprotein b	human cytomegalovirus (strain towne)
7cwo	H	L	0	spike glycoprotein	severe acute respiratory syndrome coronavirus2 
3be1	H	L	0	receptor tyrosine-protein kinase erbb-2	homo sapiens
7e9n	H	L	0	spike glycoprotein	severe acute respiratory syndrome coronavirus2 
7e9n	Y	X	0	spike glycoprotein	severe acute respiratory syndrome coronavirus2 
7e9n	P	O	0	spike glycoprotein	severe acute respiratory syndrome coronavirus2 
7ey0	A	B	0	spike glycoprotein	severe acute respiratory syndrome coronavirus2 
7ey0	H	L	0	spike glycoprotein	severe acute respiratory syndrome coronavirus2 
7kmh	A	B	0	spike protein s1	severe acute respiratory syndrome coronavirus2 
4xnm	B	A	0	hemagglutinin	influenza a virus
4xnm	H	L	0	hemagglutinin	influenza a virus
7nx6	H	L	0	spike protein s1	severe acute respiratory syndrome coronavirus2 
7nx6	A	B	0	spike protein s1	severe acute respiratory syndrome coronavirus2 
2ny5	H	L	0	envelope glycoprotein gp120	human immunodeficiency virus 1
7cr5	H	L	0	nucleoprotein	severe acute respiratory syndrome coronavirus2 
7f6y	H	L	0	spike protein s1	severe acute respiratory syndrome coronavirus2 
6fax	H	L	0	tumor necrosis factor receptor superfamily member 5	homo sapiens
7q6e	H	L	0	spike glycoprotein	severe acute respiratory syndrome coronavirus2 
7q6e	E	F	0	spike glycoprotein	severe acute respiratory syndrome coronavirus2 
7q6e	J	K	0	spike glycoprotein	severe acute respiratory syndrome coronavirus2 
6dfh	H	L	0	envelope glycoprotein gp160	human immunodeficiency virus 1
6dfh	G	J	0	envelope glycoprotein gp160	human immunodeficiency virus 1
6dfh	I	K	0	envelope glycoprotein gp160	human immunodeficiency virus 1
7s0d	H	L	0	spike glycoprotein	severe acute respiratory syndrome coronavirus2 
7s0d	M	N	0	spike glycoprotein	severe acute respiratory syndrome coronavirus2 
7s0d	O	P	0	spike glycoprotein	severe acute respiratory syndrome coronavirus2 
6q20	H	L	0	neuraminidase	influenza a virus (strain a/japan/305/1957h2n2) 
7lss	H	L	0	spike glycoprotein	severe acute respiratory syndrome coronavirus2 
7q0g	H	L	0	spike protein s1	severe acute respiratory syndrome coronavirus2 
7q0g	A	B	0	spike protein s1	severe acute respiratory syndrome coronavirus2 
6xc3	H	L	0	spike protein s1	severe acute respiratory syndrome coronavirus2 
6xc3	B	A	0	spike protein s1	severe acute respiratory syndrome coronavirus2 
7ws7	G	F	0	spike protein s1	severe acute respiratory syndrome coronavirus2 
7ch4	H	L	0	spike glycoprotein	severe acute respiratory syndrome coronavirus2 
6az2	C	E	0	histone chaperone asf1	saccharomyces cerevisiae (strain atcc 204508 /s288c) 
6az2	A	F	0	histone chaperone asf1	saccharomyces cerevisiae (strain atcc 204508 /s288c) 
7neh	H	L	0	spike glycoprotein	severe acute respiratory syndrome coronavirus2 
5uek	H	L	0	histone chaperone asf1	saccharomyces cerevisiae
2ny7	H	L	0	envelope glycoprotein gp120	human immunodeficiency virus 1
7z0y	H	L	0	spike protein s1	severe acute respiratory syndrome coronavirus2 
3ngb	B	C	0	envelope glycoprotein gp160	human immunodeficiency virus 1
3ngb	J	K	0	envelope glycoprotein gp160	human immunodeficiency virus 1
3ngb	E	F	0	envelope glycoprotein gp160	human immunodeficiency virus 1
3ngb	H	L	0	envelope glycoprotein gp160	human immunodeficiency virus 1
2ny6	D	C	0	envelope glycoprotein gp120	human immunodeficiency virus 1
7d00	J	N	0	spike glycoprotein	severe acute respiratory syndrome coronavirus2 
7d00	H	K	0	spike glycoprotein	severe acute respiratory syndrome coronavirus2 
7kmg	A	B	0	spike protein s1	severe acute respiratory syndrome coronavirus2 
7kmg	D	E	0	spike protein s1	severe acute respiratory syndrome coronavirus2 
7tty	H	L	0	spike protein s1	bat sars-like coronavirus wiv1
6mej	H	L	0	e2 glycoprotein	hepacivirus c
6mej	A	B	0	e2 glycoprotein	hepacivirus c
6q0e	H	L	0	hemagglutinin	influenza a virus (a/beijing/262/1995(h1n1))
5tru	H	L	0	cytotoxic t-lymphocyte protein 4	homo sapiens
7klh	H	L	0	spike glycoprotein	severe acute respiratory syndrome coronavirus2 
7klh	I	M	0	spike glycoprotein	severe acute respiratory syndrome coronavirus2 
6nmt	B	A	0	tyrosine-protein phosphatase non-receptor type substrate 1	homo sapiens
4xrc	B	A	0	hemagglutinin	influenza a virus
4xrc	H	L	0	hemagglutinin	influenza a virus
6phc	A	B	0	25 kda ookinete surface antigen	plasmodium falciparum
6phc	C	D	0	25 kda ookinete surface antigen	plasmodium falciparum
7jmw	H	L	0	spike protein s1	severe acute respiratory syndrome coronavirus2 
7mzn	H	L	0	spike protein s1	severe acute respiratory syndrome coronavirus2 
6xpx	B	C	0	hemagglutinin	influenza a virus
7djz	A	B	0	spike protein s1	severe acute respiratory syndrome coronavirus2 
7sbu	H	L	0	spike protein s1	severe acute respiratory syndrome coronavirus2 
6uig	B	C	0	hemagglutinin	influenza a virus
6uig	H	L	0	hemagglutinin	influenza a virus
7lab	Y	X	0	spike glycoprotein	severe acute respiratory syndrome coronavirus2 
7lab	H	L	0	spike glycoprotein	severe acute respiratory syndrome coronavirus2 
7lab	T	S	0	spike glycoprotein	severe acute respiratory syndrome coronavirus2 
7deo	A	A	0	spike protein s1	severe acute respiratory syndrome coronavirus2 
7deo	C	C	0	spike protein s1	severe acute respiratory syndrome coronavirus2 
7ps1	A	B	0	surface glycoprotein	severe acute respiratory syndrome coronavirus2 
5hhv	H	L	0	interleukin-17a	homo sapiens
7cwm	H	L	0	spike glycoprotein	severe acute respiratory syndrome coronavirus2 
7cwm	G	J	0	spike glycoprotein	severe acute respiratory syndrome coronavirus2 
7cwm	I	K	0	spike glycoprotein	severe acute respiratory syndrome coronavirus2 
6b0a	H	L	0	25 kda ookinete surface antigen	plasmodium falciparum
5k9k	H	L	0	hemagglutinin	influenza a virus (strain a/hong kong/1/1968h3n2) 
5k9k	A	B	0	hemagglutinin	influenza a virus (strain a/hong kong/1/1968h3n2) 
7laa	H	L	0	spike glycoprotein	severe acute respiratory syndrome coronavirus2 
6k0y	A	B	0	programmed cell death protein 1	homo sapiens
7s0b	C	D	0	spike protein s1	severe acute respiratory syndrome coronavirus2 
7s0b	A	B	0	spike protein s1	severe acute respiratory syndrome coronavirus2 
6phb	D	C	0	25 kda ookinete surface antigen	plasmodium falciparum
6phb	B	A	0	25 kda ookinete surface antigen	plasmodium falciparum
3hi1	H	L	0	glycoprotein 120	human immunodeficiency virus type 1
3hi1	B	A	0	glycoprotein 120	human immunodeficiency virus type 1
7e5y	C	B	0	spike protein s1	severe acute respiratory syndrome coronavirus2 
7e5y	H	L	0	spike protein s1	severe acute respiratory syndrome coronavirus2 
7phu	B	C	0	reticulocyte-binding protein homolog 5	plasmodium falciparum (isolate 3d7)
7phu	D	E	0	reticulocyte-binding protein homolog 5	plasmodium falciparum (isolate 3d7)
6mu7	H	L	0	envelope glycoprotein gp160	human immunodeficiency virus 1
6mu7	D	E	0	envelope glycoprotein gp160	human immunodeficiency virus 1
6xkr	H	L	0	programmed cell death protein 1	homo sapiens
7cyp	E	D	0	sars-cov-2 spike glycoprotein	severe acute respiratory syndrome coronavirus2 
7cyp	I	H	0	sars-cov-2 spike glycoprotein	severe acute respiratory syndrome coronavirus2 
7cyp	G	F	0	sars-cov-2 spike glycoprotein	severe acute respiratory syndrome coronavirus2 
7kmd	A	E	0	envelope glycoprotein gp41	human immunodeficiency virus 1
7kmd	H	L	0	envelope glycoprotein gp120	human immunodeficiency virus 1
7l2d	H	L	0	spike glycoprotein	severe acute respiratory syndrome coronavirus2 
7k45	H	L	0	spike glycoprotein	severe acute respiratory syndrome coronavirus2 
7f15	B	B	0	spike protein s1	severe acute respiratory syndrome coronavirus2 
3sm5	I	M	0	hemagglutinin	influenza a virus
3sm5	J	N	0	hemagglutinin	influenza a virus
3sm5	H	L	0	hemagglutinin	influenza a virus
5uem	H	L	0	clade a/e 93th057 hiv-1 gp120 core	human immunodeficiency virus 1
4dvr	H	L	0	envelope glycoprotein gp160	human immunodeficiency virus type 1 (isolateyu2) 
7ps4	B	C	0	surface glycoprotein	severe acute respiratory syndrome coronavirus2 
7ps4	H	L	0	surface glycoprotein	severe acute respiratory syndrome coronavirus2 
6a3w	A	B	0	tumor necrosis factor receptor superfamily member 9	homo sapiens
6a3w	J	K	0	tumor necrosis factor receptor superfamily member 9	homo sapiens
6a3w	D	E	0	tumor necrosis factor receptor superfamily member 9	homo sapiens
6a3w	G	H	0	tumor necrosis factor receptor superfamily member 9	homo sapiens
7eya	H	L	0	spike glycoprotein	severe acute respiratory syndrome coronavirus2 
7pr0	C	B	0	spike protein s1	severe acute respiratory syndrome coronavirus2 
7pr0	H	L	0	spike protein s1	severe acute respiratory syndrome coronavirus2 
7pr0	G	F	0	spike protein s1	severe acute respiratory syndrome coronavirus2 
7so9	E	D	0	spike glycoprotein	severe acute respiratory syndrome coronavirus2 
7so9	C	B	0	spike glycoprotein	severe acute respiratory syndrome coronavirus2 
7so9	J	I	0	spike glycoprotein	severe acute respiratory syndrome coronavirus2 
7so9	H	G	0	spike glycoprotein	severe acute respiratory syndrome coronavirus2 
7so9	O	N	0	spike glycoprotein	severe acute respiratory syndrome coronavirus2 
7so9	M	L	0	spike glycoprotein	severe acute respiratory syndrome coronavirus2 
7k4n	C	D	0	spike glycoprotein	severe acute respiratory syndrome coronavirus2 
7k4n	F	G	0	spike glycoprotein	severe acute respiratory syndrome coronavirus2 
7k4n	H	L	0	spike glycoprotein	severe acute respiratory syndrome coronavirus2 
7kfx	H	L	0	surface glycoprotein	severe acute respiratory syndrome coronavirus2 
7zf3	A	B	0	spike protein s1	severe acute respiratory syndrome coronavirus2 
7zf3	H	L	0	spike protein s1	severe acute respiratory syndrome coronavirus2 
7bem	H	L	0	spike glycoprotein	severe acute respiratory syndrome coronavirus2 
6nmv	H	L	0	tyrosine-protein phosphatase non-receptor type substrate 1	homo sapiens
7d0c	G	F	0	spike glycoprotein	severe acute respiratory syndrome coronavirus2 
7d0c	H	L	0	spike glycoprotein	severe acute respiratory syndrome coronavirus2 
5ucb	H	L	0	histone chaperone asf1	saccharomyces cerevisiae (strain atcc 204508 /s288c) 
4uta	H	L	0	envelope glycoprotein e	dengue virus 2
4uta	I	M	0	envelope glycoprotein e	dengue virus 2
6ocb	H	L	0	hemagglutinin	influenza a virus
7mzm	H	L	0	spike protein s1	severe acute respiratory syndrome coronavirus2 
6xy2	H	L	0	cytotoxic t-lymphocyte protein 4	homo sapiens
7ws2	E	D	0	spike protein s1	severe acute respiratory syndrome coronavirus2 
7mlz	H	L	0	spike protein s1	severe acute respiratory syndrome coronavirus2 
7b0b	H	L	0	surface glycoprotein	severe acute respiratory syndrome coronavirus2 
7b3o	H	L	0	surface glycoprotein	severe acute respiratory syndrome coronavirus2 
7r8n	M	N	0	spike glycoprotein	severe acute respiratory syndrome coronavirus2 
7r8n	O	P	0	spike glycoprotein	severe acute respiratory syndrome coronavirus2 
7r8n	H	L	0	spike glycoprotein	severe acute respiratory syndrome coronavirus2 
4o58	H	L	0	hemagglutinin ha1 chain	influenza a virus
1g9n	H	L	0	envelope glycoprotein gp120	human immunodeficiency virus 1
7mzi	H	L	0	spike protein s1	severe acute respiratory syndrome coronavirus2 
7wed	H	L	0	spike protein s1	severe acute respiratory syndrome coronavirus2 
7vmu	A	A	0	spike protein s1	severe acute respiratory syndrome coronavirus2 
7n4l	H	L	0	spike protein s1	severe acute respiratory syndrome coronavirus2 
5f9o	H	L	0	clade a/e 93th057 hiv-1 gp120 core	human immunodeficiency virus 1
4lsv	H	L	0	envelope glycoprotein gp120	human immunodeficiency virus 1
7bpk	H	L	0	envelope protein	zika virus
7bpk	C	D	0	envelope protein	zika virus
6nm6	D	E	0	envelope glycoprotein gp41	human immunodeficiency virus 1
6nm6	H	L	0	envelope glycoprotein gp120	human immunodeficiency virus 1
6nm6	U	V	0	envelope glycoprotein gp120	human immunodeficiency virus 1
7rxp	H	L	0	circumsporozoite protein	plasmodium falciparum (isolate 3d7)
5c6t	H	L	0	envelope glycoprotein b	human cytomegalovirus
5c7x	M	N	0	granulocyte-macrophage colony-stimulating factor	homo sapiens
5c7x	H	L	0	granulocyte-macrophage colony-stimulating factor	homo sapiens
7ly0	H	L	0	spike glycoprotein	severe acute respiratory syndrome coronavirus2 
7nd3	H	L	0	spike glycoprotein	severe acute respiratory syndrome coronavirus2 
5kjr	H	L	0	clade a/e 93th057 hiv-1 gp120 core	human immunodeficiency virus 1
5ug0	D	C	0	hemagglutinin ha1	influenza a virus (a/solomonislands/3/2006(h1n1)) 
7lm9	H	L	0	spike glycoprotein	sars coronavirus ma15
7d03	H	L	0	spike glycoprotein	severe acute respiratory syndrome coronavirus2 
5f96	H	L	0	clade a/e 93th057 hiv-1 gp120 core	human immunodeficiency virus 1
2nxy	D	C	0	envelope glycoprotein gp120	human immunodeficiency virus 1
7wlc	H	L	0	spike protein s1	severe acute respiratory syndrome coronavirus2 
6b0e	B	A	0	25 kda ookinete surface antigen	plasmodium falciparum
4ot1	H	L	0	envelope glycoprotein b	human cytomegalovirus
5n7w	H	L	0	interleukin-17a	homo sapiens
5n7w	A	B	0	interleukin-17a	homo sapiens
7sd5	H	L	0	spike protein s1	severe acute respiratory syndrome coronavirus2 
7lbg	F	E	0	envelope glycoprotein h	human cytomegalovirus (strain merlin)
7lbg	H	G	0	envelope glycoprotein h	human cytomegalovirus (strain merlin)
6b0s	H	L	0	circumsporozoite protein	plasmodium falciparum
6mu8	D	E	0	envelope glycoprotein gp160	human immunodeficiency virus 1
6mu8	H	L	0	envelope glycoprotein gp160	human immunodeficiency virus 1
7ejy	H	L	0	spike protein s1	severe acute respiratory syndrome coronavirus2 
7nxb	A	B	0	spike protein s1	severe acute respiratory syndrome coronavirus2 
7nxb	H	L	0	spike protein s1	severe acute respiratory syndrome coronavirus2 
6ii4	H	L	0	hemagglutinin	influenza a virus
6ii4	E	F	0	hemagglutinin	influenza a virus
7qf0	H	L	0	spike protein s1	severe acute respiratory syndrome coronavirus2 
6uyf	H	L	0	envelope glycoprotein e2	recombinant hepatitis c virus hk6a/jfh-1
7kzz	D	C	0	cadmium and zinc efflux pump fief	shewanella oneidensis
7kzz	F	E	0	cadmium and zinc efflux pump fief	shewanella oneidensis
6wio	A	B	0	interleukin-17a	homo sapiens
5wb9	H	L	0	clade a/e 93th057 hiv-1 gp120 core	human immunodeficiency virus 1
6nb4	H	L	0	spike glycoprotein	middle east respiratory syndrome coronavirus
7wly	P	O	0	spike glycoprotein	severe acute respiratory syndrome coronavirus2 
7wly	Y	X	0	spike glycoprotein	severe acute respiratory syndrome coronavirus2 
7eng	H	L	0	spike glycoprotein	severe acute respiratory syndrome coronavirus2 
7ws6	I	H	0	spike protein s1	severe acute respiratory syndrome coronavirus2 
3u2s	H	L	0	envelope glycoprotein gp120	human immunodeficiency virus 1
3u2s	A	B	0	envelope glycoprotein gp120	human immunodeficiency virus 1
7rr0	B	C	0	spike protein s1	severe acute respiratory syndrome coronavirus2 
4jb9	H	L	0	clade a/e 93th057 hiv-1 gp120 core	human immunodeficiency virus 1
7e3o	H	L	0	spike protein s1	severe acute respiratory syndrome coronavirus2 
7ch5	H	L	0	spike glycoprotein	severe acute respiratory syndrome coronavirus2 
7t01	H	L	0	spike protein s1	severe acute respiratory syndrome coronavirus2 
2ny2	D	C	0	envelope glycoprotein gp120	human immunodeficiency virus 1
5w0d	B	C	0	hemagglutinin ha1	influenza a virus (a/solomonislands/3/2006(h1n1)) 
4hf5	H	L	0	hemagglutinin ha1	influenza a virus
7m8j	H	L	0	spike protein s1	severe acute respiratory syndrome coronavirus2 
5d71	H	L	0	granulocyte-macrophage colony-stimulating factor	homo sapiens
4fqj	H	L	0	hemagglutinin	influenza b virus
6e56	G	I	0	hemagglutinin	influenza a virus
6e56	H	J	0	hemagglutinin	influenza a virus
7web	G	I	0	spike glycoprotein	severe acute respiratory syndrome coronavirus2 
7web	H	L	0	spike glycoprotein	severe acute respiratory syndrome coronavirus2 
7zfd	A	B	0	spike protein s1	severe acute respiratory syndrome coronavirus2 
7zfd	H	L	0	spike protein s1	severe acute respiratory syndrome coronavirus2 
7mm0	H	L	0	spike glycoprotein	severe acute respiratory syndrome coronavirus2 
4tvp	H	L	0	envelope glycoprotein gp160	human immunodeficiency virus 1
4tvp	D	E	0	envelope glycoprotein gp160	human immunodeficiency virus 1
3b2v	H	L	0	epidermal growth factor receptor	homo sapiens
7k8x	E	G	0	spike glycoprotein	severe acute respiratory syndrome coronavirus2 
7s6l	H	L	0	spike glycoprotein	severe acute respiratory syndrome coronavirus2 
6q0l	H	L	0	hemagglutinin	influenza a virus (a/beijing/262/1995(h1n1))
3u7y	H	L	0	envelope glycoprotein gp160	human immunodeficiency virus 1
4y5y	D	E	0	erythropoietin receptor	homo sapiens
4y5y	A	B	0	erythropoietin receptor	homo sapiens
7tlz	B	A	0	spike glycoprotein	homo sapiens
6wqo	B	C	0	reticulocyte binding protein 2b	plasmodium vivax (strain salvador i)
6wqo	E	F	0	reticulocyte binding protein 2b	plasmodium vivax (strain salvador i)
7kn3	M	N	0	spike protein s1	severe acute respiratory syndrome coronavirus2 
7kn3	H	L	0	spike protein s1	severe acute respiratory syndrome coronavirus2 
6oej	B	C	0	clade a/e 93th057 hiv-1 gp120 core	human immunodeficiency virus 1
6oej	H	L	0	clade a/e 93th057 hiv-1 gp120 core	human immunodeficiency virus 1
7czq	J	N	0	spike glycoprotein	severe acute respiratory syndrome coronavirus2 
7czq	H	K	0	spike glycoprotein	severe acute respiratory syndrome coronavirus2 
7f62	H	L	0	spike glycoprotein	severe acute respiratory syndrome coronavirus2 
7cai	E	D	0	spike glycoprotein	severe acute respiratory syndrome coronavirus2 
4kvn	H	L	0	hemagglutinin	influenza a virus
7cah	E	D	0	spike glycoprotein	severe acute respiratory syndrome coronavirus2 
7su1	H	L	0	cytotoxic t-lymphocyte protein 4	homo sapiens
7lrs	D	E	0	spike glycoprotein	severe acute respiratory syndrome coronavirus2 
7e5o	H	L	0	spike protein s1	severe acute respiratory syndrome coronavirus2 
7enf	P	O	0	spike glycoprotein	severe acute respiratory syndrome coronavirus2 
5vag	C	B	0	hemagglutinin	influenza a virus
5u7m	H	L	0	envelope glycoprotein gp160	human immunodeficiency virus 1
5u7m	D	E	0	envelope glycoprotein gp160	human immunodeficiency virus 1
6wo4	H	L	0	envelope glycoprotein e2	recombinant hepatitis c virus hk6a/jfh-1
6xe1	H	L	0	spike protein s1	severe acute respiratory syndrome coronavirus2 
4uv7	H	L	0	epidermal growth factor receptor	homo sapiens
6mu6	H	L	0	envelope glycoprotein gp160	human immunodeficiency virus 1
6mu6	D	E	0	envelope glycoprotein gp160	human immunodeficiency virus 1
7lse	H	L	0	envelope protein e	tick-borne encephalitis virus far easternsubtype 
4hfu	H	L	0	hemagglutinin ha1	influenza a virus
7elx	H	L	0	cytotoxic t-lymphocyte protein 4	homo sapiens
7kmi	A	B	0	spike protein s1	severe acute respiratory syndrome coronavirus2 
6lxi	C	D	0	neuraminidase	influenza a virus (strain a/brevigmission/1/1918 h1n1) 
6lxi	H	L	0	neuraminidase	influenza a virus (strain a/brevigmission/1/1918 h1n1) 
7n3c	H	L	0	nucleoprotein	severe acute respiratory syndrome coronavirus2 
7swp	H	L	0	spike protein s1	severe acute respiratory syndrome coronavirus2 
6nnf	H	L	0	envelope glycoprotein gp120	human immunodeficiency virus 1
6nnf	D	E	0	envelope glycoprotein gp41	human immunodeficiency virus 1
6nnf	U	V	0	envelope glycoprotein gp120	human immunodeficiency virus 1
3bdy	H	L	0	vascular endothelial growth factor a	homo sapiens
7soa	H	L	0	spike glycoprotein	severe acute respiratory syndrome coronavirus2 
7mf1	H	L	0	spike protein s1	severe acute respiratory syndrome coronavirus2 
5w2b	H	L	0	nucleoprotein	reston ebolavirus
7dzx	H	L	0	spike glycoprotein	severe acute respiratory syndrome coronavirus2 
7fcq	H	L	0	spike protein s1	severe acute respiratory syndrome coronavirus2 
2ghw	B	B	0	spike glycoprotein	sars coronavirus
2ghw	D	D	0	spike glycoprotein	sars coronavirus
7e23	B	C	0	spike protein s1	severe acute respiratory syndrome coronavirus2 
2ny4	D	C	0	envelope glycoprotein gp120	human immunodeficiency virus 1
7ek0	H	L	0	spike protein s1	severe acute respiratory syndrome coronavirus2 
7e8m	H	L	0	spike protein s1	severe acute respiratory syndrome coronavirus2 
2dd8	H	L	0	spike glycoprotein	sars coronavirus
6meh	H	L	0	e2 glycoprotein	hepacivirus c
7n4j	H	L	0	spike protein s1	severe acute respiratory syndrome coronavirus2 
7beh	H	L	0	spike glycoprotein	severe acute respiratory syndrome coronavirus2 
7ps6	H	L	0	spike protein s1	severe acute respiratory syndrome coronavirus2 
7ps6	C	D	0	spike protein s1	severe acute respiratory syndrome coronavirus2 
5w6g	H	L	0	hemagglutinin ha1	influenza a virus (a/solomonislands/3/2006(h1n1)) 
7bek	H	L	0	spike glycoprotein	severe acute respiratory syndrome coronavirus2 
7soc	H	L	0	spike glycoprotein	severe acute respiratory syndrome coronavirus2 
6oz2	H	L	0	clade a/e 93th057 hiv-1 gp120 core	human immunodeficiency virus 1
6bgt	B	A	0	receptor tyrosine-protein kinase erbb-2	homo sapiens
7bei	H	L	0	spike glycoprotein	severe acute respiratory syndrome coronavirus2 
5eii	H	L	0	histone chaperone asf1	saccharomyces cerevisiae
5eii	A	B	0	histone chaperone asf1	saccharomyces cerevisiae
6c6z	H	L	0	spike protein	middle east respiratory syndrome-relatedcoronavirus 
6c6z	C	D	0	spike protein	middle east respiratory syndrome-relatedcoronavirus 
7tly	A	B	0	spike glycoprotein	severe acute respiratory syndrome coronavirus2 
4al8	H	L	0	envelope protein	dengue virus
4j6r	H	L	0	envelope glycoprotein gp160	human immunodeficiency virus 1
7chp	H	L	0	spike protein s1	severe acute respiratory syndrome coronavirus2 
7jv2	H	L	0	sars-cov-2 spike glycoprotein	severe acute respiratory syndrome coronavirus2 
5w42	H	L	0	hemagglutinin	influenza a virus(a/swine/minnesota/a01134337/2010(h3n2)) 
7mzl	H	L	0	spike protein s1	severe acute respiratory syndrome coronavirus2 
7n4i	H	L	0	spike protein s1	severe acute respiratory syndrome coronavirus2 
6ivz	H	L	0	envelope protein	yellow fever virus
7m42	D	C	0	spike protein s1	severe acute respiratory syndrome coronavirus2 
7m42	B	A	0	spike protein s1	severe acute respiratory syndrome coronavirus2 
7ttm	H	L	0	spike protein s1	bat sars-like coronavirus rsshc014
4olv	H	L	0	envelope glycoprotein gp160	human immunodeficiency virus 1
4lss	H	L	0	envelope glycoprotein gp120	human immunodeficiency virus 1
7byr	H	L	0	sars-cov-2 spike glycoprotein	severe acute respiratory syndrome coronavirus2 
5d70	H	L	0	granulocyte-macrophage colony-stimulating factor	homo sapiens
5o4g	B	A	0	receptor tyrosine-protein kinase erbb-2	homo sapiens
7ntc	H	L	0	spike glycoprotein	severe acute respiratory syndrome coronavirus2 
6ofi	H	L	0	clade a/e 93th057 hiv-1 gp120 core	human immunodeficiency virus 1
7n62	H	L	0	spike glycoprotein	severe acute respiratory syndrome coronavirus2 
7l7d	H	L	0	spike protein s1	severe acute respiratory syndrome coronavirus2 
6mei	H	L	0	e2 glycoprotein	hepacivirus c
7n3d	H	L	0	nucleoprotein	severe acute respiratory syndrome coronavirus2 
7tas	H	L	0	spike glycoprotein	severe acute respiratory syndrome coronavirus2 
