CDR_H1,CDR_H2,CDR_L1,CDR_L2,CDR_L3
GFTFSAY,SFDGGS,RASQSISNS,DASNRAT,QQRNNWPPLT
GFTFSAY,SFDGGS,RASQSISNS,DASNRAT,QQRNNWPPLT
GFTFSAY,SFDGGS,RASQSISNS,DASNRAT,QQRNNWPPLT
GGTSNNY,SPIFGS,SGSDSNIGRRS,SNDQRPS,AAWDDSLKGAV
GGTSNNY,SPIFGS,SGSDSNIGRRS,SNDQRPS,AAWDDSLKGAV
GGSVSRGGY,TYSGD,RASQGITND,SASRLQS,LQHNSYQWT
GGSVSRGGY,TYSGD,RASQGITND,SASRLQS,LQHNSYQWT
GGSVSRGGY,TYSGD,RASQGITND,SASRLQS,LQHNSYQWT
GASVSSY,YTSGN,RSSQGLAFLDGNTY,KVSNRDS,MQGTHWPLT
GASVSSY,YTSGN,RSSQGLAFLDGNTY,KVSNRDS,MQGTHWPLT
GASVSSY,YTSGN,RSSQGLAFLDGNTY,KVSNRDS,MQGTHWPLT
GGSVSRGGY,TYSGD,RASQGITND,SASRLQS,LQHNSYQWT
GGSVSRGGY,TYSGD,RASQGITND,SASRLQS,LQHNSYQWT
GGSVSRGGY,TYSGD,RASQGITND,SASRLQS,LQHNSYQWT
GGSISSGGY,YYSGS,RASQGIRND,AASSLQS,LQHNSYQWT
GGSISSGGY,YYSGS,RASQGIRND,AASSLQS,LQHNSYQWT
GGSISSGGY,YYSGS,RASQGIRND,AASSLQS,LQHNSYQWT
GGTFNYH,SPALGR,TGTYNDIGGYNF,EVSKRPS,SSFAGSNTFVV
GGTFNYH,SPALGR,TGTYNDIGGYNF,EVSKRPS,SSFAGSNTFVV
GGTFNYH,SPALGR,TGTYNDIGGYNF,EVSKRPS,SSFAGSNTFVV
GDTFSSY,IPFLGT,RSSQSVFTY,AASTLQS,QQSFSTPLT
GFTFNTY,SSSSLS,RASQSVSSN,GASTRAT,QQYYNWPPLT
GFTFSKY,SGSGIS,RASQSVSSN,GASTRAT,QQYNNWPPIT
GFAFSSF,SSGSGT,RSSKSLLHSNGNTY,RMSNLAS,MQHLEYPLT
GFTFSSY,WFDGSN,RASQSVSSSY,GASSRAT,QQYGSSPELT
GFTFSSY,GTAGD,RASQSIGSY,AASSLQS,QQSYVSPTYT
GITVSSN,YSGGS,RASQSVSSSY,GASSRAT,QQYGSSPT
GVSVTSDIY,FYNGD,RPSQNIRSF,AASNLQS,QQSYNTPPT
GVSVTSDIY,FYNGD,RPSQNIRSF,AASNLQS,QQSYNTPPT
GFSLDTSGV,FWDDD,KSSQSVLYSSNNKNY,WASTRES,QQYYSLWT
GFSLDTSGV,FWDDD,KSSQSVLYSSNNKNY,WASTRES,QQYYSLWT
GFSLDTSGV,FWDDD,KSSQSVLYSSNNKNY,WASTRES,QQYYSLWT
GFSLDTSGV,FWDDD,KSSQSVLYSSNNKNY,WASTRES,QQYYSLWT
GYTFTDY,NPKSGG,GGKDLGSKS,YDNIRPS,QVWDSSSDHYV
GYPFSGY,NPNSGG,RASQIISTY,SASTLQS,QQSYRDPIT
GDSVSSNSA,YYRSKWY,RASQSVSSTF,GASYMAT,QQYGSSLT
GDSVSSNSA,YYRSKWY,RASQSVSSTF,GASYMAT,QQYGSSLT
GDSVSSNSA,YYRSKWY,RASQSVSSTF,GASYMAT,QQYGSSLT
GDSVSSNSA,YYRSKWY,RASQSVSSTF,GASYMAT,QQYGSSLT
GFTFSNY,SYDGSD,SGNSSNIGQNH,DTKERPS,GTWDSRLSAVV
GYTFTGY,NPNSGG,GGNNIGSKS,DDSDRPS,QVWDSSSDHVV
GYTFTDN,HPNSGA,GGNNIGRKR,EDSDRPS,QVWDSDSDHVV
GYTFTDN,HPNSGA,GGNNIGRKR,EDSDRPS,QVWDSDSDHVV
GYRFSDY,TTKGDQ,RASQTINNW,AASDLDS,QQYNEFPVT
GGTINRY,YYTGT,RASQTITNAY,STSTRAS,QQYVRSPWT
GGTINRY,YYTGT,RASQTITNAY,STSTRAS,QQYVRSPWT
GYSFSSF,YGGDSD,RASQRIGSW,NPSTLES,QQYDA
GGSINTNMY,YYSGT,SGNKLGDTY,EDNKRPS,QVWDSSQMV
,,,,
,,,,
GVIFSRN,IPFLDV,SGSGSNIGSNA,NQNQRPS,ATWDDNLSGLV
GGTFINY,IPILGI,RASQSVTSSY,GASSRVT,QQYGSSPLT
GGTFINY,IPILGI,RASQSVTSSY,GASSRVT,QQYGSSPLT
GGTFINY,IPILGI,RASQSVTSSY,GASSRVT,QQYGSSPLT
GNSFTIY,YPGDSG,TGSSSNIGAGFD,GNNNRPS,QSSDSSLSGLYV
GNSFTIY,YPGDSG,TGSSSNIGAGFD,GNNNRPS,QSSDSSLSGLYV
GNSFTIY,YPGDSG,TGSSSNIGAGFD,GNNNRPS,QSSDSSLSGLYV
GFNIYYS,YSYSGY,RASQSVSSA,SASSLYS,QQSYYKPIT
GFNIYYS,YSYSGY,RASQSVSSA,SASSLYS,QQSYYKPIT
GFNVSYY,SSSSGS,RASQSVSSA,SASSLYS,QQSSSSLIT
GFNVSYY,SSSSGS,RASQSVSSA,SASSLYS,QQSSSSLIT
GFNVSYY,SSSSGS,RASQSVSSA,SASSLYS,QQSSSSLIT
GFNVSYY,SSSSGS,RASQSVSSA,SASSLYS,QQSSSSLIT
GFNVSYY,SSSSGS,RASQSVSSA,SASSLYS,QQSSSSLIT
GFNVSYY,SSSSGS,RASQSVSSA,SASSLYS,QQSSSSLIT
GFNVSYY,SSSSGS,RASQSVSSA,SASSLYS,QQSSSSLIT
GFNVSYY,SSSSGS,RASQSVSSA,SASSLYS,QQSSSSLIT
GFNVSYY,SSSSGS,RASQSVSSA,SASSLYS,QQSSSSLIT
GFNVSYY,SSSSGS,RASQSVSSA,SASSLYS,QQSSSSLIT
GFNVSYY,SSSSGS,RASQSVSSA,SASSLYS,QQSSSSLIT
GFNVSYY,SSSSGS,RASQSVSSA,SASSLYS,QQSSSSLIT
GFNVSYY,SSSSGS,RASQSVSSA,SASSLYS,QQSSSSLIT
GFNVSYY,SSSSGS,RASQSVSSA,SASSLYS,QQSSSSLIT
GFAFSSF,SSGSGT,RSSKSLLHSNGNTY,RMSNLAS,MQHLEYPLT
,,,,
GFNVSYY,SSSSGS,RASQSVSSA,SASSLYS,QQSSSSLIT
GFNVSYY,SSSSGS,RASQSVSSA,SASSLYS,QQSSSSLIT
GFNVSYY,SSSSGS,RASQSVSSA,SASSLYS,QQSSSSLIT
GFNVSYY,SSSSGS,RASQSVSSA,SASSLYS,QQSSSSLIT
GFNVSYY,SSSSGS,RASQSVSSA,SASSLYS,QQSSSSLIT
GFNVSYY,SSSSGS,RASQSVSSA,SASSLYS,QQSSSSLIT
GFNVSYY,SSSSGS,RASQSVSSA,SASSLYS,QQSSSSLIT
GFTFSSY,SGSGGS,GGNNIGSKS,DDSARPS,QVWDNNSDDVV
GFTFSSY,SGSGGS,GGNNIGSKS,DDSARPS,QVWDNNSDDVV
GFNFGDY,RSNTYGGA,TGTSSDVGNYNL,EGYKRPS,CLYAGRSLWV
GFTVRSY,LFDGTT,SGDKLGDKF,QDIERPS,QAWDTSTVV
GFAFSSF,SSGSGT,RSSKSLLHSNGNTY,RMSNLAS,MQHLEYPLT
GFAFSSF,SSGSGT,RSSKSLLHSNGNTY,RMSNLAS,MQHLEYPLT
,,,,
,,,,
GFAFSSF,SSGSGT,RSSKSLLHSNGNTY,RMSNLAS,MQHLEYPLT
GGTFNNY,IPIFGG,SGSSSNVGSNY,RNNRRPS,ATWDDSLSGLV
GGTFNNY,IPIFGG,SGSSSNVGSNY,RNNRRPS,ATWDDSLSGLV
GGTFNNY,IPIFGG,SGSSSNVGSNY,RNNRRPS,ATWDDSLSGLV
GYTFTSY,NAGNGN,TGTSSDVGGFNY,DVTSRPS,SSHTSRGTWV
GYTFTSY,NAGNGN,TGTSSDVGGFNY,DVTSRPS,SSHTSRGTWV
GYTFTSY,NAGNGN,TGTSSDVGGFNY,DVTSRPS,SSHTSRGTWV
GGTFNNY,IPIFGG,SGSSSNVGSNY,RNNRRPS,ATWDDSLSGLV
GGTFNNY,IPIFGG,SGSSSNVGSNY,RNNRRPS,ATWDDSLSGLV
GGTFNNY,IPIFGG,SGSSSNVGSNY,RNNRRPS,ATWDDSLSGLV
GGTFSSY,IPIFGT,TGTSSDVGGYNY,DVSKRPS,SSYTSSSTWV
GFKFDDY,NWNGDI,RASQGIDGY,AASLLQS,QHLDSYPLFT
GYTFSYY,YPGDSD,TGISSDVGGDNY,DVSKRPS,CSYALSRVV
GYTFSYY,YPGDSD,TGISSDVGGDNY,DVSKRPS,CSYALSRVV
GYTFSYY,YPGDSD,TGISSDVGGDNY,DVSKRPS,CSYALSRVV
GYTFSYY,YPGDSD,TGISSDVGGDNY,DVSKRPS,CSYALSRVV
GYTFSYY,YPGDSD,TGISSDVGGDNY,DVSKRPS,CSYALSRVV
GYTFSYY,YPGDSD,TGISSDVGGDNY,DVSKRPS,CSYALSRVV
GYTFSYY,YPGDSD,TGISSDVGGDNY,DVSKRPS,CSYALSRVV
GYTFSYY,YPGDSD,TGASSDVGGYNY,EVNKRPS,CSYALSRVV
GYTFSYY,YPGDSD,TGASSDVGGYNY,EVNKRPS,CSYALSRVV
GYTFSYY,YPGDSD,TGASSDVGGYNY,EVNKRPS,CSYALSRVV
GYTFSYY,YPGDSD,TGASSDVGGYNY,EVNKRPS,CSYALSRVV
,,,,
,,,,
GFTFSKY,SSGGGY,RASQDVGTA,WASTRHT,QQYSSYPLT
GYTFTSY,HPNSGS,KASQNVRTA,LASNRHT,LQHWNYPYT
GFTFSKY,SSGGGY,RASQDVGTA,WASTRHT,QQYSSYPLT
GYTFTSY,HPNSGS,KASQNVRTA,LASNRHT,LQHWNYPYT
GFNVSYY,YPYYGS,RASQSVSSA,SASSLYS,QQDGWSLIT
GFNVSYY,YPYYGS,RASQSVSSA,SASSLYS,QQDGWSLIT
GASISSY,YTSGS,RASQSISSW,KASSLES,QQYNSYPWT
GFTFRIY,SNEGTN,RASESVSTY,DASHRAT,QQRSNWPPIT
GFNVVDF,SSSSGS,RASQSVSSA,SASSLYS,QQYLYYSLVT
GFTFSKY,SYDGRH,RQSQSVGWSP,GAFSRAT,QQYGQSPWT
GFTFSKY,SYDGRH,RQSQSVGWSP,GAFSRAT,QQYGQSPWT
GYTFTDY,NPYNGD,RSSQSIVHSNGNTY,KVSNRFS,FQGSHVPYT
GYTFTDY,NPYNGD,RSSQSIVHSNGNTY,KVSNRFS,FQGSHVPYT
GGFFSHY,IPVIDD,RASQSVSSN,GASTRAT,QQYNNWPWT
GLPDATY,IPRLDA,RASQSVSSN,GASTRAT,QQYNNWPWT
GFAFSSF,SSGSGT,RSSKSLLHSNGNTY,RMSNLAS,MQHLEYPLT
GFAFSSF,SSGSGT,RSSKSLLHSNGNTY,RMSNLAS,MQHLEYPLT
GFTFSTY,GASGSQ,TGTGSDVGSYNL,GDSERPS,SSYAGSGIYV
GFAFSSF,SSGSGT,RSSKSLLHSNGNTY,RMSNLAS,MQHLEYPLT
GYNFSNN,YPGDSD,QGDTLRRHY,DKNTRPS,NSRDSSDNLHVV
GIIVSDN,YTGGS,RASQTISTY,GASSLQS,QESDSPSFT
GFAFSSF,SSGSGT,RSSKSLLHSNGNTY,RMSNLAS,MQHLEYPLT
GFTLETY,SKDGNN,RSSQSLLHSNGYNY,WGSNRAS,MQALQTPPWT
GFTLETY,SKDGNN,RSSQSLLHSNGYNY,WGSNRAS,MQALQTPPWT
GFTLETY,SKDGNN,RSSQSLLHSNGYNY,WGSNRAS,MQALQTPPWT
GFTLETY,SKDGNN,RSSQSLLHSNGYNY,WGSNRAS,MQALQTPPWT
GFAFSSF,SSGSGT,RSSKSLLHSNGNTY,RMSNLAS,MQHLEYPLT
GFTFSAY,NPNSGG,KASQDVSIG,SASYRYT,QQYYIYPYT
GFSVNTSGV,YWDHN,QASQDINNY,DASNLET,QHYVNLLFT
RGSIESY,HYTGS,RASQGIKSY,VGSSLQS,QQLNDYPIT
GYRFTDY,NPHSGD,GANNIAKKR,DDEDRSS,QVWDSKTDHVV
GYRFTDY,NPHSGD,GANNIAKKR,DDEDRSS,QVWDSKTDHVV
GYRFTDY,NPHSGD,GANNIAKKR,DDEDRSS,QVWDSKTDHVV
GYTFTKY,NTNTAK,RASQSIGTW,KASNLKS,QQYNTYSGT
DASIDTPSY,YYTGN,RASPSAGRF,DASKRAT,QHRSNWPLT
GYRFTDY,NPHSGD,GANNIAKKR,DDEDRSS,QVWDSKTDHVV
GYRFTDY,NPHSGD,GANNIAKKR,DDEDRSS,QVWDSKTDHVV
GFTFSDF,SATGGN,SGDKLGERY,QTNQRPS,LTWDRGTPV
GFTFSDF,SATGGN,SGDKLGERY,QTNQRPS,LTWDRGTPV
GFTFSSY,SSSSSY,KSSQSVLYSSNNKNY,WASTRES,QQYYSTPALT
GFTFSSY,SSSSSY,KSSQSVLYSSNNKNY,WASTRES,QQYYSTPALT
GFTFSSY,SSSSSY,KSSQSVLYSSNNKNY,WASTRES,QQYYSTPALT
GNSFSNH,SHEGDK,KCSHSLQHSTGANY,LATHRAS,MQGLHSPWT
GFTFSSY,SGSGGS,KSSQSVLYSSNNKNY,WASTRES,QQNLRPPET
GFTFSSY,SGSGGS,KSSQSVLYSSNNKNY,WASTRES,QQNLRPPET
GGYISSGSH,YTSGS,RASQSVSSRS,GASNRAT,QQYGSSPLT
GGYISSGSH,YTSGS,RASQSVSSRS,GASNRAT,QQYGSSPLT
GGYISSGSH,YTSGS,RASQSVSSRS,GASNRAT,QQYGSSPLT
GFAFSSF,SSGSGT,RSSKSLLHSNGNTY,RMSNLAS,MQHLEYPLT
GLTVSNN,YSSGS,RASQSVSSH,AVSSLQS,QQTYTIPRT
GLTVSNN,YSSGS,RASQSVSSH,AVSSLQS,QQTYTIPRT
GLTVSNN,YSSGS,RASQSVSSH,AVSSLQS,QQTYTIPRT
GLTVSNN,YSSGS,RASQSVSSH,AVSSLQS,QQTYTIPRT
GGSISSGGY,YYSGS,RASQSITNF,AVSNLQS,QQSYSPPYT
GGSISSGGY,YYSGS,RASQSITNF,AVSNLQS,QQSYSPPYT
GFTFSNY,SYDGSN,SGDALPKKY,EDSKRPS,YSTDSSGNLYV
GFTFSNY,SYDGSN,SGDALPKKY,EDSKRPS,YSTDSSGNLYV
GGSISSNDY,SYNGD,RASQGIRNY,GASSLQN,QQSYRTLT
GYTFTGY,NPNSGG,RASQSVSSY,GASTRAT,QQYNNWPPPFT
GYTFTGY,NPNSGG,RASQSVSSY,GASTRAT,QQYNNWPPPFT
GYTFTGY,NPNSGG,RASQSVSSY,GASTRAT,QQYNNWPPPFT
GFTFRGY,SGSGSI,RASQSIRSW,KASDLQS,QHYNSYPYT
GFNLYSS,YPSSGY,RASQSVSSA,SASSLYS,QQSSSSLIT
GFNLYSS,YPSSGY,RASQSVSSA,SASSLYS,QQSSSSLIT
GFTFSSS,SSSSGS,RASQSVSSA,SASSLYS,QQSSSSLIT
GFTVNSN,YSGGY,RASQGISSA,DASSLAN,QQFNYYPLT
GFSLSSY,SNTGSY,RASQGISNF,TTSTLQS,LYYNSAPWT
AYSSTYF,DPTDSY,RASQSVSSN,GASTRAT,QQYNNWPYT
AYSSTYF,DPTDSY,RASQSVSSN,GASTRAT,QQYNNWPYT
AYSSTYF,DPTDSY,RASQSVSSN,GASTRAT,QQYNNWPYT
GFTISSK,YSSGS,RASQGISTW,AASSLQS,QQANSFPFT
GFTISSK,YSSGS,RASQGISTW,AASSLQS,QQANSFPFT
GFTISSK,YSSGS,RASQGISTW,AASSLQS,QQANSFPFT
GFTISSK,YSSGS,RASQGISTW,AASSLQS,QQANSFPFT
GYSFTSY,YPGDSD,SGDALPKQY,KDSERPS,QSADSSDTYVPYV
GYSFTSY,YPGDSD,SGDALPKQY,KDSERPS,QSADSSDTYVPYV
GFSLSSY,NVYGG,QASQSISNQ,DASSLAS,LGIYGDGADDGIA
GFSLSSY,NVYGG,QASQSISNQ,DASSLAS,LGIYGDGADDGIA
GFSFSSY,GGSGHS,RSSQSLRHSDGNNY,LGSNRAS,MQALQTPT
GFSFSSY,GGSGHS,RSSQSLRHSDGNNY,LGSNRAS,MQALQTPT
GFTFSSY,SGSGGS,RSSQSLVYSDGNTF,QVSNRDS,MQGTHWPRT
GFTFSSY,SGSGGS,RSSQSLVYSDGNTF,QVSNRDS,MQGTHWPRT
GFTFSSY,SGSGGS,RSSQSLVYSDGNTF,QVSNRDS,MQGTHWPRT
GFTFSSY,SGSGGS,RSSQSLVYSDGNTF,QVSNRDS,MQGTHWPRT
GFTFSSY,SGSGGS,RSSQSLVYSDGNTF,QVSNRDS,MQGTHWPRT
GFTFSSY,SGSGGS,RSSQSLVYSDGNTF,QVSNRDS,MQGTHWPRT
GYTFTSY,DLSDSE,RTSGNIYNY,NAKTLAD,QHFWSIPWT
GYTFTSY,DLSDSE,RTSGNIYNY,NAKTLAD,QHFWSIPWT
GYTFTSY,DLSDSE,RTSGNIYNY,NAKTLAD,QHFWSIPWT
GYTFTSY,DLSDSE,RTSGNIYNY,NAKTLAD,QHFWSIPWT
GGTSNNY,SPIFGS,SGSDSNIGRRS,SNDQRPS,AAWDDSLKGAV
GGTSNNY,SPIFGS,SGSDSNIGRRS,SNDQRPS,AAWDDSLKGAV
GGTSNNY,SPIFGS,SGSDSNIGRRS,SNDQRPS,AAWDDSLKGAV
,,,,
GFNFNKF,WYDGSN,RSSQTLLHNNGYNY,LGSNRAP,MQGRHTPWT
GFNFNKF,WYDGSN,RSSQTLLHNNGYNY,LGSNRAP,MQGRHTPWT
GFAFSSF,SSGSGT,RSSKSLLHSNGNTY,RMSNLAS,MQHLEYPLT
GGSISSTSY,YHSGN,RASQSVGNN,DASTRAT,QEYNNWPRYT
GGSISSTSY,YHSGN,RASQSVGNN,DASTRAT,QEYNNWPRYT
GGSISSTSY,YHSGN,RASQSVGNN,DASTRAT,QEYNNWPRYT
GGSISSTSY,YHSGN,RASQSVGNN,DASTRAT,QEYNNWPRYT
GGSISSTSY,YHSGN,RASQSVGNN,DASTRAT,QEYNNWPRYT
GGSISSTSY,YHSGN,RASQSVGNN,DASTRAT,QEYNNWPRYT
GGSISSTSY,YHSGN,RASQSVGNN,DASTRAT,QEYNNWPRYT
GGSISSTSY,YHSGN,RASQSVGNN,DASTRAT,QEYNNWPRYT
GFTFNSY,RYDGGN,QASQDIRFY,DASNMET,QQYDNLPFT
GFTFNSY,RYDGGN,QASQDIRFY,DASNMET,QQYDNLPFT
GFTFNSY,RYDGGN,QASQDIRFY,DASNMET,QQYDNLPFT
GFTFNSY,RYDGGN,QASQDIRFY,DASNMET,QQYDNLPFT
GFTFSGY,TYNGT,RASQSVSSSN,GASSRAT,QQSYSLPWT
GFNVVDF,SSSSGS,RASQSVSSA,SASSLYS,QQYLYYSLVT
GFDLWYY,YPSYGY,RASQAAYGR,KASELYA,QQRGWYLFT
GFDLWYY,YPSYGY,RASQAAYGR,KASELYA,QQRGWYLFT
GGTFRSH,IPLFGT,QASQDIGNY,DASHLET,QRYDPSYT
GYPFTSY,STYNGN,RASQTVSSTS,GASSRAT,QQHDTSLT
GGTFRSH,IPLFGT,QASQDIGNY,DASHLET,QRYDPSYT
GYPFTSY,STYNGN,RASQTVSSTS,GASSRAT,QQHDTSLT
GGTFRSH,IPLFGT,QASQDIGNY,DASHLET,QRYDPSYT
GYPFTSY,STYNGN,RASQTVSSTS,GASSRAT,QQHDTSLT
GGFVTRNSY,HHSGE,RASQGIRND,AASSSLP,LQYHNYPRT
GGFVTRNSY,HHSGE,RASQGIRND,AASSSLP,LQYHNYPRT
GGFVTRNSY,HHSGE,RASQGIRND,AASSSLP,LQYHNYPRT
GFTFHNY,TWNSVN,RASQSISNY,GASSLQL,QQGYIMPGT
GFTFHNY,TWNSVN,RASQSISNY,GASSLQL,QQGYIMPGT
GFTFHNY,TWNSVN,RASQSISNY,GASSLQL,QQGYIMPGT
GGSVSSPGY,YYRGS,RASQSISKT,SASTRAS,QQYNEWPPRPT
GGTFNRY,IPIFGT,TGTSSDIGGYNF,DATKRPS,CSYAGDYTPGVV
GGTFNRY,IPIFGT,TGTSSDIGGYNF,DATKRPS,CSYAGDYTPGVV
GGTLNDY,IPILGT,RASQNVGSNL,GASNRAT,QQYGSSPRT
GYTFTSY,YPGNGD,RASSSVSY,ATSNLAS,QQWTSNPPT
GYTFTSY,YPGNGD,RASSSVSY,ATSNLAS,QQWTSNPPT
GYTFTSY,YPGNGD,RASSSVSY,ATSNLAS,QQWTSNPPT
GYTFTSY,YPGNGD,RASSSVSY,ATSNLAS,QQWTSNPPT
GFSLSTSGM,WWDDD,KASQSVSDV,YASNRYT,QQGYRSPYT
RFSLIGY,SSAAT,QSIKSVYNNR,ETSILTS,AGGFDRSGDTT
RFSLIGY,SSAAT,QSIKSVYNNR,ETSILTS,AGGFDRSGDTT
RFSLIGY,SSAAT,QSIKSVYNNR,ETSILTS,AGGFDRSGDTT
RFSLIGY,SSAAT,QSIKSVYNNR,ETSILTS,AGGFDRSGDTT
RFSLIGY,SSAAT,QSIKSVYNNR,ETSILTS,AGGFDRSGDTT
RFSLIGY,SSAAT,QSIKSVYNNR,ETSILTS,AGGFDRSGDTT
RFSLIGY,SSAAT,QSIKSVYNNR,ETSILTS,AGGFDRSGDTT
RFSLIGY,SSAAT,QSIKSVYNNR,ETSILTS,AGGFDRSGDTT
RFSLIGY,SSAAT,QSIKSVYNNR,ETSILTS,AGGFDRSGDTT
RFSLIGY,SSAAT,QSIKSVYNNR,ETSILTS,AGGFDRSGDTT
RFSLIGY,SSAAT,QSIKSVYNNR,ETSILTS,AGGFDRSGDTT
RFSLIGY,SSAAT,QSIKSVYNNR,ETSILTS,AGGFDRSGDTT
RFSLIGY,SSAAT,QSIKSVYNNR,ETSILTS,AGGFDRSGDTT
RFSLIGY,SSAAT,QSIKSVYNNR,ETSILTS,AGGFDRSGDTT
RFSLIGY,SSAAT,QSIKSVYNNR,ETSILTS,AGGFDRSGDTT
RFSLIGY,SSAAT,QSIKSVYNNR,ETSILTS,AGGFDRSGDTT
GFTISDY,TPAGGY,RASQFLSSFG,GASSLYS,QQGLLSPLT
GFAFSSF,SSGSGT,RSSKSLLHSNGNTY,RMSNLAS,MQHLEYPLT
GFAFSSF,SSGSGT,RSSKSLLHSNGNTY,RMSNLAS,MQHLEYPLT
GFAFSSF,SSGSGT,RSSKSLLHSNGNTY,RMSNLAS,MQHLEYPLT
,,,,
GITFSSF,AYDGSN,TGTSSDVGAYNY,DVDQRPS,SSYAGSYIWV
GYSFTSY,YPGDSD,TGISSDVGGYNS,DVTNRPS,SSYTSSSTPPYV
GFSLTNY,WAGGG,RASESVDYSGNSF,RASNLES,HQSNEDPPT
GDSVSSNSV,YYRSKWY,TGSSSDVGHYNR,DVSNRPS,SSHRTGYTVEV
GITFSSF,AYDGSD,TGTSSDVGAYNY,DVDQRPS,SSYAGSYIWV
GITFSSF,AYDGSD,TGTSSDVGAYNY,DVDQRPS,SSYAGSYIWV
GYPFTSY,STYNGN,RASQTVSSTS,GASSRAT,QQHDTSLT
EFIVSYN,YPGGS,RASQSIAYY,AASSLQS,QQSSDPPEYT
GFTFSSY,GTAGD,RASQSIGSY,AASSLQS,QQSYVSPTYT
GYPFTSY,STYNGN,RASQTVSSTS,GASSRAT,QQHDTSLT
EFIVSYN,YPGGS,RASQSIAYY,AASSLQS,QQSSDPPEYT
GFTFSSY,GTAGD,RASQSIGSY,AASSLQS,QQSYVSPTYT
GITFSSF,AYDGSD,TGTSSDVGAYNY,DVDQRPS,SSYAGSYIWV
GITFSSF,AYDGSD,TGTSSDVGAYNY,DVDQRPS,SSYAGSYIWV
GYSFTSY,YPGDSD,TGISSDVGGYNS,DVTNRPS,SSYTSSSTPPYV
GYPFTSY,STYNGN,RASQTVSSTS,GASSRAT,QQHDTSLT
GITFSSF,AYDGSD,TGTSSDVGAYNY,DVDQRPS,SSYAGSYIWV
,,,,
GYVFNEY,NPNSGD,RASQSIRSN,ATSSLQS,QQSYSLPWT
GGSITSGSF,FKTGS,SGSSSDIGPNT,SDNQRPS,AAWDDSLNPLYV
GFTFRDH,TAGSKM,SMNKYSY,QDTRRPS,QGWDSNVKAVL
GFTWSGA,YSAGGY,RASQSVSSA,SASSLYS,QQSEWGGLIT
GFSLTSY,WAGGS,RASQEISGY,AASTLDS,LQYTNYPLT
GFTFRDH,TAGSKM,SMNKYSY,QDTRRPS,QGWDSNVKAVL
GFDFSDF,SKISAA,RASQSVGSA,DASTRAT,QEYKNSVPPTWT
,,,,
GFDFSDF,SKISAA,RASQSVGSA,DASTRAT,QEYKNSVPPTWT
,,,,
GFAFSSF,SSGSGT,RSSKSLLHSNGNTY,RMSNLAS,MQHLEYPLT
GFTFDDY,SWDGGS,TGTISDVGAYNY,DVIERPS,CSYAGNYTWM
GFAFSSF,SSGSGT,RSSKSLLHSNGNTY,RMSNLAS,MQHLEYPLT
GFAFSSF,SSGSGT,RSSKSLLHSNGNTY,RMSNLAS,MQHLEYPLT
GYSISSGY,YRSGS,TAANSDIGDFNF,EVSSRPS,TSYTSSSTFV
GYTFISW,DPSDSY,SASQGISNY,YTSSLHS,QQSSKLPWT
GYTFISW,DPSDSY,SASQGISNY,YTSSLHS,QQSSKLPWT
GYTFISW,DPSDSY,SASQGISNY,YTSSLHS,QQSSKLPWT
GASIDRSTY,YYNGR,SGSSSNIETNY,RNNQRPS,GTWDDNSWV
GASIDRSTY,YYNGR,SGSSSNIETNY,RNNQRPS,GTWDDNSWV
GYTFTDY,NPNSGG,SGSSSNIGKNY,KNNQRPS,SAWDGSLSRPL
GASIDRSTY,YYNGR,SGSSSNIETNY,RNNQRPS,GTWDDNSWV
GYTFTDY,NPNSGG,SGSSSNIGKNY,KNNQRPS,SAWDGSLSRPL
GASIDRSTY,YYNGR,SGSSSNIETNY,RNNQRPS,GTWDDNSWV
GYTFTDY,NPNSGG,SGSSSNIGKNY,KNNQRPS,SAWDGSLSRPL
GASIDRSTY,YYNGR,SGSSSNIETNY,RNNQRPS,GTWDDNSWV
GYTFTDY,NPNSGG,SGSSSNIGKNY,KNNQRPS,SAWDGSLSRPL
GASIDRSTY,YYNGR,SGSSSNIETNY,RNNQRPS,GTWDDNSWV
,,,,
GFPFIIY,SFDGRN,RASQSISSN,GASTRAT,QQYNNWPPLT
GFPFIIY,SFDGRN,RASQSISSN,GASTRAT,QQYNNWPPLT
GYTFTGY,NPNSGG,TGTSSDVGGYNY,EVSNRPS,SSYTSSSTLVV
GYSFTSY,NPSNGR,SASTSVSY,TTSKLAS,HQWRNYPFT
GYTFTDH,NPDAGS,RASQSVSSY,DATNRAT,QHRSNWPRMFT
GYTFTDH,NPDAGS,RASQSVSSY,DATNRAT,QHRSNWPRMFT
GFTFSDY,SSSSGS,RASQSVSSA,SASSLYS,QQASYVRKTIT
GFTFSDY,SSSSGS,RASQSVSSA,SASSLYS,QQASYVRKTIT
GFTFSDY,SSSSGS,RASQSVSSA,SASSLYS,QQASYVRKTIT
GFSLTNY,WTGGG,KASKDIYNR,GATSLET,QQSWDTPYT
GFSLTNY,WTGGG,KASKDIYNR,GATSLET,QQFWGTPYT
,,,,
,,,,
,,,,
,,,,
,,,,
,,,,
,,,,
GASVSGNY,HGNSGT,RASQDISPD,DASNLQG,LQYNGYPWT
GASVSGNY,HGNSGT,RASQDISPD,DASNLQG,LQYNGYPWT
GASVSGNY,HGNSGT,RASQDISPD,DASNLQG,LQYNGYPWT
GVSISGNY,HGNTAA,RASQDISSD,FASNLQS,LQYQSYPWT
GVSISGNY,HGNTAA,RASQDISSD,FASNLQS,LQYQSYPWT
GASISGNY,HGNGAT,RASQDITTD,VASSLQN,LQYDSYPWT
GASISGNY,HGNGAT,RASQDITTD,VASSLQN,LQYDSYPWT
GASISGNY,HGNGAT,RASQDITTD,VASSLQN,LQYDSYPWT
GASVGGNY,HGGSGN,RASEDITTD,DVSSLQS,LQYNSYPWT
GASVGGNY,HGGSGN,RASEDITTD,DVSSLQS,LQYNSYPWT
GASVGGNY,HGGSGN,RASEDITTD,DVSSLQS,LQYNSYPWT
GFMFSAS,GGSGTS,QTSQPVNLW,GASTLQS,QQHHNFPWT
GFMFSAS,GGSGTS,QTSQPVNLW,GASTLQS,QQHHNFPWT
GFMFSAS,GGSGTS,QTSQPVNLW,GASTLQS,QQHHNFPWT
GFTFSSY,SGSGRS,RTSQDTNSY,AASVLLS,QQLASSPIT
GFTFSSY,SGSGGS,GGDNIGGKS,YDSDRPS,QVLDRRSDHWL
GFTFSSY,SGSGGS,GGDNIGGKS,YDSDRPS,QVLDRRSDHWL
GYKFSSY,FPGDSD,RASQDISSA,DVSSLES,QQFNGYPHRLT
GYSFTSY,YPGDSD,RASQSVSSY,DASTRDT,QHHSNWYT
GYRFTIY,WPGDSD,RASQGFSSA,DASSLES,QQFNSYPLT
GYRFTIY,WPGDSD,RASQGFSSA,DASSLES,QQFNSYPLT
GYSFTSY,YPGDSD,RASQGISNA,DASSLER,QQFNGFPNT
GFTFSSY,KQDGSE,TGSSGSIASNY,EDNQRPS,QSYDSSNWV
GFTFSSY,KQDGSE,TGSSGSIASNY,EDNQRPS,QSYDSSNWV
GFTFSSY,KQDGSE,TGSSGSIASNY,EDNQRPS,QSYDSSNWV
GYTFTDH,NPDAGS,RASQSVSSY,DATNRAT,QHRSNWPRMFT
GYTFTDH,NPDAGS,RASQSVSSY,DATNRAT,QHRSNWPRMFT
GFTFRNY,GTSGD,RASQTIGKY,AASTLHS,QQSYSSPPWT
GFTFRNY,GTSGD,RASQTIGKY,AASTLHS,QQSYSSPPWT
GFTFRNY,GTSGD,RASQTIGKY,AASTLHS,QQSYSSPPWT
GFTFRNY,GTSGD,RASQTIGKY,AASTLHS,QQSYSSPPWT
GYTFTDH,NPDAGS,RASQSVSSY,DATNRAT,QHRSNWPRMFT
VFSFDTS,VFGSSN,RASQSVRSGY,GAYNRAT,QQYDRSPWT
VFSFDTS,VFGSSN,RASQSVRSGY,GAYNRAT,QQYDRSPWT
VFSFDTS,VFGSSN,RASQSVRSGY,GAYNRAT,QQYDRSPWT
VFSFDTS,VFGSSN,RASQSVRSGY,GAYNRAT,QQYDRSPWT
GYTFTDH,NPDAGS,RASQSVSSY,DATNRAT,QHRSNWPRMFT
GYTFTDH,NPDAGS,RASQSVSSY,DATNRAT,QHRSNWPRMFT
GFTFRNY,GTSGD,RASQTIGKY,AASTLHS,QQSYSSPPWT
GFTFRNY,GTSGD,RASQTIGKY,AASTLHS,QQSYSSPPWT
GFTFRNY,GTSGD,RASQTIGKY,AASTLHS,QQSYSSPPWT
GFNVSSY,SPYSGY,RASQSVSSA,SASSLYS,QQSWSAYPFT
GFNVSYY,SPYSGS,RASQSVSSA,SASSLYS,QQYYWAPIT
GFTFNNY,KKDGSE,GGDNIGSRP,DDSNRPS,QVWSSSTDHP
GFTFNNY,KKDGSE,GGDNIGSRP,DDSNRPS,QVWSSSTDHP
GFTFNNY,KKDGSE,GGDNIGSRP,DDSNRPS,QVWSSSTDHP
GFTFNNY,KKDGSE,GGDNIGSRP,DDSNRPS,QVWSSSTDHP
GFTFNNY,KKDGSE,GGDNIGSRP,DDSNRPS,QVWSSSTDHP
GYTFTRH,YPGDSD,GGNNIGSKS,YPSDRPS,QLWDTNSDHWV
GYTFTRH,YPGDSD,GGNNIGSKS,YPSDRPS,QLWDTNSDHWV
GFTFGDY,RSKAYGGT,RSSQSLLHSNGYNY,LGSNRAS,MQSLQTPRLT
GFTFGDY,RSKAYGGT,RSSQSLLHSNGYNY,LGSNRAS,MQSLQTPRLT
GFAFSSF,SSGSGT,RSSKSLLHSNGNTY,RMSNLAS,MQHLEYPLT
GYTFTDY,NPNSGG,RASQSISTF,DASTLQS,QQTYNIPLYT
GYTFTDY,NPNSGG,RASQSISTF,DASTLQS,QQTYNIPLYT
GDSISNSSY,YYNGR,RASQSVSNN,GASTRAT,HQYHNWLLT
GDSISNSSY,YYNGR,RASQSVSNN,GASTRAT,HQYHNWLLT
GDSISNSSY,YYNGR,RASQSVSNN,GASTRAT,HQYHNWLLT
GLKFDDF,NWNGDN,RASQSVHNY,DASNRAT,QQRRNGYS
GFIVSRN,YSGGS,QASQDINKY,DASNLET,QQYDNLPIT
GFIVSRN,YSGGS,QASQDINKY,DASNLET,QQYDNLPIT
GLKFDDF,NWNGDN,QASQDINKY,DASNLET,QQYDNLPIT
GYNIRDY,NPKTGQ,QANGYLN,DGSKLER,QVYEF
GDSMNNY,SDRES,GRQALGSRA,NNQDRPS,HMWDSRSGFSWS
GYNIRDY,NPKTGQ,QANGYLN,DGSKLER,QVYEF
GDSMNNY,SDRES,GRQALGSRA,NNQDRPS,HMWDSRSGFSWS
GYNIRDY,NPKTGQ,QANGYLN,DGSKLER,QVYEF
GDSMNNY,SDRES,GRQALGSRA,NNQDRPS,HMWDSRSGFSWS
GGTFNNY,TPIFGT,RASQSISSF,AASSLSS,QQSYSFLLT
GGTHSNY,IPDFRT,SGDKLGDKY,QDSKRPS,QAWDSSALV
GFSLSNVGM,FSNDE,TGSSSNIGAGYD,DNNNRPS,QSFDSSSLTGSRV
GFSLSNVGM,FSNDE,TGSSSNIGAGYD,DNNNRPS,QSFDSSSLTGSRV
GFSLSNVGM,FSNDE,TGSSSNIGAGYD,DNNNRPS,QSFDSSSLTGSRV
GFTFRSY,SHEGSL,TRSSGNIDNNY,EDNQRPS,QSYDYDTQGVV
GFTFRSY,SHEGSL,TRSSGNIDNNY,EDNQRPS,QSYDYDTQGVV
GFTFSNY,SYDGIT,RASQNIDGF,AASRLQS,QQVYSAPLT
GFTFSNY,SYDGIT,RASQNIDGF,AASRLQS,QQVYSAPLT
GFTFSNY,SYDGIT,RASQNIDGF,AASRLQS,QQVYSAPLT
GYTFTSY,SGYDGN,RASQSINTW,KASSLES,QQYNSYLYT
GYTFTSY,SGYDGN,RASQSINTW,KASSLES,QQYNSYLYT
GYTFTSY,SGYDGN,RASQSINTW,KASSLES,QQYNSYLYT
GYTFTSY,SGYDGN,RASQSINTW,KASSLES,QQYNSYLYT
GFTFNTY,QQDGSE,SGSSSNIGNNA,FDDLVTS,AAWDDRLNGVV
GFTFNTY,QQDGSE,SGSSSNIGNNA,FDDLVTS,AAWDDRLNGVV
GFTFNTY,QQDGSE,SGSSSNIGNNA,FDDLVTS,AAWDDRLNGVV
GFTIYYS,SSYYGY,RASQSVSSA,SASSLYS,QQYYGYGGYPIT
GFTIYYS,SSYYGY,RASQSVSSA,SASSLYS,QQYYGYGGYPIT
GGSISSSDY,YYSGS,GGNNIGGKS,DDSDRPS,QVWDGSGDQVV
GGSISSSDY,YYSGS,GGNNIGGKS,DDSDRPS,QVWDGSGDQVV
GFTFSSY,SGSGGS,RASQGISRW,AAGNLET,QQADSFPLT
GFTFSSY,SYDGSD,RASQSISSY,AASSLQS,QQSYSTPFT
GFTFSRY,WYDGSN,RASQSISSY,AASSLQS,QQSYSTPLT
GFTFSRY,WYDGSN,RASQSISSY,AASSLQS,QQSYSTPLT
GFTFSNY,SHDASN,RASQSISNY,DASNLET,QQYDNLPLT
GFTFSSY,SGSGGS,RASQGISRW,AAGNLET,QQADSFPLT
GFTFSSY,SGSGGS,RASQGISRW,AAGNLET,QQADSFPLT
GDTFSSY,IPIIGT,TGTSSDIGDYNF,DVTNRPS,SSYTSTNTPVV
GDTFSSY,IPIIGT,TGTSSDIGDYNF,DVTNRPS,SSYTSTNTPVV
GYTFTNY,NPRGGS,RASQSVDTY,DASTRAP,QQRYNWPPIT
GYTFTNY,NPRGGS,RASQSVDTY,DASTRAP,QQRYNWPPIT
GFNLRSY,SPYYSY,RASQSVSSA,SASSLYS,QQSSYSLIT
GFNLRSY,SPYYSY,RASQSVSSA,SASSLYS,QQSSYSLIT
GFNLRSY,SPYYSY,RASQSVSSA,SASSLYS,QQSSYSLIT
GFNLRSY,SPYYSY,RASQSVSSA,SASSLYS,QQSSYSLIT
GFNLRSY,SPYYSY,RASQSVSSA,SASSLYS,QQSSYSLIT
,,,,
GFAFSSF,SSGSGT,RSSKSLLHSNGNTY,RMSNLAS,MQHLEYPLT
GFAFSSF,SSGSGT,RSSKSLLHSNGNTY,RMSNLAS,MQHLEYPLT
GFAFSSF,SSGSGT,RSSKSLLHSNGNTY,RMSNLAS,MQHLEYPLT
,,,,
GFAFSSF,SSGSGT,RSSKSLLHSNGNTY,RMSNLAS,MQHLEYPLT
GFAFSSF,SSGSGT,RSSKSLLHSNGNTY,RMSNLAS,MQHLEYPLT
GFAFSSF,SSGSGT,RSSKSLLHSNGNTY,RMSNLAS,MQHLEYPLT
GFAFSSF,SSGSGT,RSSKSLLHSNGNTY,RMSNLAS,MQHLEYPLT
GFAFSSF,SSGSGT,RSSKSLLHSNGNTY,RMSNLAS,MQHLEYPLT
GFAFSSF,SSGSGT,RSSKSLLHSNGNTY,RMSNLAS,MQHLEYPLT
GYPFTSY,STYNGN,RASQTVSSTS,GASSRAT,QQHDTSLT
GFTFRSH,SSDSTY,QGDSLRSYY,GKNNRPS,NSRDSSGNPPVV
GFTFRSH,SSDSTY,QGDSLRSYY,GKNNRPS,NSRDSSGNPPVV
GVTFSSY,IPILGT,RANQSIGGY,TASTLQS,QQNYNTPRT
GVTFSSY,IPILGT,RANQSIGGY,TASTLQS,QQNYNTPRT
GVTFSSY,IPILGT,RANQSIGGY,TASTLQS,QQNYNTPRT
GGTFS,IPVFGT,RASQSISSY,TASNLQS,QQSYTSPRT
GGTFS,IPVFGT,RASQSISSY,TASNLQS,QQSYTSPRT
GGTFS,IPVFGT,RASQSISSY,TASNLQS,QQSYTSPRT
GGTFSTY,VPIQG,RASQSVTSTF,GASSRAT,QQYATSPWT
GGTFSTY,VPIQG,RASQSVTSTF,GASSRAT,QQYATSPWT
GGTFSTY,VPIQG,RASQSVTSTF,GASSRAT,QQYATSPWT
GGTFSRY,SPIAGL,RASQSVSSSS,GASSRAT,QQYGSSPLT
GGTFSRY,SPIAGL,RASQSVSSSS,GASSRAT,QQYGSSPLT
GGTFSRY,SPIAGL,RASQSVSSSS,GASSRAT,QQYGSSPLT
GFTFNTF,RTKGNSYA,RASQDIYNY,YTSKLHS,QQGYTLPYT
GFTFNTF,RTKGNSYA,RASQDIYNY,YTSKLHS,QQGYTLPYT
GFTISSS,SSYYGS,RASQSVSSA,SASSLYS,QQGSAPFT
GVTFSSY,IPILGT,RANQSIGGY,TASTLQS,QQNYNTPRT
GVTFSSY,IPIVGT,RASQSISDY,SASTLQS,QQNYNTPRT
GGTFS,IPVFGT,RASQSISSY,TASNLQS,QQSYTSPRT
EFIVSAN,YPGGS,RASQSLSTY,GASSRAS,QQYGSSPRT
GGPLRNY,IPVLGT,QASQDIVNY,VASNLET,QQYDNLPLT
GGTFDTY,IPVSGT,RASQDIATY,ATSTLQS,QQLRTYPIT
GITVTSN,YPGGS,RASQSVSSSY,GASSRAT,QQGVT
GITVTSN,YPGGS,RASQSVSSSY,GASSRAT,QQGVT
GFSLSTSGM,WWNND,RSSQSIVHSNGNTY,KVSNRFS,FQGSHVPWS
GFSLSTSGM,WWNND,RSSQSIVHSNGNTY,KVSNRFS,FQGSHVPWS
GFSLSTSGM,WWNND,RSSQSIVHSNGNTY,KVSNRFS,FQGSHVPWS
GHTFRTF,SPNSGN,GGNNIGSKS,YDSDRPS,QVWDSGSVV
GHTFRTF,SPNSGN,GGNNIGSKS,YDSDRPS,QVWDSGSVV
GHTFRTF,SPNSGN,GGNNIGSKS,YDSDRPS,QVWDSGSVV
GFSLSTSGM,WWNND,RSSQSIVHSNGNTY,KVSNRFS,FQGSHVPWS
GFSLSTSGM,WWNND,RSSQSIVHSNGNTY,KVSNRFS,FQGSHVPWS
GFSLSTSGM,WWNND,RSSQSIVHSNGNTY,KVSNRFS,FQGSHVPWS
GHTFRTF,SPNSGN,GGNNIGSKS,YDSDRPS,QVWDSGSVV
GHTFRTF,SPNSGN,GGNNIGSKS,YDSDRPS,QVWDSGSVV
GHTFRTF,SPNSGN,GGNNIGSKS,YDSDRPS,QVWDSGSVV
GFTFSSY,SGSGGS,RASQSISSY,AASSLQS,QQMHPRAPKT
GFTFSSY,SGSGGS,RASQSISSY,AASSLQS,QQMHPRAPKT
GFTFSSY,SGSGGS,TGTSSDVFRPPL,FASLRPS,SSWDHTGDGHV
GYTFTNY,FPRSDN,RISENIYSN,AAINLAD,QHFWGTPFT
GFSFSSTY,YAGSSGN,QSSQSVYNNND,TPSSLTS,LGGYDDDSDNA
GFSFSSTY,YVGSSGN,QSSQSVYNNND,TPSSLTS,LGGYDDDSDNA
GFSFSSTY,YVGSSGN,QSSQSVYNNND,TPSSLTS,LGGYDDDSDNA
GYTFLTY,FPATGS,RASENIYSY,NAKTLAE,QHHYDTPYT
GFTFSSY,SGGGGD,SGDKLGDIY,QDNKRPS,QAWDTSTSV
GFTFSSY,SGGGGD,SGDKLGDIY,QDNKRPS,QAWDTSTSV
,,,,
GFAFSSF,SSGSGT,RSSKSLLHSNGNTY,RMSNLAS,MQHLEYPLT
GFTFSDY,SSSGST,RASQGIRND,AASSLLS,LQHNSYPWT
GFTFSDY,SSSGST,RASQGIRND,AASSLLS,LQHNSYPWT
GFTFSDY,SSSGST,RASQGIRND,AASSLLS,LQHNSYPWT
GYTFSRY,SAYKGN,SGDKLGDKF,QDTHRPS,QAWDSSTVI
GYTFSRY,SAYKGN,SGDKLGDKF,QDTHRPS,QAWDSSTVI
GYTFSRY,SAYKGN,SGDKLGDKF,QDTHRPS,QAWDSSTVI
GYTFTDY,NPISGG,SGGSSNIAINT,SNNQRPS,ATWDDSLKDVL
GFTFTNY,SSDVND,KSSQISSWGSDGKTY,EVSSRFS,MQGLHLPLT
GFTFSNY,SYDGIT,RASQNIDGF,AASRLQS,QQVYSAPLT
GGSISTY,YHSGS,QASQGISNS,DASNLET,QQYHYLPLT
GGSISTY,YHSGS,QASQGISNS,DASNLET,QQYHYLPLT
GGSISTY,YHSGS,QASQGISNS,DASNLET,QQYHYLPLT
GGSISTY,YHSGS,QASQGISNS,DASNLET,QQYHYLPLT
GGSISTY,YHSGS,QASQGISNS,DASNLET,QQYHYLPLT
GGTFSSY,IPILDR,KSSQSLLHSDGQTY,EVSSRFS,MQAKDPYS
GGTFSSY,IPILDR,KSSQSLLHSDGQTY,EVSSRFS,MQAKDPYS
GGTFSSY,IPILDR,KSSQSLLHSDGQTY,EVSSRFS,MQAKDPYS
GGTFSSY,IPILDR,KSSQSLLHSDGQTY,EVSSRFS,MQAKDPYS
GGPISSY,YHSGS,QASQDINNS,DVSNLET,QQYEALPLT
GGPISSY,YHSGS,QASQDINNS,DVSNLET,QQYEALPLT
GFAFSSY,WSDGSN,RASQSISSY,AASSLQS,QQSYSTPPT
GGTFRSY,IPIFGT,QASQDIRDS,DASNLET,QHYDNLPSYT
GGTFRSY,IPIFGT,QASQDIRDS,DASNLET,QHYDNLPSYT
GFTFSSY,TDSGGG,RASQSVSSD,DASTRTT,HQYNNWLT
GFTFSSY,TDSGGG,RASQSVSSD,DASTRTT,HQYNNWLT
GFTFSSY,TDSGGG,RASQSVSSD,DASTRTT,HQYNNWLT
GFTFSSY,TDSGGG,RASQSVSSD,DASTRTT,HQYNNWLT
GGTFSSL,IPTFGT,WASQSVNSK,DTSTRAT,QQYNYWPYT
GFTFSSY,WRDGSN,RASQGISNY,TASTLQS,QKYNSAPFT
GGTFSSL,IPTFGT,WASQSVNSK,DTSTRAT,QQYNYWPYT
GFTFSSY,WRDGSN,RASQGISNY,TASTLQS,QKYNSAPFT
GFTFSNA,KSKTDGGT,QGDSLRSYY,GKNNRPS,SSRDKSGSRLSV
GFTFSNA,KSKTDGGT,QGDSLRSYY,GKNNRPS,NSRDSSGNHLWV
GFTFSNA,KSKTEGGT,QGDSLRSYY,GKNNRPS,NSRDSSGNHLWV
GFDFDNA,TGPGEGWS,RGDSLRSHY,GKNNRPS,SSRDKSGSRLSV
GFDFDNA,TGPGEGWS,RGDSLRSHY,GKNNRPS,SSRDKSGSRLSV
EFIVSAN,YPGGS,RASQSLSTY,GASSRAS,QQYGSSPRT
RYNFTYH,YPGDSD,RASQSVSSN,GAFIRAT,QHYNNWPPNP
RYNFTYH,YPGDSD,RASQSVSSN,GAFIRAT,QHYNNWPPNP
GFTFSNA,KSKTDGGT,QGDSLRSYY,GKNNRPS,NSRDSSGNHVV
GFTFSNA,KSKTDGGT,QGDSLRSYY,GKNNRPS,NSRDSSGNHVV
GFTFSSY,SYDGSN,RASQGVGTD,AASNLQS,LHHNSFPLA
GFTFSSY,SYDGSN,RASQGVGTD,AASNLQS,LHHNSFPLA
GVTVTSN,YSGGS,QASQDINNY,DASNLET,QQFDNLPWT
GVTVTSN,YSGGS,QASQDINNY,DASNLET,QQFDNLPWT
GASISSGD,FHSGT,RASQAISNS,AASTLES,QHYYSTPF
GASISSGD,FHSGT,RASQAISNS,AASTLES,QHYYSTPF
GGTFSDY,LPIVGV,RSSQSLLNTNGYNY,LGSHRAS,MQTLQTQGYT
GYSFTSH,HPYDSD,SGGSSNIGGNP,NNNQRPS,AAWDDSLNGVL
GYSFTSH,HPYDSD,SGGSSNIGGNP,NNNQRPS,AAWDDSLNGVL
GYSFTSH,HPYDSD,SGGSSNIGGNP,NNNQRPS,AAWDDSLNGVL
GASVSSY,YTSGN,RSSQGLAFLDGNTY,KVSNRDS,MQGTHWPLT
GASVSSY,YTSGN,RSSQGLAFLDGNTY,KVSNRDS,MQGTHWPLT
GASVSSY,YTSGN,RSSQGLAFLDGNTY,KVSNRDS,MQGTHWPLT
GFRFDDH,SGDGGS,SGSSSNIGSNT,SNNQRPS,AAWDDSLNWV
GFTFGDY,RSKAYGGT,RASQSVSSY,DASNRAT,QQRSNWPQYT
GGSISSY,YYTGS,RASQGISGW,AASTLQS,QQANNFPRT
GFAFSSF,SSGSGT,RSSKSLLHSNGNTY,RMSNLAS,MQHLEYPLT
GFAFSSF,SSGSGT,RSSKSLLHSNGNTY,RMSNLAS,MQHLEYPLT
EFIVSAN,YPGGS,RASQSLSTY,GASSRAS,QQYGSSPRT
EFIVSAN,YPGGS,RASQSLSTY,GASSRAS,QQYGSSPRT
GFAFSSF,SSGSGT,RSSKSLLHSNGNTY,RMSNLAS,MQHLEYPLT
GFTFRDV,KSKIDGGT,KSSQSVLYSSNNKNY,WASTRES,QQYYSTLT
GFPFDDY,SWDSGS,TGTSSDVGGYNY,EVSKRPS,SSYAGNKGV
GFSFTNA,KSKADGGT,RASQSISYF,AASSLQS,QQSYSSLIT
GYTFTSY,SAYNGN,RASQSVSSSY,GASSRAT,QQYGSSPRWT
GYTFNTY,SAYTGN,RASQSVTNRF,GASSRAT,QQYDTSPRWT
GYTFTSY,SAYTGN,RASQSVSSSY,GASSRAT,QQYGSSPRWT
GGSISSPGY,YKSGS,RASQGISSA,DASNLES,QQFNSYPT
GGSISSPGY,YKSGS,RASQGISSA,DASNLES,QQFNSYPT
GYSFTGY,IPNAGG,RSSQSLVHSNGNTF,TVSNRFS,SQTTHVPWT
GYSFTGY,IPNAGG,RSSQSLVHSNGNTF,TVSNRFS,SQTTHVPWT
GYSFTGY,IPNAGG,RSSQSLVHSNGNTF,TVSNRFS,SQTTHVPWT
GYSFTGY,IPNAGG,RSSQSLVHSNGNTF,TVSNRFS,SQTTHVPWT
GFTVSSN,SGSGGS,SGSSSNIGTNH,DNNKRPS,ATWDDSLHAWV
GYTFTGY,NPNSGA,RASQSVASKY,GASSRAT,QYYGSSPLT
GFNVSSY,SSSSGS,RASQSVSSA,SASSLYS,QQSSSSLIT
GFNVSSY,SSSSGS,RASQSVSSA,SASSLYS,QQSSSSLIT
GFNVSSY,SSSSGS,RASQSVSSA,SASSLYS,QQSSSSLIT
GFTFSDY,TYEGRN,RADESVRTL,LVSNSEI,QQTWSDPWT
GFTFSDY,TYEGRN,RADESVRTL,LVSNSEI,QQTWSDPWT
GFTFSTF,TSTGSS,QASQDIDKY,DASNFET,QQYDDLPLT
GASITDDLN,SYSGT,RASQSVGSD,GASTRAT,HQYNNWWT
GFTFSTF,TSTGSS,QASQDIDKY,DASNFET,QQYDDLPLT
GASITDDLN,SYSGT,RASQSVGSD,GASTRAT,HQYNNWWT
GFTFSKY,TSGER,RASQSVGNW,KASTLQS,QQFNTYSWT
GFTFSKY,TSGER,RASQSVGNW,KASTLQS,QQFNTYSWT
GFTFSKY,TSGER,RASQSVGNW,KASTLQS,QQFNTYSWT
GFTVSRN,YPGGS,RASESFNSN,GASTRAS,QQYGDWPLWT
GFTVSRN,YPGGS,RASESFNSN,GASTRAS,QQYGDWPLWT
GFTVSRN,YPGGS,RASESFNSN,GASTRAS,QQYGDWPLWT
GFSFSGY,SGSADS,GANNIGSES,YDRGRPS,QVWDKSSDHVV
GFSFSGY,SGSADS,GANNIGSES,YDRGRPS,QVWDKSSDHVV
GFSFSGY,SGSADS,GANNIGSES,YDRGRPS,QVWDKSSDHVV
,,,,
GFAFSSF,SSGSGT,RSSKSLLHSNGNTY,RMSNLAS,MQHLEYPLT
GYTFTSL,NPSGGG,TGTSSDVGGYNY,DVSKRPS,SSYTSSSTWV
GYTFTSL,NPSGGG,TGTSSDVGGYNY,DVSKRPS,SSYTSSSTWV
GFSFSDA,SSEIGGGT,QGDSLRSYY,GKNNRPS,TSRDSSGNHVI
GFSFSDA,SSEIGGGT,QGDSLRSYY,GKNNRPS,TSRDSSGNHVI
GFSFSDA,SSEIGGGT,QGDSLRSYY,GKNNRPS,TSRDSSGNHVI
GYAFTNY,NPGSGG,KASQDVGTA,WASTRHT,QQYSSYRT
GYAFTNY,NPGSGG,KASQDVGTA,WASTRHT,QQYSSYRT
GFDFNSY,VSKTYNYA,RASQSVSISRFNL,RASNLAS,QHSRESPWT
GFDFNSY,VSKTYNYA,RASQSVSISRFNL,RASNLAS,QHSRESPWT
GFAFSSF,SSGSGT,RSSKSLLHSNGNTY,RMSNLAS,MQHLEYPLT
GFAFSSF,SSGSGT,RSSKSLLHSNGNTY,RMSNLAS,MQHLEYPLT
GFAFSSF,SSGSGT,RSSKSLLHSNGNTY,RMSNLAS,MQHLEYPLT
GFAFSSF,SSGSGT,RSSKSLLHSNGNTY,RMSNLAS,MQHLEYPLT
GYSITSDH,SYSGI,RASQDISSY,YTSRLHS,QQGNTLPYT
GGTSGSS,TSIFGP,SGSSSNIGSNT,SNTQRPS,AAWDDSLNGHVV
GGTSGSS,TSIFGP,SGSSSNIGSNT,SNTQRPS,AAWDDSLNGHVV
GGTSGSS,TSIFGP,SGSSSNIGSNT,SNTQRPS,AAWDDSLNGHVV
GGTSGSS,TSIFGP,SGSSSNIGSNT,SNTQRPS,AAWDDSLNGHVV
GGTSGSS,TSIFGP,SGSSSNIGSNT,SNTQRPS,AAWDDSLNGHVV
GGTSGSS,TSIFGP,SGSSSNIGSNT,SNTQRPS,AAWDDSLNGHVV
GGTSGSS,TSIFGP,SGSSSNIGSNT,SNTQRPS,AAWDDSLNGHVV
GGTSGSS,TSIFGP,SGSSSNIGSNT,SNTQRPS,AAWDDSLNGHVV
GGTSGSS,TSIFGP,SGSSSNIGSNT,SNTQRPS,AAWDDSLNGHVV
GGTSGSS,TSIFGP,SGSSSNIGSNT,SNTQRPS,AAWDDSLNGHVV
GGTSGSS,TSIFGP,SGSSSNIGSNT,SNTQRPS,AAWDDSLNGHVV
GGTSGSS,TSIFGP,SGSSSNIGSNT,SNTQRPS,AAWDDSLNGHVV
GGTSGSS,TSIFGP,SGSSSNIGSNT,SNTQRPS,AAWDDSLNGHVV
GGTSGSS,TSIFGP,SGSSSNIGSNT,SNTQRPS,AAWDDSLNGHVV
GGTSGSS,TSIFGP,SGSSSNIGSNT,SNTQRPS,AAWDDSLNGHVV
GGTSGSS,TSIFGP,SGSSSNIGSNT,SNTQRPS,AAWDDSLNGHVV
GYTFPIY,YPGDSD,RSSQTVSSGY,GASSRAT,QHHGTSPGT
GDSISGSSY,YYSGI,RASQSISSW,DASSLES,QQYHSYSGT
GGSVSDTSY,SYTGD,RASQSISTW,KASNLES,QQYNIYSWT
GGSVSDTSY,SYTGD,RASQSISTW,KASNLES,QQYNIYSWT
GGSVSDTSY,SYTGD,RASQSISTW,KASNLES,QQYNIYSWT
GGSVSDTSY,SYTGD,RASQSISTW,KASNLES,QQYNIYSWT
GFTFNSY,RYDGGN,QASQDIRFY,DASNMET,QQYDNLPFT
GYPFTSY,STYNGN,RASQTVSSTS,GASSRAT,QQHDTSLT
GFSVNTGGV,YWNDD,SGDKLGETY,QDNKRPS,QAWDKTIAG
GFTFNSY,RYDGGN,QASQDIRFY,DASNMET,QQYDNLPFT
GYPFTSY,STYNGN,RASQTVSSTS,GASSRAT,QQHDTSLT
GFSVNTGGV,YWNDD,SGDKLGETY,QDNKRPS,QAWDKTIAG
GFTFNSY,RYDGGN,QASQDIRFY,DASNMET,QQYDNLPFT
GYPFTSY,STYNGN,RASQTVSSTS,GASSRAT,QQHDTSLT
GFSVNTGGV,YWNDD,SGDKLGETY,QDNKRPS,QAWDKTIAG
GFTFNSY,RYDGGN,QASQDIRFY,DASNMET,QQYDNLPFT
GFSVNTGGV,YWNDD,SGDKLGETY,QDNKRPS,QAWDKTIAG
GYPFTSY,STYNGN,RASQTVSSTS,GASSRAT,QQHDTSLT
GYTFISN,NPSSGS,RASQSVSSNY,GASSRAP,QQYGISSWT
GYTYIST,KTDDGS,RASQSVSSSY,GASTRAT,HQYSSSFWT
GGSFSGY,NPTGS,RASQSISGW,KASSLES,QQYNSYPFT
GDAFSGN,NHSGN,RASQGIRND,AASSLQD,LQGYNYPRT
GDAFSGN,NHSGN,RASQGIRND,AASSLQD,LQGYNYPRT
RFTFDDY,SWNSGR,RASQGISSW,GASSLES,QQANSFPYT
GFAFSSF,SSGSGT,RSSKSLLHSNGNTY,RMSNLAS,MQHLEYPLT
GFAFSSF,SSGSGT,RSSKSLLHSNGNTY,RMSNLAS,MQHLEYPLT
GFAFSSF,SSGSGT,RSSKSLLHSNGNTY,RMSNLAS,MQHLEYPLT
GFAFSSF,SSGSGT,RSSKSLLHSNGNTY,RMSNLAS,MQHLEYPLT
GGTFSSY,IPIFGT,RASQSISSY,DASSLQS,QQSYSTPYT
GFTFDDY,SSDADT,QASQDISNY,DASNLGT,QQADFVPPWT
GFTFDDY,SSDADT,QASQDISNY,DASNLGT,QQADFVPPWT
GFNVYSS,SSYYGY,RASQSVSSA,SASSLYS,QQYKYVPVT
GFNFGYS,GSTSSH,RASQSIGST,GASSLQS,QQYYTWVPFT
GFNFGYS,GSTSSH,RASQSIGST,GASSLQS,QQYYTWVPFT
GDSISSGTY,HSSGS,TGTSSDVGSYNL,EVSKWPS,CSYAGSGTYV
GDSISSGTY,HSSGS,TGTSSDVGSYNL,EVSKWPS,CSYAGSGTYV
GDSISSGTY,HSSGS,TGTSSDVGSYNL,EVSKWPS,CSYAGSGTYV
GVTFSSY,SGSGDS,SGDKLGNKY,QDTMRPS,QAWDSNTAV
GVTFSSY,SGSGDS,SGDKLGNKY,QDTMRPS,QAWDSNTAV
GVTFSSY,SGSGDS,SGDKLGNKY,QDTMRPS,QAWDSNTAV
GYTFTDY,NPDSGG,SGSSSNIGSNT,SNNQRPS,AAWDDSLNGYVV
GYTFTDY,NPDSGG,SGSSSNIGSNT,SNNQRPS,AAWDDSLNGYVV
GFTLSDS,SSNVNNDA,RASQSISTW,KASILQS,QQYDSDSQPLT
GFTLSDS,SSNVNNDA,RASQSISTW,KASILQS,QQYDSDSQPLT
GFTFSSR,SSSGS,TGSSSNIGAGYD,GNSNRPS,QSYDSSLSGWV
GYSFTSY,YPGESD,RASQSISSY,AASSLQS,QQSYSTPRQWT
GGSVSSHNF,YYSGSTIHSPSLKSRT,RASQSISSW,KASSLES,QQYNTYPWT
GYTFTRY,NAGNGN,RASQSVSSNY,GASSRAT,QQYGGSPRT
GFTFSPY,RSSGNY,GGNNIGSKG,DDSDRPS,QVWDSSSDHWV
GFTFSPY,RSSGNY,GGNNIGSKG,DDSDRPS,QVWDSSSDHWV
GFTFSPY,RSSGNY,GGNNIGSKG,DDSDRPS,QVWDSSSDHWV
GFTFSPY,RSSGNY,GGNNIGSKG,DDSDRPS,QVWDSSSDHWV
GYTFTSY,STYNGN,RSSQSLVYTDGNTY,KVSNRDS,MQNTHWPLT
GYTFTSY,STYNGN,RSSQSLVYTDGNTY,KVSNRDS,MQNTHWPLT
GYTFTSY,STYNGN,RSSQSLVYTDGNTY,KVSNRDS,MQNTHWPLT
GYTFTSY,STYNGN,RSSQSLVYTDGNTY,KVSNRDS,MQNTHWPLT
GYTFTSY,STYNGN,RSSQSLVYTDGNTY,KVSNRDS,MQNTHWPLT
GYTFTSY,STYNGN,RSSQSLVYTDGNTY,KVSNRDS,MQNTHWPLT
GYTFTSY,STYNGN,RSSQSLVYTDGNTY,KVSNRDS,MQNTHWPLT
GYTFTSY,STYNGN,RSSQSLVYTDGNTY,KVSNRDS,MQNTHWPLT
GYTFTSY,STYNGN,RSSQSLVYTDGNTY,KVSNRDS,MQNTHWPLT
GFNVSYY,SPYYGS,RASQSVSSA,SASSLYS,QQSSYLPLFT
GFNVSYY,SPYYGS,RASQSVSSA,SASSLYS,QQSSYLPLFT
GFNFYY,SPYSGY,RASQSVSSA,SASSLYS,QQSSSSLVT
GFNFYY,SPYSGY,RASQSVSSA,SASSLYS,QQSSSSLVT
,,,,
,,,,
GFTVSRN,YPGGS,RASESFNSN,GASTRAS,QQYGDWPLWT
GITVSVN,FAGGS,RASQSVSSN,GASTRAT,QQYHTWPPMYT
GFKFDDY,NWNGDI,RASQGIDGY,AASLLQS,QHLDSYPLFT
GFTFSDY,TSSGRP,TGTTSDFGDHNY,DVSKRPS,SSIEGSNTLL
GFTFSDY,TKGGGS,KASQDVGTS,WASARHT,QQYSSYPLT
GFTFSDY,TKGGGS,KASQDVGTS,WASARHT,QQYSSYPLT
GFTFSDY,TKGGGS,KASQDVGTS,WASARHT,QQYSSYPLT
GFTFSDY,TKGGGS,KASQDVGTS,WASARHT,QQYSSYPLT
GFTFSDY,TKGGGS,KASQDVGTS,WASARHT,QQYSSYPLT
GFTFSDY,TKGGGS,KASQDVGTS,WASARHT,QQYSSYPLT
GFTFSDY,TKGGGS,KASQDVGTS,WASARHT,QQYSSYPLT
GFTFSDY,TKGGGS,KASQDVGTS,WASARHT,QQYSSYPLT
GDSVSSNSA,YYRFKWY,KSSQTVLYSSNNKKY,WASTRES,QQYYSTPFT
GDSVSSNSA,YYRFKWY,KSSQTVLYSSNNKKY,WASTRES,QQYYSTPFT
GGSIDNF,YYGGS,TGTSSDVGSYNL,EVTKRPS,CSYAGSSTVV
GGSIDNF,YYGGS,TGTSSDVGSYNL,EVTKRPS,CSYAGSSTVV
GGSIDNF,YYGGS,TGTSSDVGSYNL,EVTKRPS,CSYAGSSTVV
GFNIKDT,YPTNGY,RASQDVNTA,SASFLYS,QQHYTTPPT
GFTFTDY,NPNSGG,KASQDVSIG,SASYRYT,QQYYIYPYT
GFTLRSF,SYDGSN,RASQSVSSY,EASNRAT,QQRSNFPFI
GGTFSSS,IPLFGS,RASQSVSSSY,GASSRAT,QQYGTSPSWT
GGTFSSS,IPLFGS,RASQSVSSSY,GASSRAT,QQYGTSPSWT
GFPFDDY,SWDSGS,TGTSSDVGGYNY,EVSKRPS,SSYAGNKGV
,,,,
GFAFSSF,SSGSGT,RSSKSLLHSNGNTY,RMSNLAS,MQHLEYPLT
GFAFSSF,SSGSGT,RSSKSLLHSNGNTY,RMSNLAS,MQHLEYPLT
GFAFSSF,SSGSGT,RSSKSLLHSNGNTY,RMSNLAS,MQHLEYPLT
GFTFSSY,STSSRY,SGSSSNIGSNY,RNNQRPS,AAWDDSLSGWV
GFTFSSY,STSSRY,SGSSSNIGSNY,RNNQRPS,AAWDDSLSGWV
GFSLSTSGV,YWDND,RASQSFDSRY,GASSRAT,QQFGDSPFT
EITVSSN,YPGGS,RASQSISTH,AASTLQS,QQSYSTPRGLS
GFSLSTSGV,YWDND,RASQSFDSRY,GASSRAT,QQFGDSPFT
EITVSSN,YPGGS,RASQSISTH,AASTLQS,QQSYSTPRGLS
GFSLSTSGV,YWDND,RASQSFDSRY,GASSRAT,QQFGDSPFT
EITVSSN,YPGGS,RASQSISTH,AASTLQS,QQSYSTPRGLS
GFSLSTSGV,YWDND,RASQSFDSRY,GASSRAT,QQFGDSPFT
EITVSSN,YPGGS,RASQSISTH,AASTLQS,QQSYSTPRGLS
GFSLSTSGV,YWDND,RASQSFDSRY,GASSRAT,QQFGDSPFT
EITVSSN,YPGGS,RASQSISTH,AASTLQS,QQSYSTPRGLS
GFSLSTSGV,YWDND,RASQSFDSRY,GASSRAT,QQFGDSPFT
EITVSSN,YPGGS,RASQSISTH,AASTLQS,QQSYSTPRGLS
EITVSSN,YPGGS,RASQSISTH,AASTLQS,QQSYSTPRGLS
GFSLSTSGV,YWDND,RASQSFDSRY,GASSRAT,QQFGDSPFT
GFSLSTSGV,YWDND,RASQSFDSRY,GASSRAT,QQFGDSPFT
EITVSSN,YPGGS,RASQSISTH,AASTLQS,QQSYSTPRGLS
GFSLSTSGV,YWDND,RASQSFDSRY,GASSRAT,QQFGDSPFT
EITVSSN,YPGGS,RASQSISTH,AASTLQS,QQSYSTPRGLS
GYTFTDH,NPNSGG,TGTRSDVDGYNY,EVTKRPS,SSYAGINNWV
GFNFYYY,SPYYGS,RASQSVSSA,SASSLYS,QQGSSSPLT
GFAFSSF,SSGSGT,RSSKSLLHSNGNTY,RMSNLAS,MQHLEYPLT
GFAFSSF,SSGSGT,RSSKSLLHSNGNTY,RMSNLAS,MQHLEYPLT
GFAFSSF,SSGSGT,RSSKSLLHSNGNTY,RMSNLAS,MQHLEYPLT
GFAFSSF,SSGSGT,RSSKSLLHSNGNTY,RMSNLAS,MQHLEYPLT
GFNFSYS,YSSSGY,RASQSVSSA,SASSLYS,QQPSYIYYPVT
GFNFSYS,YSSSGY,RASQSVSSA,SASSLYS,QQPSYIYYPVT
GFNFSYS,YSSSGY,RASQSVSSA,SASSLYS,QQPSYIYYPVT
GFNFSYS,YSSSGY,RASQSVSSA,SASSLYS,QQPSYIYYPVT
,,,,
,,,,
GGSFATENY,YFSGN,RASQSISSW,DASSLES,QQYNSYSPWT
GGSFATENY,YFSGN,RASQSISSW,DASSLES,QQYNSYSPWT
GFAFSSF,SSGSGT,RSSKSLLHSNGNTY,RMSNLAS,MQHLEYPLT
GFAFSSF,SSGSGT,RSSKSLLHSNGNTY,RMSNLAS,MQHLEYPLT
GFAFSSF,SSGSGT,RSSKSLLHSNGNTY,RMSNLAS,MQHLEYPLT
GFAFSSF,SSGSGT,RSSKSLLHSNGNTY,RMSNLAS,MQHLEYPLT
GFAFSSF,SSGSGT,RSSKSLLHSNGNTY,RMSNLAS,MQHLEYPLT
GFAFSSF,SSGSGT,RSSKSLLHSNGNTY,RMSNLAS,MQHLEYPLT
GFAFSSF,SSGSGT,RSSKSLLHSNGNTY,RMSNLAS,MQHLEYPLT
GFAFSSF,SSGSGT,RSSKSLLHSNGNTY,RMSNLAS,MQHLEYPLT
GFAFSSF,SSGSGT,RSSKSLLHSNGNTY,RMSNLAS,MQHLEYPLT
GFAFSSF,SSGSGT,RSSKSLLHSNGNTY,RMSNLAS,MQHLEYPLT
GFSFSGS,SHDGNI,RASQGISNS,AAYRLQS,QQYYDNPLT
GFSFSGS,SHDGNI,RASQGISNS,AAYRLQS,QQYYDNPLT
GFSFSGS,SHDGNI,RASQGISNS,AAYRLQS,QQYYDNPLT
,,,,
GFAFSSF,SSGSGT,RSSKSLLHSNGNTY,RMSNLAS,MQHLEYPLT
GYSISSDS,QYSGS,RASQGISDY,YTSQPAT,QNGHSFPLT
GYSISSDS,QYSGS,RASQGISDY,YTSQPAT,QNGHSFPLT
GYSISSDS,QYSGS,RASQGISDY,YTSQPAT,QNGHSFPLT
GYSISSDS,QYSGS,RASQGISDY,YTSQPAT,QNGHSFPLT
GFTFDDY,SGDGSY,RASQSISNY,VASSLQS,QQSYSTPFT
GFTFDDY,SGDGSY,RASQSISNY,VASSLQS,QQSYSTPFT
GFTFDDY,SGDGSY,RASQSISNY,VASSLQS,QQSYSTPFT
GFTFDDY,SGDGSY,RASQSISNY,VASSLQS,QQSYSTPFT
GYTFTDY,DPEDGE,KSSQSVLYSSNNKNY,WASTRES,QQYYDTPT
,,,,
,,,,
GFRFSIS,VVGSGD,RASQSVSSSY,GASSRAT,QQYGNSPWT
GFRFSIS,VVGSGD,RASQSVSSSY,GASSRAT,QQYGNSPWT
GFTFDDY,SWNSGS,QASQDISNY,DASILET,QQFDNVPLT
GFTFSEY,SSSGFN,RASQSISSY,AASSLQS,QQSYSTPPIT
GFKFQNY,SGSDES,RASQTVSSY,DASRRAA,HQRSNWPPVHT
GGSMSSY,FTTGS,RTSQTLSRN,GASTLQS,QQSDNTPRT
GFAFSSF,SSGSGT,RSSKSLLHSNGNTY,RMSNLAS,MQHLEYPLT
GFAFSSF,SSGSGT,RSSKSLLHSNGNTY,RMSNLAS,MQHLEYPLT
GFSLSTSGV,YWDND,RASQSFDSRY,GASSRAT,QQFGDSPFT
EITVSSN,YPGGS,RASQSISTH,AASTLQS,QQSYSTPRGLS
GFSLSTSGV,YWDND,RASQSFDSRY,GASSRAT,QQFGDSPFT
EITVSSN,YPGGS,RASQSISTH,AASTLQS,QQSYSTPRGLS
EITVSSN,YPGGS,RASQSISTH,AASTLQS,QQSYSTPRGLS
GFSLSTSGV,YWDND,RASQSFDSRY,GASSRAT,QQFGDSPFT
GYNFSRY,YPDDSD,LGGSSNIGAGYD,GNSNRPS,QSYDNDLSQV
SGSISGTSY,YYSGS,RASQSISSW,EASSLEN,QQYNSYSLT
GYNFSRY,YPDDSD,LGGSSNIGAGYD,GNSNRPS,QSYDNDLSQV
SGSISGTSY,YYSGS,RASQSISSW,EASSLEN,QQYNSYSLT
GYNFSRY,YPDDSD,LGGSSNIGAGYD,GNSNRPS,QSYDNDLSQV
SGSISGTSY,YYSGS,RASQSISSW,EASSLEN,QQYNSYSLT
GYNFSRY,YPDDSD,LGGSSNIGAGYD,GNSNRPS,QSYDNDLSQV
SGSISGTSY,YYSGS,RASQSISSW,EASSLEN,QQYNSYSLT
GFSLSTPGG,YWDDD,TATSSDVGAYNY,DVSKRPS,SSYTTTSVV
GFSLSTPGG,YWDDD,TATSSDVGAYNY,DVSKRPS,SSYTTTSVV
GFSLSTPGG,YWDDD,TATSSDVGAYNY,DVSKRPS,SSYTTTSVV
GFIFSSY,WYDGSN,SGDKLGDKY,QDSKRPS,QAWDSSTSYVV
GFIFSSY,WYDGSN,SGDKLGDKY,QDSKRPS,QAWDSSTSYVV
GFIFSSY,WYDGSN,SGDKLGDKY,QDSKRPS,QAWDSSTSYVV
GFIFSSY,WYDGSN,SGDKLGDKY,QDSKRPS,QAWDSSTSYVV
GGPFRSY,IPIFGT,SGSSSNIGNDY,DNNKRPS,ATWDRRPTAYVV
GGPFRSY,IPIFGT,SGSSSNIGNDY,DNNKRPS,ATWDRRPTAYVV
GGPFRSY,IPIFGT,SGSSSNIGNDY,DNNKRPS,ATWDRRPTAYVV
GFTFSKY,DIPTKG,SGSSSNIGRNY,SNNQRPS,AAWDASLRGV
GFTFSKY,DIPTKG,SGSSSNIGRNY,SNNQRPS,AAWDASLRGV
GFTFSSY,SYDGSN,QTSQDISNY,DASNLET,QQYDNLPLT
GFTFDSY,SGYGGS,SGDSLGNKY,QDSKRPS,QAWDSSRGYTVV
GIIVSSN,YSGGS,RASQGISSD,AASTLQS,QQLNSDLYT
GFTFSSY,GTAGD,RASQSIGSY,AASSLQS,QQSYVSPTYT
GYPFTSY,STYNGN,RASQTVSSTS,GASSRAT,QQHDTSLT
GIIVSSN,YSGGS,RASQGISSD,AASTLQS,QQLNSDLYT
GFTFSSY,GTAGD,RASQSIGSY,AASSLQS,QQSYVSPTYT
GGTFSFY,IPIFGA,RASQSVSSY,DASNRAT,QQRSNWMYT
GYTFSTY,LPGSGQ,RASSSVSY,STSNLAS,QQRRSFPYT
GFTFSSY,SSSSST,RASQSISSSY,GASSRAT,QHYDSSLPMT
GFTFSSY,SSSSST,RASQSISSSY,GASSRAT,QHYDSSLPMT
GFTFSSY,SSSSST,RASQSISSSY,GASSRAT,QHYDSSLPMT
GFAFSSF,SSGSGT,RSSKSLLHSNGNTY,RMSNLAS,MQHLEYPLT
GFAFSSF,SSGSGT,RSSKSLLHSNGNTY,RMSNLAS,MQHLEYPLT
GFAFSSF,SSGSGT,RSSKSLLHSNGNTY,RMSNLAS,MQHLEYPLT
GLTVSSN,YPGGS,RASQGISSY,AASTLQS,QHLNSYPSMYT
GLTVSSN,YPGGS,RASQGISSY,AASTLQS,QHLNSYPSMYT
GLTVSSN,YPGGS,RASQGISSY,AASTLQS,QHLNSYPSMYT
GLTVSSN,YPGGS,RASQGISSY,AASTLQS,QHLNSYPSMYT
GFTFTTY,SSDGNN,RASQTITIW,DAVSLES,QQYNNYPYT
GFTIYYS,SSYYGY,RASQSVSSA,SASSLYS,QQYYGYGGYPIT
GFTIYYS,SSYYGY,RASQSVSSA,SASSLYS,QQYYGYGGYPIT
GFTIYYS,SSYYGY,RASQSVSSA,SASSLYS,QQYYGYGGYPIT
GFAFSSF,SSGSGT,RSSKSLLHSNGNTY,RMSNLAS,MQHLEYPLT
GFSFTNY,SYDDGSD,SGSSLNIGSNY,KNNQRPS,AAWDDSLSGVV
GFTFSSSY,YGGSDT,QATENIYSG,YVSTLAS,QTYHDISEVT
GFTFSSSY,YGGSDT,QATENIYSG,YVSTLAS,QTYHDISEVT
GFTFSSSY,YGGSDT,QATENIYSG,YVSTLAS,QTYHDISEVT
GFTFSSSY,YGGSDT,QATENIYSG,YVSTLAS,QTYHDISEVT
GFTFSSWY,DTGSGS,QATQSISSY,YASTLAY,HYGISVVS
GFTFSSWY,DTGSGS,QATQSISSY,YASTLAY,HYGISVVS
GFTFSEWY,DTGSGS,QTTQEISSY,YASTKAE,HYGISKVS
GFTFSEWY,DTGSGS,QTTQEISSY,YASTKAE,HYGISKVS
GFTFDDY,DWNSGS,RSSQSLLHSNGNNY,LNSNRAS,MQALQTPT
GFTFDDY,DWNSGS,RSSQSLLHSNGNNY,LNSNRAS,MQALQTPT
GFTFDDY,DWNSGS,RSSQSLLHSNGNNY,LNSNRAS,MQALQTPT
GFTFDDY,DWNSGS,RSSQSLLHSNGNNY,LNSNRAS,MQALQTPT
GFIVSRN,YSGGS,RASQSVSINY,GASSRAT,QQYDSSPLT
GFIVSRN,YSGGS,RASQSVSINY,GASSRAT,QQYDSSPLT
EITVSDN,YSGGS,TGTSSDVGGHNF,EVSKRPS,SSYAGSNNLL
EITVSDN,YSGGS,TGTSSDVGGHNF,EVSKRPS,SSYAGSNNLL
GVTVSRN,YAGGS,RASQGISSY,AASTLQS,QQLNSYPPGT
GVTVSRN,YAGGS,RASQGISSY,AASTLQS,QQLNSYPPGT
EIIVSSN,YPGGS,RASQGISSY,AASTLQS,QHVNSFPGPYT
EIIVSSN,YPGGS,RASQGISSY,AASTLQS,QHVNSFPGPYT
GASISDVDF,NSIGN,TGSSSNIGAGFD,GNSNRPS,QSYDNSLSVNYV
GFDFSSF,SGNGDT,RASQSLAPNY,GASSRAA,QQYGGSPPYT
GDSIRNS,SNSGS,SGSTSNIGSNT,SNDQRPS,AAWDDSLNGWV
GVNTFGLY,WRWK,RASQSITGNW,RGAALLG,QQYDTYPGT
GDSMNNY,SDRES,GRQALGSRA,NNQDRPS,HMWDSRSGFSWS
GVNTFGLY,WRWK,RASQSITGNW,RGAALLG,QQYDTYPGT
GDSMNNY,SDRES,GRQALGSRA,NNQDRPS,HMWDSRSGFSWS
GVNTFGLY,WRWK,RASQSITGNW,RGAALLG,QQYDTYPGT
GDSMNNY,SDRES,GRQALGSRA,NNQDRPS,HMWDSRSGFSWS
GFTFYSY,KHDESE,TGTSSDVGGYNF,DVSRRPS,SSYTGRSPYVV
GVNTFGLY,WRWK,RASQSITGNW,RGAALLG,QQYDTYPGT
GVNTFGLY,WRWK,RASQSITGNW,RGAALLG,QQYDTYPGT
GVNTFGLY,WRWK,RASQSITGNW,RGAALLG,QQYDTYPGT
GDSMNNY,SDRES,GRQALGSRA,NNQDRPS,HMWDSRSGFSWS
GDSMNNY,SDRES,GRQALGSRA,NNQDRPS,HMWDSRSGFSWS
GDSMNNY,SDRES,GRQALGSRA,NNQDRPS,HMWDSRSGFSWS
GFTFSSSY,YGGSDT,QATENIYSG,YVSTLAS,QTYHDISEVT
GLIVSRN,YSGGS,RASQSVSSSY,GASSRAT,QQYGSSPIT
GLIVSRN,YSGGS,RASQSVSSSY,GASSRAT,QQYGSSPIT
GFAFSSF,SSGSGT,RSSKSLLHSNGNTY,RMSNLAS,MQHLEYPLT
GFTFYYS,AVGSGK,RASQTVNSNY,GTSSRAT,QQYGSSPWL
GFTFYYS,AVGSGK,RASQTVNSNY,GTSSRAT,QQYGSSPWL
GFTFYYS,AVGSGK,RASQTVNSNY,GTSSRAT,QQYGSSPWL
GFTFYYS,AVGSGK,RASQTVNSNY,GTSSRAT,QQYGSSPWL
GDSISNGGL,YYNGV,RASHNIQNF,AASTLQS,QQSYGLPRT
GDSISNGGL,YYNGV,RASHNIQNF,AASTLQS,QQSYGLPRT
GDSISNGGL,YYNGV,RASHNIQNF,AASTLQS,QQSYGLPRT
GYNIRDY,NPKTGQ,QANGYLN,DGSKLER,QVYEF
GYNIRDY,NPKTGQ,QANGYLN,DGSKLER,QVYEF
GYNIRDY,NPKTGQ,QANGYLN,DGSKLER,QVYEF
GFTFDDY,SWNSRS,TRSSGSIDSNY,EDNQRPS,QSYDPSNVV
GFTFDDY,SWNSRS,TRSSGSIDSNY,EDNQRPS,QSYDPSNVV
GFTFDDY,SWNSRS,TRSSGSIDSNY,EDNQRPS,QSYDPSNVV
GFTFDDY,SWNSRS,TRSSGSIDSNY,EDNQRPS,QSYDPSNVV
,,,,
,,,,
,,,,
,,,,
,,,,
GFTFSSY,WYDGNN,RASQSIHSF,AASSLQS,QQSYITPPT
GYIFTNY,NPNGGG,RASQSLSSYNY,AASKRAT,QQRSNRPPAWT
GYIFTNY,NPNGGG,RASQSLSSYNY,AASKRAT,QQRSNRPPAWT
GFNFGDF,SYEGRN,RASQGIDRY,AASTLQS,QQLSTYPTIT
GGSLSTH,HYSGS,RASQSVSSN,GASTRAT,QQYNNWPWT
GDTFNSY,IPVFGM,TGSSSNLGATYE,GSTNRPS,QSYDTSLRGFYV
GDTFNSY,IPVFGM,TGSSSNLGATYE,GSTNRPS,QSYDTSLRGFYV
GDTFNSY,IPVFGM,TGSSSNLGATYE,GSTNRPS,QSYDTSLRGFYV
GDTFNSY,IPVFGM,TGSSSNLGATYE,GSTNRPS,QSYDTSLRGFYV
GGSISSGNY,YTTGS,RASQSVSSY,TVTNFQS,QESYTSRLT
GGSISSGNY,YTTGS,RASQSVSSY,TVTNFQS,QESYTSRLT
GGSISSGNY,YTTGS,RASQSVSSY,TVTNFQS,QESYTSRLT
GGSISGSRY,YYSGT,TGTSSDIGGYNY,DVSHRPS,CSFTDNNIPA
GGSISGSRY,YYSGT,TGTSSDIGGYNY,DVSHRPS,CSFTDNNIPA
GGSISGSRY,YYSGT,TGTSSDIGGYNY,DVSHRPS,CSFTDNNIPA
GDSISNGGL,YYNGV,RASHNIQNF,AASTLQS,QQSYGLPRT
GDSISNGGL,YYNGV,RASHNIQNF,AASTLQS,QQSYGLPRT
GDSISNGGL,YYNGV,RASHNIQNF,AASTLQS,QQSYGLPRT
GFTFSNY,SFDGSN,SGDKLGDKY,QDNKRPS,QGWDRSTGYYV
GFTFSNY,SFDGSN,SGDKLGDKY,QDNKRPS,QGWDRSTGYYV
GFTFSNY,SFDGSN,SGDKLGDKY,QDNKRPS,QGWDRSTGYYV
GFTFNTY,WYDGSN,KSSQSLLHSDGKTY,EVSNRFS,MQSIQLPFT
GFTFNTY,WYDGSN,KSSQSLLHSDGKTY,EVSNRFS,MQSIQLPFT
GFTFNTY,WYDGSN,KSSQSLLHSDGKTY,EVSNRFS,MQSIQLPFT
GYPFTSY,STYNGN,RASQTVSSTS,GASSRAT,QQHDTSLT
GYPFTSY,STYNGN,RASQTVSSTS,GASSRAT,QQHDTSLT
GFTFSNF,SGGGRD,RASLSINTF,AASSLHG,QQSSNTPFT
GFTFSNF,SGGGRD,RASLSINTF,AASSLHG,QQSSNTPFT
GYPFTSY,STYNGN,RASQTVSSTS,GASSRAT,QQHDTSLT
GFAFSSF,SSGSGT,RSSKSLLHSNGNTY,RMSNLAS,MQHLEYPLT
GYTFTGN,NPHSGD,RASQGVRNE,YASTLQS,QHMSSYPLT
GYTFTGN,NPHSGD,RASQGVRNE,YASTLQS,QHMSSYPLT
GYTFTGN,NPHSGD,RASQGVRNE,YASTLQS,QHMSSYPLT
GYTFTGN,NPHSGD,RASQGVRNE,YASTLQS,QHMSSYPLT
GYTFTGN,NPHSGD,RASQGVRNE,YASTLQS,QHMSSYPLT
GYTFTGN,NPHSGD,RASQGVRNE,YASTLQS,QHMSSYPLT
GYTFTGN,NPHSGD,RASQGVRNE,YASTLQS,QHMSSYPLT
GYTFTGN,NPHSGD,RASQGVRNE,YASTLQS,QHMSSYPLT
GYTFTGN,NPHSGD,RASQGVRNE,YASTLQS,QHMSSYPLT
GSSLTSY,WPGGS,SASQGISNY,YTSTLHS,QQYSKLPWT
GFNFSSS,SSSSGS,RASQSVSSA,SASSLYS,QQSSSSLIT
,,,,
,,,,
GFNIKDT,YPTNGY,RASQDVNTA,SASFLYS,QQHYTTPPT
GFTFTDY,NPNSGG,KASQDVSIG,SASYRYT,QQYYIYPYT
GYSFTGY,FPYNGG,RSSQSLANSYGNTY,EISNRFS,LQGTHQPWT
GGSVSSGIY,YYSGS,RASQSVSSY,DASNRAT,QQRSNWPPLFT
GYSFTGY,FPYNGG,RSSQSLANSYGNTY,EISNRFS,LQGTHQPWT
GGSVSSGIY,YYSGS,RASQSVSSY,DASNRAT,QQRSNWPPLFT
GFNFSSS,SSSYGY,RASQSVSSA,SASSLYS,QQSSYSLIT
GFNFSSS,SSSYGY,RASQSVSSA,SASSLYS,QQSSYSLIT
GFAFSSF,SSGSGT,RSSKSLLHSNGNTY,RMSNLAS,MQHLEYPLT
GYTFTYY,SAYNGN,KSSQSVLYRPNNKNF,WASTRQS,QQYHTTPLT
GYTFTYY,SAYNGN,KSSQSVLYRPNNKNF,WASTRQS,QQYHTTPLT
GYTFTYY,SAYNGN,KSSQSVLYRPNNKNF,WASTRQS,QQYHTTPLT
GYNFTGYSASGHIFTAY,NPNSGA,RASQSVASAY,GASSRAT,QQYGTSALLT
GYTFSSN,IPIVDI,RASQSLGSSY,GASSRAP,QQYADSPIT
GYTFSSN,IPIVDI,RASQSLGSSY,GASSRAP,QQYADSPIT
GYTFSSN,IPIVDI,RASQSLGSSY,GASSRAP,QQYADSPIT
GYTFSSN,IPIVDI,RASQSLGSSY,GASSRAP,QQYADSPIT
GFIFNHF,WYDGSK,GGNNLESKY,EDSGRPS,QEWDTSSDYPV
GYAFSSY,YPGDDD,KASQDVGIA,YASHRGW,QQYRSYPLT
GFNIYYS,SPYSGS,RASQSVSSA,SASSLYS,QQPWSWGSALIT
GFNIYYS,SPYSGS,RASQSVSSA,SASSLYS,QQPWSWGSALIT
GFTFNDY,SYSGGS,TGTSSDVGGYNY,DVTDRPS,CSYAGTYTV
GFTFNDY,SYSGGS,TGTSSDVGGYNY,DVTDRPS,CSYAGTYTV
EFTFSSF,SYDGSN,KASQDIADD,EATTLVP,LQHDNFPLT
EFTFSSF,SYDGSN,KASQDIADD,EATTLVP,LQHDNFPLT
EFTFSSF,SYDGSN,KASQDIADD,EATTLVP,LQHDNFPLT
EFTFSSF,SYDGSN,KASQDIADD,EATTLVP,LQHDNFPLT
GFTVSSN,YSGGS,RASQSVSSY,GASSRAT,QQYGSSPRT
GYGFIWY,YPGDGE,KSSQSVLWSSINKNY,WASTPES,QQYYKTPYT
GFTVSSN,YSGGS,RASQSVSSY,GASSRAT,QQYGSSPRT
GYGFIWY,YPGDGE,KSSQSVLWSSINKNY,WASTPES,QQYYKTPYT
GVNTFGLY,WRWK,RASQSITGNW,RGAALLG,QQYDTYPGT
GVNTFGLY,WRWK,RASQSITGNW,RGAALLG,QQYDTYPGT
GVNTFGLY,WRWK,RASQSITGNW,RGAALLG,QQYDTYPGT
GVNTFGLY,WRWK,RASQSITGNW,RGAALLG,QQYDTYPGT
GVNTFGLY,WRWK,RASQSITGNW,RGAALLG,QQYDTYPGT
GVNTFGLY,WRWK,RASQSITGNW,RGAALLG,QQYDTYPGT
GYTFDQY,SSNGGS,RASQNIYNW,DASTLEG,QHYYNYPPWT
GYTLTDL,DPEHGE,RASQTINTN,GTFSLKS,QQSHSPPHT
GFSFSDY,SPSGSP,SGSSSNIGSNT,SNNQRPS,AAWDDSLNGRV
GGTFTDY,IPVLGT,TGTSSDVGAYDY,DVNKRPS,GSYTSSSAFFYV
GYTFTSY,SAYNGN,RASQGISNW,GASSLQS,QQAYSLPLT
GYTFTSY,SAYNGN,RASQGISNW,GASSLQS,QQAYSLPLT
GYTFTNY,FPRDSY,RASQSITKY,TTSTLQS,QQSFSTLWT
GYTFTNY,FPRDSY,RASQSITKY,TTSTLQS,QQSFSTLWT
GYTFTNY,FPRDSY,RASQSITKY,TTSTLQS,QQSFSTLWT
GGTFNTY,IPMFGI,RASQSVSGSY,GASSRAT,QQYVNSPRT
GGTFNTY,IPMFGI,RASQSVSGSY,GASSRAT,QQYVNSPRT
GGTFNTY,IPMFGI,RASQSVSGSY,GASSRAT,QQYVNSPRT
GFTFSSY,TASSSY,TGSGSNLGADYG,GDRNRPS,QSYDRSLNWV
GFTFSSY,TASSSY,TGSGSNLGADYG,GDRNRPS,QSYDRSLNWV
GFTFSSY,TASSSY,TGSGSNLGADYG,GDRNRPS,QSYDRSLNWV
GFTFSSY,TASSSY,TGSGSNLGADYG,GDRNRPS,QSYDRSLNWV
GGSISNY,YYSGS,SGNNLGNKY,QDNRRPS,QAWDSSVV
GFTFSSY,TASSSY,TGSGSNLGADYG,GDRNRPS,QSYDRSLNWV
GFTFSSY,TASSSY,TGSGSNLGADYG,GDRNRPS,QSYDRSLNWV
GFSISSSY,HHTGA,SGSSSNIRVNY,RNDQRPS,AAWDDSLTGPV
GFSISSSY,HHTGA,SGSSSNIRVNY,RNDQRPS,AAWDDSLTGPV
GFSFGSH,WYDGSK,TLSSAYSNYS,VGTGGIVRSKGD,GADHGSGSNFLYV
GFAFSSF,SSGSGT,RSSKSLLHSNGNTY,RMSNLAS,MQHLEYPLT
GFAFSSF,SSGSGT,RSSKSLLHSNGNTY,RMSNLAS,MQHLEYPLT
GYTFTDS,YPDNGD,RASQDISNY,YTSRLRS,QQGHTLPPT
GYTFTDS,YPDNGD,RASQDISNY,YTSRLRS,QQGHTLPPT
GDSISSSYY,FYSGN,RASQTISTY,VASSLQS,QQSYSSPFT
GDSISSSYY,FYSGN,RASQTISTY,VASSLQS,QQSYSSPFT
GDSISSSYY,FYSGN,RASQTISTY,VASSLQS,QQSYSSPFT
GDSISSSYY,FYSGN,RASQTISTY,VASSLQS,QQSYSSPFT
GDSVSSTNY,YYRGI,RASQSLSGY,ATSTLQR,QQSYSTPPYT
GDSVSSTNY,YYRGI,RASQSLSGY,ATSTLQR,QQSYSTPPYT
GDSVSSTNY,YYRGI,RASQSLSGY,ATSTLQR,QQSYSTPPYT
GDSVSSTNY,YYRGI,RASQSLSGY,ATSTLQR,QQSYSTPPYT
AFTFSSY,TSSGSR,GGNDIGLKG,DNNHRPS,QVWDTSSGPPHVI
GGFIGPH,YISGS,RSSQSLLQNNGYNY,LSSTRAS,MQSLQIPGT
GFSLTGY,WGDGR,KASQDVSTA,SASYRYT,QQHYSIPLT
GFTFSNY,WYDGSR,TGGSSNIGAGYD,GNINRPS,QSYDRRLSGSWV
GFTFSNY,WYDGSR,TGGSSNIGAGYD,GNINRPS,QSYDRRLSGSWV
GFTFSNY,WYDGSR,TGGSSNIGAGYD,GNINRPS,QSYDRRLSGSWV
GFTFSNY,WYDGSR,TGGSSNIGAGYD,GNINRPS,QSYDRRLSGSWV
GFTFSNY,WYDGSR,TGGSSNIGAGYD,GNINRPS,QSYDRRLSGSWV
GFTFSNY,WYDGSR,TGGSSNIGAGYD,GNINRPS,QSYDRRLSGSWV
GFTFSNY,WYDGSR,TGGSSNIGAGYD,GNINRPS,QSYDRRLSGSWV
GFTFSNY,WYDGSR,TGGSSNIGAGYD,GNINRPS,QSYDRRLSGSWV
GFTFSNY,WYDGSR,TGGSSNIGAGYD,GNINRPS,QSYDRRLSGSWV
GFTFSNY,WYDGSR,TGGSSNIGAGYD,GNINRPS,QSYDRRLSGSWV
GFTFSNY,WYDGSR,TGGSSNIGAGYD,GNINRPS,QSYDRRLSGSWV
GFSFSTY,WHDGSK,RASQSVSSN,GASTRAT,QQYKTWWT
GFSFSTY,WHDGSK,RASQSVSSN,GASTRAT,QQYKTWWT
GFSFSTY,WHDGSK,RASQSVSSN,GASTRAT,QQYKTWWT
GFSFSTY,WHDGSK,RASQSVSSN,GASTRAT,QQYKTWWT
GFSFSTY,WHDGSK,RASQSVSSN,GASTRAT,QQYKTWWT
GFSFSTY,WHDGSK,RASQSVSSN,GASTRAT,QQYKTWWT
GFSFSTY,WHDGSK,RASQSVSSN,GASTRAT,QQYKTWWT
GFTFRNF,WHDGSN,RASRSVTSK,GASTRAT,QQYNNGFT
GFTFRNF,WHDGSN,RASRSVTSK,GASTRAT,QQYNNGFT
GFTFRNF,WHDGSN,RASRSVTSK,GASTRAT,QQYNNGFT
GFTFRNF,WHDGSN,RASRSVTSK,GASTRAT,QQYNNGFT
GFTFRNF,WHDGSN,RASRSVTSK,GASTRAT,QQYNNGFT
GFTFRNF,WHDGSN,RASRSVTSK,GASTRAT,QQYNNGFT
GFTFRNF,WHDGSN,RASRSVTSK,GASTRAT,QQYNNGFT
GFTFRNF,WHDGSN,RASRSVTSK,GASTRAT,QQYNNGFT
GFTFRNF,WHDGSN,RASRSVTSK,GASTRAT,QQYNNGFT
GFTFRNF,WHDGSN,RASRSVTSK,GASTRAT,QQYNNGFT
GFTFRNF,WHDGSN,RASRSVTSK,GASTRAT,QQYNNGFT
GFTFSSY,SASSSY,TGSSSNIGAGYD,DNNNRPS,QSYDRNLSGV
GFTFSSY,SASSSY,TGSSSNIGAGYD,DNNNRPS,QSYDRNLSGV
GFTFSSY,SASSSY,TGSSSNIGAGYD,DNNNRPS,QSYDRNLSGV
,,,,
,,,,
GFTFDNY,SRSSGD,RASQSVRSY,DASNRAT,QQYRYSPRT
GFTFDNY,SRSSGD,RASQSVRSY,DASNRAT,QQYRYSPRT
GFTFDNY,SRSSGD,RASQSVRSY,DASNRAT,QQYRYSPRT
GFTFSSY,SYDGNN,RASQSVGSSY,GAFSRAT,QQYGSSPWT
GFTFSSY,SYDGNN,RASQSVGSSY,GAFSRAT,QQYGSSPWT
GFTFSSY,SYDGNN,RASQSVGSSY,GAFSRAT,QQYGSSPWT
GFTFSSY,SYDGNN,RASQSVGSSY,GAFSRAT,QQYGSSPWT
GFTFSRY,KQDGSE,RASQRVSSSY,DASSRAT,QQYGSLPWT
GYSISSGY,YHSGS,RASQSISSY,AASSLQS,QQSDSYPLT
GVNTFGLY,WRWK,RASQSITGNW,RGAALLG,QQYDTYPGT
GVNTFGLY,WRWK,RASQSITGNW,RGAALLG,QQYDTYPGT
GVNTFGLY,WRWK,RASQSITGNW,RGAALLG,QQYDTYPGT
GDSMNNY,SDRES,GRQALGSRA,NNQDRPS,HMWDSRSGFSWS
GDSMNNY,SDRES,GRQALGSRA,NNQDRPS,HMWDSRSGFSWS
GDSMNNY,SDRES,GRQALGSRA,NNQDRPS,HMWDSRSGFSWS
GIDLSSY,SYVSR,QSSQNVYSNNR,WTSFLAS,AGGYSGNLYT
GFKFSKF,SYDGNQ,TGSSSNIGAGYD,DNNNRPS,QSYDNSLILAV
GFKFSKF,SYDGNQ,TGSSSNIGAGYD,DNNNRPS,QSYDNSLILAV
GFKFSKF,SYDGNQ,TGSSSNIGAGYD,DNNNRPS,QSYDNSLILAV
GFKFSKF,SYDGNQ,TGSSSNIGAGYD,DNNNRPS,QSYDNSLILAV
GDSVSSNSV,YYRSKWY,RASQSVGSY,DASNRAT,QQRSNWPPGYT
GDSVSSNSV,YYRSKWY,RASQSVGSY,DASNRAT,QQRSNWPPGYT
GYTFTGY,NPISGG,TGTSSDVGVYNY,DVSNRPS,SSYTSSSTLV
GYTFTGY,NPISGG,TGTSSDVGVYNY,DVSNRPS,SSYTSSSTLV
GFIFDDY,SWNSDN,RASQSISSW,KASSLES,QEYNSYIRT
GFTFSSY,SGNGDS,RASQGVSSK,GASTRAT,QQYHNWPYT
GFTFSSY,SGNGDS,RASQGVSSK,GASTRAT,QQYHNWPYT
GFTFSSY,SGNGDS,RASQGVSSK,GASTRAT,QQYHNWPYT
GFTFSSH,SSEGGS,RASQGVSSN,GASTRAT,QQYHNWPWT
GFTFSSH,SSEGGS,RASQGVSSN,GASTRAT,QQYHNWPWT
GFTFSSH,SSEGGS,RASQGVSSN,GASTRAT,QQYHNWPWT
GFTVS,YTGGN,RASQGISTW,AASGLQS,QQAHSFPPT
GFTVS,YTGGN,RASQGISTW,AASGLQS,QQAHSFPPT
GFTVS,YTGGN,RASQGISTW,AASGLQS,QQAHSFPPT
GFSLSTPGG,YWDDD,TATSSDVGAYNY,DVSKRPS,SSYTTTSVV
GFAFSSF,SSGSGT,RSSKSLLHSNGNTY,RMSNLAS,MQHLEYPLT
GFAFSSF,SSGSGT,RSSKSLLHSNGNTY,RMSNLAS,MQHLEYPLT
GGTFSSY,IRFLGI,RASQGIRSW,AASSLQS,QQYNSYPLT
GDTFSSY,IPIVGK,SGSGSNIGSNT,RNNERPS,AAWDDSLNGPV
GDTFSSY,IPIVGK,SGSGSNIGSNT,RNNERPS,AAWDDSLNGPV
GDTFSSY,IPIVGK,SGSGSNIGSNT,RNNERPS,AAWDDSLNGPV
GYTFTSH,NPSGG,SGSSSNIGNNY,GNNQRPS,AAWDDGLSGSGWV
GYTFTSH,NPSGG,SGSSSNIGNNY,GNNQRPS,AAWDDGLSGSGWV
GYTFTSH,NPSGG,SGSSSNIGNNY,GNNQRPS,AAWDDGLSGSGWV
GFTFNSY,RYDGGN,QASQDIRFY,DASNMET,QQYDNLPFT
GFTFNSY,RYDGGN,QASQDIRFY,DASNMET,QQYDNLPFT
GFTFNSY,RYDGGN,QASQDIRFY,DASNMET,QQYDNLPFT
GFNIKDY,DVEDDE,TASSSVSSSY,RTSNLAS,HQYYRSPPT
GFNIKDY,DVEDDE,TASSSVSSSY,RTSNLAS,HQYYRSPPT
GFNIKDY,DVEDDE,TASSSVSSSY,RTSNLAS,HQYYRSPPT
GFNIKDY,DVEDDE,TASSSVSSSY,RTSNLAS,HQYYRSPPT
GFSLTSY,WSGGS,KASQNVGTA,SASNRYT,QQYSSYPPYT
,,,,
,,,,
,,,,
,,,,
,,,,
,,,,
NSRVSGY,HFSLR,TGTSSDIGASDY,DVTKRPS,SSDAGRHTLL
NSRVSGY,HFSLR,TGTSSDIGASDY,DVTKRPS,SSDAGRHTLL
GYNIRDY,NPKTGQ,QANGYLN,DGSKLER,QVYEF
GYNIRDY,NPKTGQ,QANGYLN,DGSKLER,QVYEF
GGSFSTS,IPIQGT,RASQSISSY,GASSLHS,QQSHSSPRS
GGSFSTS,IPIQGT,RASQSISSY,GASSLHS,QQSHSSPRS
GGSFSTS,IPIQGT,RASQSISSY,GASSLHS,QQSHSSPRS
GYTFTSY,YCGSDT,KASQDINSY,RANRLVD,LQYDEFPYT
EFIVSSN,YSGGT,QASQDINKY,DASNLET,QQYDNLPPT
EFIVSSN,YSGGT,QASQDINKY,DASNLET,QQYDNLPPT
GFIFSSY,WYDGSN,SGDKLGDKY,QDSKRPS,QAWDSSTSYVV
GFIFSSY,WYDGSN,SGDKLGDKY,QDSKRPS,QAWDSSTSYVV
GFIFSSY,WYDGSN,SGDKLGDKY,QDSKRPS,QAWDSSTSYVV
GFIFSSY,WYDGSN,SGDKLGDKY,QDSKRPS,QAWDSSTSYVV
GFSLINSGV,YWDDD,SGSRSNIGSNF,SNDQRPS,AAWDDSLSSWV
GFSLINSGV,YWDDD,SGSRSNIGSNF,SNDQRPS,AAWDDSLSSWV
GFSLINSGV,YWDDD,SGSRSNIGSNF,SNDQRPS,AAWDDSLSSWV
GFSLINSGV,YWDDD,SGSRSNIGSNF,SNDQRPS,AAWDDSLSSWV
GITVSRN,FAGGS,RASESVSSD,GASTRAT,QQYNNWPPGYT
GITVSRN,FAGGS,RASESVSSD,GASTRAT,QQYNNWPPGYT
GITVSRN,FAGGS,RASESVSSD,GASTRAT,QQYNNWPPGYT
GFSLSTGGV,YWDDD,TATSSDVGAYQY,EVSKRPS,NSYTTSSVV
GFSLSTGGV,YWDDD,TATSSDVGAYQY,EVSKRPS,NSYTTSSVV
GFSLSTGGV,YWDDD,TATSSDVGAYQY,EVSKRPS,NSYTTSSVV
GFSLSTGGV,YWDDD,TATSSDVGAYQY,EVSKRPS,NSYTTSSVV
EITVSRN,FAGGS,RASQSVSSD,GASTRAT,QQYNNWPPGYT
EITVSRN,FAGGS,RASQSVSSD,GASTRAT,QQYNNWPPGYT
EITVSRN,FAGGS,RASQSVSSD,GASTRAT,QQYNNWPPGYT
,,,,
GITVSRN,FAGGS,RASESVSSD,GASTRAT,QQYNNWPPGYT
GITVSRN,FAGGS,RASESVSSD,GASTRAT,QQYNNWPPGYT
GFSLINSGV,YWDDD,SGSRSNIGSNF,SNDQRPS,AAWDDSLSSWV
GFSLINSGV,YWDDD,SGSRSNIGSNF,SNDQRPS,AAWDDSLSSWV
GFSLNRY,SYGDT,QASQSIGSV,GVFDLAS,QYIPYGSSP
GYNFRNY,HPGDSD,RASQNIYTW,KASSLES,QQYKSAWS
GFTFTTY,SPSRDS,TGTITDIGYYNY,DVTNRPS,FSHRSNNIRV
GFTFTTY,SPSRDS,TGTITDIGYYNY,DVTNRPS,FSHRSNNIRV
GFTFTTY,SPSRDS,TGTITDIGYYNY,DVTNRPS,FSHRSNNIRV
GFTFTTY,SPSRDS,TGTITDIGYYNY,DVTNRPS,FSHRSNNIRV
GFTFTTY,SPSRDS,TGTITDIGYYNY,DVTNRPS,FSHRSNNIRV
GFTFTTY,SPSRDS,TGTITDIGYYNY,DVTNRPS,FSHRSNNIRV
,,,,
GFAFSSF,SSGSGT,RSSKSLLHSNGNTY,RMSNLAS,MQHLEYPLT
GFTFSNY,SYDGSN,TGTSSDVGGYNY,DVSKRPS,NSLTSISTWV
GFTFSNY,SYDGSN,TGTSSDVGGYNY,DVSKRPS,NSLTSISTWV
GFTFSNF,DHSGG,QASQDISNY,AASSLES,QQANSFPYT
GFTFSNF,DHSGG,QASQDISNY,AASSLES,QQANSFPYT
GFTFSNF,DHSGG,QASQDISNY,AASSLES,QQANSFPYT
GFTFSNF,DHSGG,QASQDISNY,AASSLES,QQANSFPYT
GFTFSNF,DHSGG,QASQDISNY,AASSLES,QQANSFPYT
GFTFSNF,DHSGG,QASQDISNY,AASSLES,QQANSFPYT
GFTFSNF,DHSGG,QASQDISNY,AASSLES,QQANSFPYT
GFTFSNF,DHSGG,QASQDISNY,AASSLES,QQANSFPYT
GGSISGSNY,YYGGS,TRSSGSIASNY,EDNQRPS,QSYDSSNWV
GFTFSSY,WYDGSN,RSSQSLEYSDGNTY,KVSKRDS,MQGTHWPLT
GGSISGSNY,YYGGS,TRSSGSIASNY,EDNQRPS,QSYDSSNWV
GFTFSSY,WYDGSN,RSSQSLEYSDGNTY,KVSKRDS,MQGTHWPLT
GYTFTSY,NAGNGN,TGTSSDVGGFNY,DVTSRPS,SSHTSRGTWV
GYTFTSY,NAGNGN,TGTSSDVGGFNY,DVTSRPS,SSHTSRGTWV
GFSYSNH,NSDGST,TGTSSNADTYNL,EGTKRPS,CSYATSRTLV
GFSYSNH,NSDGST,TGTSSNADTYNL,EGTKRPS,CSYATSRTLV
GLTFRSY,SVSGGI,RSSQGIGSW,AASSLQS,QQYNSYPLT
GYSFTSY,DPGDSR,TGTSSDIGGYNS,GVNNRPS,SSYDIESATPV
GLTFRSY,SVSGGI,RSSQGIGSW,AASSLQS,QQYNSYPLT
GYSFTSY,DPGDSR,TGTSSDIGGYNS,GVNNRPS,SSYDIESATPV
GLTFRSY,SVSGGI,RSSQGIGSW,AASSLQS,QQYNSYPLT
GGPFRSY,IPIFGT,SGSSSNIGNDY,DNNKRPS,ATWDRRPTAYVV
GGPFRSY,IPIFGT,SGSSSNIGNDY,DNNKRPS,ATWDRRPTAYVV
GGPFRSY,IPIFGT,SGSSSNIGNDY,DNNKRPS,ATWDRRPTAYVV
GIIVSSN,YSGGS,QASQDINIY,DASNLET,QQYDNLPRT
GFAFSSF,SSGSGT,RSSKSLLHSNGNTY,RMSNLAS,MQHLEYPLT
GYSFTDY,YAGDSD,RASQTISSY,AASSLQS,QQSYSTPLIT
GFTFSTY,TGEGDS,RASQSISTF,DASTRAT,QQRYNWPPYT
GFTFSTY,TGEGDS,RASQSISTF,DASTRAT,QQRYNWPPYT
GFTFSTY,TGEGDS,RASQSISTF,DASTRAT,QQRYNWPPYT
GGSISSY,SHSGS,SGDALPKQY,KDSERPS,QSADSDGTYRV
GGSISSY,SHSGS,SGDALPKQY,KDSERPS,QSADSDGTYRV
GGSISSY,SHSGS,SGDALPKQY,KDSERPS,QSADSDGTYRV
GFNIYYS,YSYSGY,RASQSVSSA,SASSLYS,QQSYYKPIT
GVNTFGLY,WRWK,RASQSITGNW,RGAALLG,QQYDTYPGT
GVNTFGLY,WRWK,RASQSITGNW,RGAALLG,QQYDTYPGT
GVNTFGLY,WRWK,RASQSITGNW,RGAALLG,QQYDTYPGT
GDSMNNY,SDRES,GRQALGSRA,NNQDRPS,HMWDSRSGFSWS
GDSMNNY,SDRES,GRQALGSRA,NNQDRPS,HMWDSRSGFSWS
GDSMNNY,SDRES,GRQALGSRA,NNQDRPS,HMWDSRSGFSWS
GFSLTIY,WAGGS,SATSSVSY,STSNLAS,QQRSSYPFT
GFNLSYS,MPDSGH,RASQDVNTA,SASFLYS,QQSYYYFRPIT
GFTFSSY,KQDGSE,TGSSGSIASNY,EDNQRPS,QSYDSSNLWV
GFTVGWN,YPGGT,RASQNIERY,AASSLQS,QQSASSTPEYT
GFTVGWN,YPGGT,RASQNIERY,AASSLQS,QQSASSTPEYT
GFTVGWN,YPGGT,RASQNIERY,AASSLQS,QQSASSTPEYT
GFTVGWN,YPGGT,RASQNIERY,AASSLQS,QQSASSTPEYT
GYKFTNY,NPYNDA,RASQDISNY,YTSRLHS,QQGAGFPYT
GFTFSSY,SSSSST,RASQSISSY,AASSLQS,QQSYSTPWT
GFTFSSY,SSSSST,RASQSISSY,AASSLQS,QQSYSTPWT
GFTFSSY,SSSSST,RASQSISSY,AASSLQS,QQSYSTPWT
GFTFSSY,SSSSST,RASQSISSY,AASSLQS,QQSYSTPWT
GGSISSDDY,FYTGG,RASQGISSW,AASSLQS,QQANSFPRT
GGSISSDDY,FYTGG,RASQGISSW,AASSLQS,QQANSFPRT
GGSISSDDY,FYTGG,RASQGISSW,AASSLQS,QQANSFPRT
GGSISSDDY,FYTGG,RASQGISSW,AASSLQS,QQANSFPRT
GYTFTEY,YTNTGE,RSNIGAVTSSNC,DTNNRRS,ALWYNNLWV
GYTFTEY,YTNTGE,RSNIGAVTSSNC,DTNNRRS,ALWYNNLWV
GYTFTEY,YTNTGE,RSNIGAVTSSNC,DTNNRRS,ALWYNNLWV
GYTFTEY,YTNTGE,RSNIGAVTSSNC,DTNNRRS,ALWYNNLWV
GFTFGDY,RSKAYGGT,RSSQSLLHSNGYNY,LGSNRAS,MQSLQTPRLT
GGSFSGY,NHSGS,RASQSVSSYY,GASNRAT,QQYGTSPQT
GGSFSGY,NHSGS,RASQSVSSYY,GASNRAT,QQYGTSPQT
GFDFSRQ,KYDGSE,QGTSNDVGGYES,DVSKRPS,KSLTSRSHRV
EGTFNKY,IPISGI,RASRSVSDN,GASTRAT,QHYNIWPPWT
EGTFNKY,IPISGI,RASRSVSDN,GASTRAT,QHYNIWPPWT
EGTFNKY,IPISGI,RASRSVSDN,GASTRAT,QHYNIWPPWT
EGTFNKY,IPISGI,RASRSVSDN,GASTRAT,QHYNIWPPWT
GGSFNNQ,FPISGT,RASRSVSSN,DASTRAT,QQYNNWPPWT
GGSFNNQ,FPISGT,RASRSVSSN,DASTRAT,QQYNNWPPWT
GGSFNNQ,FPISGT,RASRSVSSN,DASTRAT,QQYNNWPPWT
GGSFNNQ,FPISGT,RASRSVSSN,DASTRAT,QQYNNWPPWT
GGSFNNQ,FPISGT,RASRSVSSN,DASTRAT,QQYNNWPPWT
GGSFNNQ,FPISGT,RASRSVSSN,DASTRAT,QQYNNWPPWT
GGSFNNQ,FPISGT,RASRSVSSN,DASTRAT,QQYNNWPPWT
GGSFNNQ,FPISGT,RASRSVSSN,DASTRAT,QQYNNWPPWT
GGSFNNQ,FPISGT,RASRSVSSN,DASTRAT,QQYNNWPPWT
GGSFNNQ,FPISGT,RASRSVSSN,DASTRAT,QQYNNWPPWT
GGSFNNQ,FPISGT,RASRSVSSN,DASTRAT,QQYNNWPPWT
GGSFNNQ,FPISGT,RASRSVSSN,DASTRAT,QQYNNWPPWT
GGSFNNQ,FPISGT,RASRSVSSN,DASTRAT,QQYNNWPPWT
GGSFNNQ,FPISGT,RASRSVSSN,DASTRAT,QQYNNWPPWT
GGTFSNN,IPTSGI,RASQSVGSS,GASTRAT,QHYNNWPPWT
GGTFSNN,IPTSGI,RASQSVGSS,GASTRAT,QHYNNWPPWT
GGTFSNN,IPTSGI,RASQSVGSS,GASTRAT,QHYNNWPPWT
GGTFSNN,IPTSGI,RASQSVGSS,GASTRAT,QHYNNWPPWT
EGTFNKY,IPISGI,RASRSVSDN,GASTRAT,QHYNIWPPWT
EGTFNKY,IPISGI,RASRSVSDN,GASTRAT,QHYNIWPPWT
EGTFNKY,IPISGI,RASRSVSDN,GASTRAT,QHYNIWPPWT
EGTFNKY,IPISGI,RASRSVSDN,GASTRAT,QHYNIWPPWT
GGTFSNN,IPTSGI,RASQSVGSS,GASTRAT,QHYNNWPPWT
GGTFSNN,IPTSGI,RASQSVGSS,GASTRAT,QHYNNWPPWT
GGTFSNN,IPTSGI,RASQSVGSS,GASTRAT,QHYNNWPPWT
GGTFSNN,IPTSGI,RASQSVGSS,GASTRAT,QHYNNWPPWT
EGTFNKY,IPISGI,RASRSVSDN,GASTRAT,QHYNIWPPWT
EGTFNKY,IPISGI,RASRSVSDN,GASTRAT,QHYNIWPPWT
EGTFNKY,IPISGI,RASRSVSDN,GASTRAT,QHYNIWPPWT
GFTVS,YTGGN,RASQGISTW,AASGLQS,QQAHSFPPT
GFTFSTY,SYDGSN,RASQVISNY,AASNLQS,QQYNIYPLT
GFTVS,YTGGN,RASQGISTW,AASGLQS,QQAHSFPPT
GFTFSTY,SYDGSN,RASQVISNY,AASNLQS,QQYNIYPLT
GFTVS,YTGGN,RASQGISTW,AASGLQS,QQAHSFPPT
GFTFSTY,SYDGSN,RASQVISNY,AASNLQS,QQYNIYPLT
GFTVS,YTGGN,RASQGISTW,AASGLQS,QQAHSFPPT
GFTFSTY,SYDGSN,RASQVISNY,AASNLQS,QQYNIYPLT
GFTVS,YTGGN,RASQGISTW,AASGLQS,QQAHSFPPT
GFTFSTY,SYDGSN,RASQVISNY,AASNLQS,QQYNIYPLT
GFTVS,YTGGN,RASQGISTW,AASGLQS,QQAHSFPPT
GFTFSTY,SYDGSN,RASQVISNY,AASNLQS,QQYNIYPLT
GFTVSSN,YSGGS,QASQDIRNF,DASKLEA,QQYDNLPLT
GFTVSSN,YSGGS,QASQDIRNF,DASKLEA,QQYDNLPLT
GFAFSSF,SSGSGT,RSSKSLLHSNGNTY,RMSNLAS,MQHLEYPLT
GFTFSTY,RSSGST,TGSSSNIGAGYY,GNNNRPS,QSYDSSLSGWV
GFTFSSY,WYDGSD,RARQDISSY,AASTLLS,LQHNSYPYT
GYGFITY,YPGDSE,KSSQSVLYSSINKNY,WASTRES,QQYYSTPYT
GYGFITY,YPGDSE,KSSQSVLYSSINKNY,WASTRES,QQYYSTPYT
GFRISDE,DNAGAS,RASQDIADY,YASNLQS,QQGLGMPIT
GFRISDE,DNAGAS,RASQDIADY,YASNLQS,QQGLGMPIT
GFTFSSY,WYDGSD,RARQDISSY,AASTLLS,LQHNSYPYT
GFRFDYE,DSHGAS,RASQYIYDD,SASSLQS,QQAWPYPLT
GGTFNRY,IPIFGT,KSSQSVLYSSNNKNY,WASTRES,QQYYSAPLT
GGTFNRY,IPIFGT,KSSQSVLYSSNNKNY,WASTRES,QQYYSAPLT
GFAFSSF,SSGSGT,RSSKSLLHSNGNTY,RMSNLAS,MQHLEYPLT
GFAFSSF,SSGSGT,RSSKSLLHSNGNTY,RMSNLAS,MQHLEYPLT
GFAFSSF,SSGSGT,RSSKSLLHSNGNTY,RMSNLAS,MQHLEYPLT
GFSLWTY,SDDGT,QASRNIYNF,SASTLAS,QQGSSNSNIDNP
GFSLSSY,SYDGI,QASQSISTA,AASTLAS,QQGYSSSNLDNV
GYTFRGY,SAYGGE,RASQGISSW,AASNLQS,QQGASFPIT
GYTFRGY,SAYGGE,RASQGISSW,AASNLQS,QQGASFPIT
GFTVSSN,YSGGS,QASQDINKY,DTSNLQP,QQYDNLPIT
GYSFANY,YPGDSD,SGSNSNIGINY,ENNQRPS,GTWDTSLGAYV
GLTVSSN,YAGGS,RASQGISTY,AASTLQS,QLLNSYPVH
GLTVSSN,YAGGS,RASQGISTY,AASTLQS,QLLNSYPVH
GFAFSTY,HNSGNP,RASQSVSSY,DASKRAT,QQRSNWPRT
GFAFSTY,HNSGNP,RASQSVSSY,DASKRAT,QQRSNWPRT
GFSLSTSGV,YWDDD,TGTSSDVGDFNY,DVTKRPS,SSYTTSSIS
GFSLSTSGV,YWDDD,TGTSSDVGDFNY,DVTKRPS,SSYTTSSIS
GLTFTGY,KEDGSE,TGSNGYIANNY,EDNQRPS,QSYDTPNVV
GLTFTGY,KEDGSE,TGSNGYIANNY,EDNQRPS,QSYDTPNVV
GLTFTGY,KEDGSE,TGSNGYIANNY,EDNQRPS,QSYDTPNVV
GLTFTGY,KEDGSE,TGSNGYIANNY,EDNQRPS,QSYDTPNVV
GGTFNTY,IPMFGI,RASQSVSGSY,GASSRAT,QQYVNSPRT
GGTFNTY,IPMFGI,RASQSVSGSY,GASSRAT,QQYVNSPRT
GGTFNTY,IPMFGI,RASQSVSGSY,GASSRAT,QQYVNSPRT
GFAFSSF,SSGSGT,RSSKSLLHSNGNTY,RMSNLAS,MQHLEYPLT
GFAFSSF,SSGSGT,RSSKSLLHSNGNTY,RMSNLAS,MQHLEYPLT
GFAFSSF,SSGSGT,RSSKSLLHSNGNTY,RMSNLAS,MQHLEYPLT
GFAFSSF,SSGSGT,RSSKSLLHSNGNTY,RMSNLAS,MQHLEYPLT
GFAFSSF,SSGSGT,RSSKSLLHSNGNTY,RMSNLAS,MQHLEYPLT
GGTFNTY,IPMFGI,RASQSVSGSY,GASSRAT,QQYVNSPRT
GGTFNTY,IPMFGI,RASQSVSGSY,GASSRAT,QQYVNSPRT
GGTFNTY,IPMFGI,RASQSVSGSY,GASSRAT,QQYVNSPRT
GGTFNTY,IPMFGI,RASQSVSGSY,GASSRAT,QQYVNSPRT
GFGFSSY,SGSGGS,TRSSGSLANYY,ANNQRPS,QTYDPYSVV
GFGFSSY,SGSGGS,TRSSGSLANYY,ANNQRPS,QTYDPYSVV
GFGFSSY,SGSGGS,TRSSGSLANYY,ANNQRPS,QTYDPYSVV
GFGFSSY,SGSGGS,TRSSGSLANYY,ANNQRPS,QTYDPYSVV
GFTFDDY,SWNSGS,RASQSISSY,AASSLES,QQSYSTPLT
GFTFDDY,TWNSGT,GGSNIGSKS,YDSDRPS,QVWDSSSDHVV
EFIVSSN,YSGGT,QASQDINKY,DASNLET,QQYDNLPPT
EIIVSRN,YAGGS,RASQGIPSY,AASTLQN,QHEDT
GFSLTSY,WAGGS,RASQEISGY,AASTLDS,LQYTNYPLT
GFSLTSY,WAGGS,RASQEISGY,AASTLDS,LQYTNYPLT
GFIVGWN,YPGGS,RASQGIPSSY,AASTLQS,QQLNSYPPYT
GFIVGWN,YPGGS,RASQGIPSSY,AASTLQS,QQLNSYPPYT
,,,,
,,,,
GITVSSN,YSGGS,RASQGISNF,AASTLQG,QHLNDYPL
GITVSSN,YAGGS,RASQGISTY,GASTLQS,QQVNSYPPIT
GITVSSN,YAGGS,RASQGISTY,GASTLQS,QQVNSYPPIT
GFTFSDY,SSSGSS,RASQGISSY,AASTLQS,QQLKSYPLT
GFTFSDY,SSSGSS,RASQGISSY,AASTLQS,QQLKSYPLT
GFIVSRN,YSGGS,RASQGISSH,AASTLQS,QHLNSNPPIT
GGTFSSY,IPILGI,RASQSISSW,KASSLES,QQYNSYSHT
GGTFSSY,IPILGI,RASQSISSW,KASSLES,QQYNSYSHT
GFTFSSS,VVGSGN,RASQSVRSSY,GASSRAT,QQYDNSPWT
GGTFSSY,IPILGI,RASQSISSW,KASSLES,QQYNSYSHT
GGTFSSY,IPILGI,RASQSISSW,KASSLES,QQYNSYSHT
GGTFSSY,IPILGI,RASQSISSW,KASSLES,QQYNSYSHT
GFTFSSS,VVGSGN,RASQSVRSSY,GASSRAT,QQYDNSPWT
GGTFSSY,IPILGI,RASQSISSW,KASSLES,QQYNSYSHT
GGTFSSY,IPILGI,RASQSISSW,KASSLES,QQYNSYSHT
GFTFSSS,VVGSGN,RASQSVRSSY,GASSRAT,QQYDNSPWT
GFIVSRN,YSGGS,RASQGISSH,AASTLQS,QHLNSNPPIT
GFIVSRN,YSGGS,RASQGISSH,AASTLQS,QHLNSNPPIT
GFTFSNY,SYDGSN,TGTSSDVGGYNY,DVSKRPS,NSLTSISTWV
GFTFSNY,SYDGSN,TGTSSDVGGYNY,DVSKRPS,NSLTSISTWV
GFTFSNY,SYDGSN,TGTSSDVGGYNY,DVSKRPS,NSLTSISTWV
GFIVSRN,YSGGS,RASQGISSH,AASTLQS,QHLNSNPPIT
GFIVSRN,YSGGS,RASQGISSH,AASTLQS,QHLNSNPPIT
GFIVSRN,YSGGS,RASQGISSH,AASTLQS,QHLNSNPPIT
GFTFSDY,SSSGSS,RASQGISSY,AASTLQS,QQLKSYPLT
GYTFTDF,NPQTGR,TGTKYDVGSHDL,EVNKRPS,CSFGGSATVV
GYTFTDF,NPQTGR,TGTKYDVGSHDL,EVNKRPS,CSFGGSATVV
GYTFTDF,NPQTGR,TGTKYDVGSHDL,EVNKRPS,CSFGGSATVV
GYTFTDF,NPQTGR,TGTKYDVGSHDL,EVNKRPS,CSFGGSATVV
GYTFTDF,NPQTGR,TGTKYDVGSHDL,EVNKRPS,CSFGGSATVV
GYTFTDF,NPQTGR,TGTKYDVGSHDL,EVNKRPS,CSFGGSATVV
GYTFTDF,NPKTGR,TGTIYDVGKFDL,EVKKWPS,CSFGGSAAVV
GYTFTDF,NPKTGR,TGTIYDVGKFDL,EVKKWPS,CSFGGSAAVV
GYTFTDF,NPKTGR,TGTIYDVGKFDL,EVKKWPS,CSFGGSAAVV
GYGFTDF,NPKTGR,TGTSYDVAKFDL,EVNKWPS,CSFGGSATVV
GYGFTDF,NPKTGR,TGTSYDVAKFDL,EVNKWPS,CSFGGSATVV
GYGFTDF,NPKTGR,TGTSYDVAKFDL,EVNKWPS,CSFGGSATVV
GYEFIDC,KPRGGA,RTSQYGS,SGSTRAA,QQYEF
GYEFIDC,KPRGGA,RTSQYGS,SGSTRAA,QQYEF
GYEFIDC,KPRGGA,RTSQYGS,SGSTRAA,QQYEF
GYTFTGY,NPNSGR,TGTSSDVGSYNL,EVSKRPS,CSYAGSSTVI
GYTFTGY,NPNSGR,TGTSSDVGSYNL,EVSKRPS,CSYAGSSTVI
GYTFTGY,NPNSGR,TGTSSDVGSYNL,EVSKRPS,CSYAGSSTVI
GYTFTGY,NPNSGG,TGTSSDVGSYNL,EVSKRPS,CSYAGSSTVI
GYTFTGY,NPNSGG,TGTSSDVGSYNL,EVSKRPS,CSYAGSSTVI
GYTFTGY,NPNSGG,TGTSSDVGSYNL,EVSKRPS,CSYAGSSTVI
GYTLSDY,NPTSGR,TGSSSDVGSYNL,EVNKWAS,SSSTNSATVI
GYTLSDY,NPTSGR,TGSSSDVGSYNL,EVNKWAS,SSSTNSATVI
GYTLSDY,NPTSGR,TGSSSDVGSYNL,EVNKWAS,SSSTNSATVI
GYTFTDY,NPNTGR,TGTSYDVGSYNL,EVSKRPS,CSYAGSSTVV
GYTFTDY,NPNTGR,TGTSYDVGSYNL,EVSKRPS,CSYAGSSTVV
GYTFTDY,NPNTGR,TGTSYDVGSYNL,EVSKRPS,CSYAGSSTVV
GYTFTDY,NPTTGR,TGTSYDVGSYNL,EVSKWPS,CSYAGSSTVI
GYTFTDY,NPTTGR,TGTSYDVGSYNL,EVSKWPS,CSYAGSSTVI
GYTFTDY,NPTTGR,TGTSYDVGSYNL,EVSKWPS,CSYAGSSTVI
GYTFTDY,NPNTGR,TGTSYDVGSYNL,EVNKRPS,CSYAGSSTVV
GYTFTDY,NPNTGR,TGTSYDVGSYNL,EVNKRPS,CSYAGSSTVV
GYTFTDY,NPNTGR,TGTSYDVGSYNL,EVNKRPS,CSYAGSSTVV
GYTFTDF,NPKTGR,TGTSYDVGSYDL,EVNKRPS,CSFGGSATVV
GYTFTDF,NPKTGR,TGTSYDVGSYDL,EVNKRPS,CSFGGSATVV
GYTFTDF,NPKTGR,TGTSYDVGSYDL,EVNKRPS,CSFGGSATVV
GYTFTDY,NPTTGR,TGTSYDVGSYNL,EVSQWPS,CSYAGSSTVI
GYTFTDY,NPTTGR,TGTSYDVGSYNL,EVSQWPS,CSYAGSSTVI
GYTFTDY,NPTTGR,TGTSYDVGSYNL,EVSQWPS,CSYAGSSTVI
GYTFTDY,NPSTGR,TGTNYDVGSYNL,EVNKRPS,CSYAGSSIIF
GYTFTDY,NPSTGR,TGTNYDVGSYNL,EVNKRPS,CSYAGSSIIF
GYTFTDY,NPSTGR,TGTNYDVGSYNL,EVNKRPS,CSYAGSSIIF
GYTFTDF,NPKTGR,TGTSYDVGKFDL,EVNKWPS,CSFGGSATVV
GYTFTDF,NPKTGR,TGTSYDVGKFDL,EVNKWPS,CSFGGSATVV
GYTFTDF,NPKTGR,TGTSYDVGKFDL,EVNKWPS,CSFGGSATVV
GFSFSRH,SGSSLS,RASQSVSTE,GASTRAT,QQYNNWPPIT
GFSFSRH,SGSSLS,RASQSVSTE,GASTRAT,QQYNNWPPIT
GFSFSRH,SGSSLS,RASQSVSTE,GASTRAT,QQYNNWPPIT
GFTFKRY,TSRGGSK,RASQSVISYY,GASSRAT,QYYGSSPLWA
GFTFKRY,TSRGGSK,RASQSVISYY,GASSRAT,QYYGSSPLWA
GFTFKRY,TSRGGSK,RASQSVISYY,GASSRAT,QYYGSSPLWA
GFAFSSF,SSGSGT,RSSKSLLHSNGNTY,RMSNLAS,MQHLEYPLT
GFSLIGY,WGDGT,RASQSISNN,YTSRFHS,QQEHTLPYT
GFTFSTS,WYDGIN,RASQSVSSSY,GASSRAT,QQYGSSPWT
GFTFSYY,SFDGSQ,RASQSISSY,AASSLQS,QQSYSTPPIT
GYTFTDY,YPRNGA,RASESVDNFGITF,RASNLES,QQSSKDPRT
GFTFSDY,SYDGNN,TGTSSDVGGYNY,EVSKRPS,CSYAGTYPYV
GYTFINH,NTNTGN,QGDSLRSSS,GKTNRPS,NSRDNSGNHPVV
GFTFSSY,SPDGKN,SGSSSNIGSNF,RNTLRPS,AAWDDSLFWV
GYTFTSY,DPSRGT,QASQDIGNF,GASNLET,QHYDNFPPRFT
GDSINSGIN,FTSGT,RASQDINSW,DASSLHS,QQYKSYRT
GFTVTVN,YSGGS,QASQDINKY,DASNLET,QQHDNIPIT
GFTFSTY,SYDGSN,QASQDISNY,DASNLET,QQYDNLPLT
AFTFSSY,SYDGSN,RASQSISSY,AASSLQS,QQSYSTLALT
GDSINSGIN,FTSGT,RASQDINSW,DASSLHS,QQYKSYRT
GDSIGTY,HHSGK,TLRGGINVVNQR,YKSDSDNFLGS,MMWHSSAYV
GESFSGY,NHSGN,RASQSISSSY,GASSRAP,QQYGDSPLT
GESFSGY,NHSGN,RASQSISSSY,GASSRAP,QQYGDSPLT
GESFSGY,NHSGN,RASQSISSSY,GASSRAP,QQYGDSPLT
GYSFTSYY,YPDDSD,RASQSISSW,KASSLES,QQYDSFSWT
GYSFTSYY,YPDDSD,RASQSISSW,KASSLES,QQYDSFSWT
GYSFTSYY,YPDDSD,RASQSISSW,KASSLES,QQYDSFSWT
,,,,
,,,,
,,,,
GFAFSSF,SSGSGT,RSSKSLLHSNGNTY,RMSNLAS,MQHLEYPLT
GFAFSSF,SSGSGT,RSSKSLLHSNGNTY,RMSNLAS,MQHLEYPLT
GFAFSSF,SSGSGT,RSSKSLLHSNGNTY,RMSNLAS,MQHLEYPLT
GFAFSSF,SSGSGT,RSSKSLLHSNGNTY,RMSNLAS,MQHLEYPLT
GFAFSSF,SSGSGT,RSSKSLLHSNGNTY,RMSNLAS,MQHLEYPLT
GFSFISN,YSGGS,TGTSSDVGGSNY,EVSKRPS,SSYAGSNNWV
GFSFISN,YSGGS,TGTSSDVGGSNY,EVSKRPS,SSYAGSNNWV
GFSFISN,YSGGS,TGTSSDVGGSNY,EVSKRPS,SSYAGSNNWV
GFSLSTSGI,WWDDD,RASQDISSY,YTSSLHS,QQYSKFPWT
GFSVNTGGV,YWNDD,SGDKLGETY,QDNKRPS,QAWDKTIAG
GFSVNTGGV,YWNDD,SGDKLGETY,QDNKRPS,QAWDKTIAG
GFSVNTGGV,YWNDD,SGDKLGETY,QDNKRPS,QAWDKTIAG
GTLVRDN,HDSGD,GEESLGSRS,NNNDRPS,HIWDSRRPTNWV
GTLVRDN,HDSGD,GEESLGSRS,NNNDRPS,HIWDSRRPTNWV
GTLVRDN,HDSGD,GEESLGSRS,NNNDRPS,HIWDSRRPTNWV
GGTFSIY,IPIIGT,RASQNISSY,AASSLQS,QQSYSTPRT
GITFTSS,VVGSGN,RASQSVSSSY,GASSRAT,QQYGSSPWT
GYTFTSY,NSSGGS,QASQDISNY,DASNLET,QQYDNPPLT
GGTFSIY,IPIIGT,RASQNISSY,AASSLQS,QQSYSTPRT
GGTFSIY,IPIIGT,RASQNISSY,AASSLQS,QQSYSTPRT
GFTFDDY,SWNSGT,RSSQSLLHSNGYNY,LGSNRAS,MQALQTPFT
GFTFDDY,SWNSGT,RSSQSLLHSNGYNY,LGSNRAS,MQALQTPFT
GFTFDDY,SWNSGT,RSSQSLLHSNGYNY,LGSNRAS,MQALQTPFT
GGTFSSS,IPILDI,RASQSVSSSY,GASSRAT,QHYGSSLWT
GFAFSSF,SSGSGT,RSSKSLLHSNGNTY,RMSNLAS,MQHLEYPLT
GGTFSIY,IPIFGT,RASEDITSY,AASSLQS,QQSYSTPPT
GGTFSIY,IPIFGT,RASEDITSY,AASSLQS,QQSYSTPPT
GGTFSIY,IPIFGT,RASEDITSY,AASSLQS,QQSYSTPPT
GTLVRDN,HDSGD,GEESLGSRS,NNNDRPS,HIWDSRRPTNWV
GTLVRDN,HDSGD,GEESLGSRS,NNNDRPS,HIWDSRRPTNWV
GTLVRDN,HDSGD,GEESLGSRS,NNNDRPS,HIWDSRRPTNWV
GFTFSSY,SGGGSY,KASQDVGTA,WASTLHT,QHYSSYPWT
GFAFSSF,SSGSGT,RSSKSLLHSNGNTY,RMSNLAS,MQHLEYPLT
GTLVRDN,HDSGD,GEESLGSRS,NNNDRPS,HIWDSRRPTNWV
GTLVRDN,HDSGD,GEESLGSRS,NNNDRPS,HIWDSRRPTNWV
GTLVRDN,HDSGD,GEESLGSRS,NNNDRPS,HIWDSRRPTNWV
GFTVSSN,YSGGS,GGNNIGGQS,DDSDRPS,QVWDSSSDHVV
GGTFSSS,IPILDI,RASQSVSSSY,GASSRAT,QHYGSSLWT
GGTFSSS,IPILDI,RASQSVSSSY,GASSRAT,QHYGSSLWT
GFTFSDY,SSSGST,RASQSISSW,AASTLQS,QQLNSYPIT
GFTFSDY,SSSGST,RASQSISSW,AASTLQS,QQLNSYPIT
GFAFSSF,SSGSGT,RSSKSLLHSNGNTY,RMSNLAS,MQHLEYPLT
GYTFTSY,NSSGGS,QASQDISNY,DASNLET,QQYDNPPLT
GFTFTSS,VVGSGN,RASQSVSSSY,GASSRAT,QQYGSSPWT
GYTFSSY,SPYNGN,TGTSSDVGSYNL,EGTKRPS,CSYAGNSTWV
GITVSSN,YSGGS,RASQSVSSSY,GASSRAT,QQYGSSYT
GITVGWN,YPGGS,RASQGIPSSY,AASTLQS,QQLNSYPPA
GITVGWN,YPGGS,RASQGIPSSY,AASTLQS,QQLNSYPPA
GYTFTSF,NPSNGG,RASQDISNS,YTSRLHS,QQVNTLPLT
GFTFTNS,TPYGGY,RASQDVSTA,SASFLYS,QQSYTTPPT
GFAFSSF,SSGSGT,RSSKSLLHSNGNTY,RMSNLAS,MQHLEYPLT
GFAFSSF,SSGSGT,RSSKSLLHSNGNTY,RMSNLAS,MQHLEYPLT
GYRFTSY,DPEDGG,QASQSISSY,GASRLKT,QQYASVPVT
EITVSRN,YSGGS,RASQSISSY,GASSRAT,QQYGSSPRT
EITVSRN,YSGGS,RASQSISSY,GASSRAT,QQYGSSPRT
GFTFRSY,SYDGSD,TRNSGSIASNY,EDNQRPS,HSYDSDNVV
GFTFRSY,SYDGSD,TRNSGSIASNY,EDNQRPS,HSYDSDNVV
GFIFSRY,RYDGSD,RSSQSLLQSNGYNY,LGSNRAS,MQALQTPLT
GFTFSTY,SYDGSN,RASQVISNY,AASNLQS,QQYNIYPLT
GFTFSTY,SYDGSN,RASQVISNY,AASNLQS,QQYNIYPLT
GFTFSSY,SFDGSN,RASQGISSW,AASSLQS,QQANSFPFS
GESFSGY,NHSGN,RASQSISSSY,GASSRAP,QQYGDSPLT
GESFSGY,NHSGN,RASQSISSSY,GASSRAP,QQYGDSPLT
GYSFTSYY,YPDDSD,RASQSISSW,KASSLES,QQYDSFSWT
GYSFTSYY,YPDDSD,RASQSISSW,KASSLES,QQYDSFSWT
GYSFTSYY,YPDDSD,RASQSISSW,KASSLES,QQYDSFSWT
GYSFTSYY,YPDDSD,RASQSISSW,KASSLES,QQYDSFSWT
GESFSGY,NHSGN,RASQSISSSY,GASSRAP,QQYGDSPLT
GFTFSSY,SFDGSN,RASQGISSW,AASSLQS,QQANSFPFS
GESFSGY,NHSGN,RASQSISSSY,GASSRAP,QQYGDSPLT
GFTFSSY,SFDGSN,RASQGISSW,AASSLQS,QQANSFPFS
GESFSGY,NHSGN,RASQSISSSY,GASSRAP,QQYGDSPLT
GFTFSSY,SFDGSN,RASQGISSW,AASSLQS,QQANSFPFS
GYIFTNY,YPGNGD,KASQDIDRY,DTSTLQS,LQYDNLWT
GYIFTNY,YPGNGD,KASQDIDRY,DTSTLQS,LQYDNLWT
GFAFSSF,SSGSGT,RSSKSLLHSNGNTY,RMSNLAS,MQHLEYPLT
GFAFSSF,SSGSGT,RSSKSLLHSNGNTY,RMSNLAS,MQHLEYPLT
GFAFSSF,SSGSGT,RSSKSLLHSNGNTY,RMSNLAS,MQHLEYPLT
GFPFSSY,SASGSY,TGTNSNIGTGYD,DNNNRPS,QSYDKSLGGWV
GFPFSSY,SASGSY,TGTNSNIGTGYD,DNNNRPS,QSYDKSLGGWV
GFPFSSY,SASGSY,TGTNSNIGTGYD,DNNNRPS,QSYDKSLGGWV
GGTFNTY,IPFQDR,RASHSISSW,KASTLES,QQYKSYPWT
GFPFTSY,TSSSAY,SGRSSNLGSNT,LKNQRPS,AAWDDNLDGWV
GFNFISS,TSTSTD,RASQAISSW,GASSLES,QQAARFPIT
GGTFNTY,IPFQDR,RASHSISSW,KASTLES,QQYKSYPWT
AFTFSSY,TSDSRY,RTSQSIRTN,DASNRAT,QQRSIWPPFT
GYTFTEY,NPKSGD,RASQNINIY,AASSLQS,QQSYSSPLT
GYTFTEY,NPKSGD,RASQNINIY,AASSLQS,QQSYSSPLT
GYTFTSY,SGYNGN,KSSQSVLYSSNNKNY,WASTRES,QQYYSAPIT
GYTFTSY,SGYNGN,KSSQSVLYSSNNKNY,WASTRES,QQYYSAPIT
GYTFTSY,SGYNGN,KSSQSVLYSSNNKNY,WASTRES,QQYYSAPIT
GYTFTSY,SGYNGN,KSSQSVLYSSNNKNY,WASTRES,QQYYSAPIT
GASFSGY,DYRGS,RASQSVTSRY,GASSRAT,QQYAKSPWT
GASFSGY,DYRGS,RASQSVTSRY,GASSRAT,QQYAKSPWT
GASFSGY,DYRGS,RASQSVTSRY,GASSRAT,QQYAKSPWT
GFTFSSF,RYDGTK,RASQNVNRY,DASNRAT,QQRAIWPPLT
GFTFSSF,RYDGTK,RASQNVNRY,DASNRAT,QQRAIWPPLT
GFTFSSF,RYDGTK,RASQNVNRY,DASNRAT,QQRAIWPPLT
GFTFSSF,RYDGTK,RASQNVNRY,DASNRAT,QQRAIWPPLT
GGTFNTY,IPFQDR,RASHSISSW,KASTLES,QQYKSYPWT
GGTFNTY,IPFQDR,RASHSISSW,KASTLES,QQYKSYPWT
GLIFNKY,RYDGTN,RASQAVGIY,HVSKRDT,QQHRNWPPIT
GLIFNKY,RYDGTN,RASQAVGIY,HVSKRDT,QQHRNWPPIT
GLIFNKY,RYDGTN,RASQAVGIY,HVSKRDT,QQHRNWPPIT
GLIFNKY,RYDGTN,RASQAVGIY,HVSKRDT,QQHRNWPPIT
GFAFSTY,SESSSY,RTSQSLSIS,DASNRAP,QQRSNWPPIT
GFAFSTY,SESSSY,RTSQSLSIS,DASNRAP,QQRSNWPPIT
GFTFNSY,STNIRY,RASQSVSSS,GASTRAT,QQYANWPPWT
GFTFNSY,STNIRY,RASQSVSSS,GASTRAT,QQYANWPPWT
GFNFEDY,SWNSGT,TGTNDDVGEYNY,DVTKRPS,CSYAGTYHMV
GYSITSDY,TYDGT,SASSSVSY,LTSNLAS,QQWNNSPPT
GFTISSY,SSGSTY,RASLSISSS,DASNRAT,QQRSIWPPIT
GGTFNSY,IPSFGT,KSSQSVLYSSNNKNY,WASTRES,QQYYSTPYS
GGTFNSY,IPSFGT,KSSQSVLYSSNNKNY,WASTRES,QQYYSTPYS
GGSISRSPY,YNNGS,RASQSISSW,KASSLQS,QQYHSYPYT
GFTFRSY,WYDGSK,SGDALPKKH,DDSKRPS,YSSDTSANYWV
GGTFSSY,IPILGI,RASQSISSW,KASSLES,QQYNSYSHT
GGTFSSY,IPILGI,RASQSISSW,KASSLES,QQYNSYSHT
GGTFSSY,IPILGI,RASQSISSW,KASSLES,QQYNSYSHT
GGTFSSY,IPILGI,RASQSISSW,KASSLES,QQYNSYSHT
GGTFSSY,IPILGI,RASQSISSW,KASSLES,QQYNSYSHT
GGTFSSY,IPILGI,RASQSISSW,KASSLES,QQYNSYSHT
GGTFSSY,IPILGI,RASQSISSW,KASSLES,QQYNSYSHT
GYSFTSY,YPSDSD,RASQSVFSY,DASNRAT,QQYFYWGWP
GYSFTSY,YPSDSD,RASQSVFSY,DASNRAT,QQYFYWGWP
GYSFTSY,YPSDSD,RASQSVFSY,DASNRAT,QQYFYWGWP
GYSFTSY,YPSDSD,RASQSVFSY,DASNRAT,QQYFYWGWP
GYSFTSY,YPSDSD,RASQSVSSY,DASNRAT,QQRSNWMFP
GFTIYSS,YSSSGS,RASQSVSSA,SASSLYS,QQIWSWPLIT
GFTIYSS,YSSSGS,RASQSVSSA,SASSLYS,QQIWSWPLIT
GFTIYSS,YSSSGS,RASQSVSSA,SASSLYS,QQIWSWPLIT
GFTIYSS,YSSSGS,RASQSVSSA,SASSLYS,QQIWSWPLIT
GFTIYSS,YSSSGS,RASQSVSSA,SASSLYS,QQIWSWPLIT
GFTIYSS,YSSSGS,RASQSVSSA,SASSLYS,QQIWSWPLIT
GFTIYSS,YSSSGS,RASQSVSSA,SASSLYS,QQIWSWPLIT
GFTIYSS,YSSSGS,RASQSVSSA,SASSLYS,QQIWSWPLIT
GFTIYSS,YSSSGS,RASQSVSSA,SASSLYS,QQIWSWPLIT
GFTIYSS,YSSSGS,RASQSVSSA,SASSLYS,QQIWSWPLIT
GYRFISH,DPSGRG,SGDALPSQY,KDSERPP,QSADASTTYHV
GFTFSSF,DDDGSY,SGDGSYAGSYY,YNNKRPS,GSADNSGAA
GFTFSSF,DDDGSY,SGDGSYAGSYY,YNNKRPS,GSADNSGAA
GFTFSSF,DDDGSY,SGDGSYAGSYY,YNNKRPS,GSADNSGAA
GFTFSSF,DDDGSY,SGDGSYAGSYY,YNNKRPS,GSADNSGAA
GFTFSSY,SYDGSN,TGSSGSIASNY,EDNQRPS,QSYDSSNWV
GFTFSSY,SYDGSN,TGSSGSIASNY,EDNQRPS,QSYDSSNWV
GYSFTNY,DPSDSY,QASQDISNY,DASNLET,QQYDSLGFT
GYSFTNY,DPSDSY,QASQDISNY,DASNLET,QQYDSLGFT
GGSFSGY,NHSGS,TGSSGSIASNY,EDNQRPS,QSYDSGIWV
GGSFSGY,NHSGS,TGSSGSIASNY,EDNQRPS,QSYDSGIWV
GGSFSGY,NHSGS,TGSSGSIASNY,EDNQRPS,QSYDSGIWV
GGSFSGY,NHSGS,TGSSGSIASNY,EDNQRPS,QSYDSGIWV
GFTFSSY,SYDGSN,TGSSGSIASNY,EDNQRPS,QSYDSSNWV
,,,,
,,,,
GYSFTNY,DPSDSY,QASQDISNY,DASNLET,QQYDSLGFT
,,,,
,,,,
,,,,
,,,,
GGSFSGY,NHSGS,TGSSGSIASNY,EDNQRPS,QSYDSGIWV
GGSFSGY,NHSGS,TGSSGSIASNY,EDNQRPS,QSYDSGIWV
GGSFSGY,NHSGS,TGSSGSIASNY,EDNQRPS,QSYDSGIWV
GFTFSYG,SSGSGS,RASQSISSY,AASSLQS,QQYYDNLPT
GYTFSSY,SPNSGN,GENDIGSKN,DDSDRPS,QVWDSTGDHPDVV
GYTFTSY,SAYNGN,RASQSLSRNH,WASTRES,QQHTQNTWT
GYTFTSY,SAYNGN,RASQSLSRNH,WASTRES,QQHTQNTWT
GGTFSSY,IPILGT,TGNSSNIGAGYD,GNSNRPS,QSYDSSLSGSV
GGTFSSY,IPILGT,TGNSSNIGAGYD,GNSNRPS,QSYDSSLSGSV
GGTFSSY,IPILGT,TGNSSNIGAGYD,GNSNRPS,QSYDSSLSGSV
GGTFSSY,IPILGT,TGNSSNIGAGYD,GNSNRPS,QSYDSSLSGSV
GGTFSSY,IPILGT,TGNSSNIGAGYD,GNSNRPS,QSYDSSLSGSV
GGTFSSY,IPILGT,TGNSSNIGAGYD,GNSNRPS,QSYDSSLSGSV
GGTFSSY,IPILGT,TGNSSNIGAGYD,GNSNRPS,QSYDSSLSGSV
GGTFSSY,IPILGT,TGNSSNIGAGYD,GNSNRPS,QSYDSSLSGSV
GYTFTSF,DPSGGS,KSSRNVLYSSNNKNY,WASARES,QQYYNTPYT
GFKFQNY,SGSDES,RASQTVSSY,DASRRAA,HQRSNWPPVHT
GFSFSDS,SGSGEI,RASQSISTY,AASSLHS,HQSYSAPRT
GFKFQNY,SGSDES,RASQTVSSY,DASRRAA,HQRSNWPPVHT
GFSFSDS,SGSGEI,RASQSISTY,AASSLHS,HQSYSAPRT
GYTLTEL,DPEDGE,RSSQSLVHSDGNTY,KISNRFS,TQATQFPYT
GYTLTEL,DPEDGE,RSSQSLVHSDGNTY,KISNRFS,TQATQFPYT
GYTLTEL,DPEDGE,RSSQSLVHSDGNTY,KISNRFS,TQATQFPYT
GYTLTEL,DPEDGE,RSSQSLVHSDGNTY,KISNRFS,TQATQFPYT
GLTVSSN,YAGGS,RASQGIGSW,AASTLQS,QQANSVLALT
GLTVSSN,YAGGS,RASQGIGSW,AASTLQS,QQANSVLALT
GLTVSSN,YAGGS,RASQGIGSW,AASTLQS,QQANSVLALT
GGTFSSY,IPILGI,TGSSSNIGAGYD,GNSNRPS,QSYDSSLSGSV
GLTVSSN,YAGGS,RASQGIGSW,AASTLQS,QQANSVLALT
GLTVSSN,YAGGS,RASQGIGSW,AASTLQS,QQANSVLALT
GGTFSSY,IPILGI,TGSSSNIGAGYD,GNSNRPS,QSYDSSLSGSV
GLTVSSN,YAGGS,RASQGIGSW,AASTLQS,QQANSVLALT
GGTFSSY,IPILGI,TGSSSNIGAGYD,GNSNRPS,QSYDSSLSGSV
GLTVSSN,YAGGS,RASQGIGSW,AASTLQS,QQANSVLALT
GGTFSSY,IPILGI,TGSSSNIGAGYD,GNSNRPS,QSYDSSLSGSV
GLTVSSN,YAGGS,RASQGIGSW,AASTLQS,QQANSVLALT
GLTVSSN,YAGGS,RASQGIGSW,AASTLQS,QQANSVLALT
GFSFITY,SSNILSSTSY,RSSQSLLRSNGYNY,LGSNRAS,MQALQTPYT
GFSFITY,SSNILSSTSY,RSSQSLLRSNGYNY,LGSNRAS,MQALQTPYT
GFSFITY,SSNILSSTSY,RSSQSLLRSNGYNY,LGSNRAS,MQALQTPYT
GFSFITY,SSNILSSTSY,RSSQSLLRSNGYNY,LGSNRAS,MQALQTPYT
GFSFITY,SSNILSSTSY,RSSQSLLRSNGYNY,LGSNRAS,MQALQTPYT
GFSFITY,SSNILSSTSY,RSSQSLLRSNGYNY,LGSNRAS,MQALQTPYT
GFSFITY,SSNILSSTSY,RSSQSLLRSNGYNY,LGSNRAS,MQALQTPYT
GFSFITY,SSNILSSTSY,RSSQSLLRSNGYNY,LGSNRAS,MQALQTPYT
GFSFITY,SSNILSSTSY,RSSQSLLRSNGYNY,LGSNRAS,MQALQTPYT
GFSFITY,SSNILSSTSY,RSSQSLLRSNGYNY,LGSNRAS,MQALQTPYT
GFPFSSY,SYDGSY,RATQGISSW,GASSLQS,QQAHSFPLT
GFPFSSY,SYDGSY,RATQGISSW,GASSLQS,QQAHSFPLT
GGTFSNY,LPTFGT,RASQSVSSY,DASNRAT,QQRSNWPLT
GGTFSNY,LPTFGT,RASQSVSSY,DASNRAT,QQRSNWPLT
GGTFSNY,LPTFGT,RASQSVSSY,DASNRAT,QQRSNWPLT
GGTFSNY,LPTFGT,RASQSVSSY,DASNRAT,QQRSNWPLT
GGTFSNY,LPTFGT,RASQSVSSY,DASNRAT,QQRSNWPLT
GGTFSNY,LPTFGT,RASQSVSSY,DASNRAT,QQRSNWPLT
GGTFSNY,LPTFGT,RASQSVSSY,DASNRAT,QQRSNWPLT
GFPFSSY,SYDGSY,RATQGISSW,GASSLQS,QQAHSFPLT
GGTFSSY,IPILGI,RASQSVSSSY,GASSRAT,QQYGSSPWT
GGTFSSY,IPILGI,RASQSVSSSY,GASSRAT,QQYGSSPWT
GGTFSSY,IPILGI,RASQSVSSSY,GASSRAT,QQYGSSPWT
GGTFSSY,IPILGI,RASQSVSSSY,GASSRAT,QQYGSSPWT
GGTFSSY,IPILGI,RASQSVSSSY,GASSRAT,QQYGSSPWT
GFTFSSY,SGSGGS,RASQSIGRW,DASSLES,QQCDSLLT
GFTFSSY,WYDGSD,RARQDISSY,AASTLLS,LQHNSYPYT
GYTFSSY,SPNSGN,GENDIGSKN,DDSDRPS,QVWDSTGDHPDVV
,,,,
,,,,
,,,,
,,,,
,,,,
,,,,
,,,,
,,,,
GITVSSN,YSGGS,RASQSVSSSY,GASSRAT,QQYGSSPT
GYPFTSY,STYNGN,RASQTVSSTS,GASSRAT,QQHDTSLT
GYPFTSY,STYNGN,RASQTVSSTS,GASSRAT,QQHDTSLT
GFAFSNY,WDDGSD,SGSSNDVGGYNY,DVNSRPS,SSYTSRRTWV
GFAFSNY,WDDGSD,SGSSNDVGGYNY,DVNSRPS,SSYTSRRTWV
GFAFSNY,WDDGSD,SGSSNDVGGYNY,DVNSRPS,SSYTSRRTWV
GFAFSNY,WDDGSD,SGSSNDVGGYNY,DVNSRPS,SSYTSRRTWV
GFAFSNY,WDDGSD,SGSSNDVGGYNY,DVNSRPS,SSYTSRRTWV
GGSITTGYY,ARDGS,GLSSGSVTSSNY,NTNSRHS,HLHKGSTGV
GGSITTGYY,ARDGS,GLSSGSVTSSNY,NTNSRHS,HLHKGSTGV
GGSITTGYY,ARDGS,GLSSGSVTSSNY,NTNSRHS,HLHKGSTGV
GGSITTGYY,ARDGS,GLSSGSVTSSNY,NTNSRHS,HLHKGSTGV
GFTFSSS,VNSITT,QGGSLGSYD,DNNSRPS,QSYDSTSDALV
GFTFSSS,VNSITT,QGGSLGSYD,DNNSRPS,QSYDSTSDALV
GFTFSSS,VNSITT,QGGSLGSYD,DNNSRPS,QSYDSTSDALV
GFTFSSS,VNSITT,QGGSLGSYD,DNNSRPS,QSYDSTSDALV
GGPITTRYY,DYDGS,QGGSLGSSY,DDDSRPS,QSYDSSANFV
GFTFTNS,VVASGN,RASQSVRNSL,AASSRAT,QQHGSSPPWT
GFTFTNS,VVASGN,RASQSVRNSL,AASSRAT,QQHGSSPPWT
GFTFTNS,VVASGN,RASQSVRNSL,AASSRAT,QQHGSSPPWT
GFTFTNS,VVASGN,RASQSVRNSL,AASSRAT,QQHGSSPPWT
EFIVSRN,YPGGS,RASQGVASN,GASTRAT,QQYNDRPRT
EFIVSRN,YPGGS,RASQGVASN,GASTRAT,QQYNDRPRT
EFIVSRN,YPGGS,RASQGVASN,GASTRAT,QQYNDRPRT
EFIVSRN,YPGGS,RASQGVASN,GASTRAT,QQYNDRPRT
GFTFSNY,SGTGDD,RASQSVSNSY,GASSRAT,QQYGTSPRLT
GFPFSSY,SYDGSY,RATQGISSW,GASSLQS,QQAHSFPLT
GFPFSSY,SYDGSY,RATQGISSW,GASSLQS,QQAHSFPLT
GFTVSRN,YPGGS,QASQDINKF,DASNLET,HQYDNLPRT
GFSLNTGGA,YWDGD,TGTSSDLGNFQY,EVSKRPS,CSYTTTTIPVA
GFSLNTGGA,YWDGD,TGTSSDLGNFQY,EVSKRPS,CSYTTTTIPVA
GFSLNTGGA,YWDGD,TGTSSDLGNFQY,EVSKRPS,CSYTTTTIPVA
GFTFSDY,STGSSH,RASQSVSSSY,GASTRAT,QQYGSSPAWT
GFTFSDY,STGSSH,RASQSVSSSY,GASTRAT,QQYGSSPAWT
GFPFSSY,SYDGSY,RATQGISSW,GASSLQS,QQAHSFPLT
GFPFSSY,SYDGSY,RATQGISSW,GASSLQS,QQAHSFPLT
GYIFATY,YPNDSD,RASQSVSSSY,GASSRAT,QQYGSSPLT
GYIFATY,YPNDSD,RASQSVSSSY,GASSRAT,QQYGSSPLT
GGTFSNY,IPIFGT,RASQAIRND,AASSLQS,LQQNIYPRT
GGTFSNY,IPIFGT,RASQAIRND,AASSLQS,LQQNIYPRT
GGTFSNY,IPIFGT,RASQAIRND,AASSLQS,LQQNIYPRT
GGTFSNY,IPIFGT,RASQAIRND,AASSLQS,LQQNIYPRT
GFSLNTGGA,YWDGD,TGTSSDLGNFQY,EVSKRPS,CSYTTTTIPVA
GYTFSSY,NPGDGG,SGSSSNIGSNY,RNNQRPS,AAWDDGLSGSGWV
GYTFSSY,NPGDGG,SGSSSNIGSNY,RNNQRPS,AAWDDGLSGSGWV
GYTFSSY,NPGDGG,SGSSSNIGSNY,RNNQRPS,AAWDDGLSGSGWV
GYTFSSY,NPGDGG,SGSSSNIGSNY,RNNQRPS,AAWDDGLSGSGWV
GGPFRSY,IPIFGT,SGSSSNIGNDY,DNNKRPS,ATWDRRPTAYVV
GGPFRSY,IPIFGT,SGSSSNIGNDY,DNNKRPS,ATWDRRPTAYVV
GGPFRSY,IPIFGT,SGSSSNIGNDY,DNNKRPS,ATWDRRPTAYVV
GYTFTSY,NPSGGS,KSSQSVLYSSNNKNY,WASTRES,QQYYNTPIT
GYTFTSY,NPSGGS,KSSQSVLYSSNNKNY,WASTRES,QQYYNTPIT
GYTFTSY,NPSGGS,KSSQSVLYSSNNKNY,WASTRES,QQYYNTPIT
GFLFTGY,NPNSGA,TGTSSDVGGYNY,EVSKRPS,NSYAGNNNWV
GFTFNNA,KSKTDGGT,RASQSITNY,AASSLQG,QQTYSTLWT
GFTFSHY,SYDGSN,RASQSISNY,AASSLQS,LQTYSTPRT
GFIFTNS,VVGSGN,QASQDIRNN,DASNLET,QQYANLPPFT
GFTFSNS,WYDGSK,QASQDISNY,DASNLET,QQYDNLPYT
GYPFTSY,STYNGN,RASQTVSSTS,GASSRAT,QQHDTSLT
GYGFITY,YPGDSE,KSSQSVLYSSINKNY,WASTRES,QQYYSTPYT
GYPFTSY,STYNGN,RASQTVSSTS,GASSRAT,QQHDTSLT
GYGFITY,YPGDSE,KSSQSVLYSSINKNY,WASTRES,QQYYSTPYT
GGTFGDD,FPLIGK,RAGQTINTF,AASTLQS,QQSYSNLYT
GFTVSSN,YSGGS,TGTSSDFGGYNS,EVSKRPS,SSYAGSNNFDV
GFRFDDH,SGDGGS,SGSSSNIGSNT,SNNQRPS,AAWDDSLNWV
GFTVSSN,YSGGS,TGTSSDFGGYNS,EVSKRPS,SSYAGSNNFDV
GFRFDDH,SGDGGS,SGSSSNIGSNT,SNNQRPS,AAWDDSLNWV
GYNFMDQ,NPIYGQ,SGTRHII,DDDKRPS,NTYEF
GYNFMDQ,NPIYGQ,SGTRHII,DDDKRPS,NTYEF
GFTVSSN,YSGGS,TGTSSDFGGYNS,EVSKRPS,SSYAGSNNFDV
GFRFDDH,SGDGGS,SGSSSNIGSNT,SNNQRPS,AAWDDSLNWV
GFTVSSN,YSGGS,TGTSSDFGGYNS,EVSKRPS,SSYAGSNNFDV
GFTVSSN,YSGGS,TGTSSDFGGYNS,EVSKRPS,SSYAGSNNFDV
GFRFDDH,SGDGGS,SGSSSNIGSNT,SNNQRPS,AAWDDSLNWV
GFTVSSN,YSGGS,TGTSSDFGGYNS,EVSKRPS,SSYAGSNNFDV
GFTVSSN,YSGGS,TGTSSDFGGYNS,EVSKRPS,SSYAGSNNFDV
GFRFDDH,SGDGGS,SGSSSNIGSNT,SNNQRPS,AAWDDSLNWV
GFTVSSN,YSGGS,TGTSSDFGGYNS,EVSKRPS,SSYAGSNNFDV
GFRFDDH,SGDGGS,SGSSSNIGSNT,SNNQRPS,AAWDDSLNWV
GFTVSSN,YSGGS,TGTSSDFGGYNS,EVSKRPS,SSYAGSNNFDV
GFRFDDH,SGDGGS,SGSSSNIGSNT,SNNQRPS,AAWDDSLNWV
GFTVSSN,YSGGS,TGTSSDFGGYNS,EVSKRPS,SSYAGSNNFDV
GFRFDDH,SGDGGS,SGSSSNIGSNT,SNNQRPS,AAWDDSLNWV
GFTVSSN,YSGGS,TGTSSDFGGYNS,EVSKRPS,SSYAGSNNFDV
GFRFDDH,SGDGGS,SGSSSNIGSNT,SNNQRPS,AAWDDSLNWV
GFTVSSN,YSGGS,TGTSSDFGGYNS,EVSKRPS,SSYAGSNNFDV
GFRFDDH,SGDGGS,SGSSSNIGSNT,SNNQRPS,AAWDDSLNWV
GFTVSSN,YSGGS,TGTSSDFGGYNS,EVSKRPS,SSYAGSNNFDV
GFRFDDH,SGDGGS,SGSSSNIGSNT,SNNQRPS,AAWDDSLNWV
GFTVSSN,YSGGS,TGTSSDFGGYNS,EVSKRPS,SSYAGSNNFDV
GFRFDDH,SGDGGS,SGSSSNIGSNT,SNNQRPS,AAWDDSLNWV
GFTVSSN,YSGGS,TGTSSDFGGYNS,EVSKRPS,SSYAGSNNFDV
GFRFDDH,SGDGGS,SGSSSNIGSNT,SNNQRPS,AAWDDSLNWV
GFTVSSN,YSGGS,TGTSSDFGGYNS,EVSKRPS,SSYAGSNNFDV
GFRFDDH,SGDGGS,SGSSSNIGSNT,SNNQRPS,AAWDDSLNWV
GFTVSSN,YSGGS,TGTSSDFGGYNS,EVSKRPS,SSYAGSNNFDV
GFRFDDH,SGDGGS,SGSSSNIGSNT,SNNQRPS,AAWDDSLNWV
GFAFSSF,SSGSGT,RSSKSLLHSNGNTY,RMSNLAS,MQHLEYPLT
GYTFTSY,YPGNVN,RSSQSIVHSNGNTY,KVSNRFS,FQGSHVPRT
GYTFTSY,YPGNVN,RSSQSIVHSNGNTY,KVSNRFS,FQGSHVPRT
GYTFTSY,YPGNVN,RSSQSIVHSNGNTY,KVSNRFS,FQGSHVPRT
GGSISSGDS,YYSGS,SGSSSNIGNNF,DSDKRPS,GTWDRSLSVVV
GGSISSGDS,YYSGS,SGSSSNIGNNF,DSDKRPS,GTWDRSLSVVV
,,,,
,,,,
GFTFSTY,VSSGGS,TGTDRDVGGQNY,DVIERSS,WSPAWPYAV
GDTFTGY,NPNSGV,RASQSVSSY,DASNRAT,QQRSNWPPVT
GFSFNSY,WYSGSD,RASQSISSY,AASSLQS,QQSYSTPYT
GFTFEDY,DWNSGV,SGSTSNIGDNF,DDARRPS,STWDNSLNVVL
GFTFEDY,DWNSGV,SGSTSNIGDNF,DDARRPS,STWDNSLNVVL
GFTFEDY,DWNSGV,SGSTSNIGDNF,DDARRPS,STWDNSLNVVL
EIIVNRN,YPGGS,SGSSSNIGNNY,DNNKRPS,GTWDSSLSAWV
GFTFEDY,DWNSGV,SGSTSNIGDNF,DDARRPS,STWDNSLNVVL
EIIVNRN,YPGGS,SGSSSNIGNNY,DNNKRPS,GTWDSSLSAWV
GFTFEDY,DWNSGV,SGSTSNIGDNF,DDARRPS,STWDNSLNVVL
EIIVNRN,YPGGS,SGSSSNIGNNY,DNNKRPS,GTWDSSLSAWV
GFTFEDY,DWNSGV,SGSTSNIGDNF,DDARRPS,STWDNSLNVVL
GFTFSSY,SGSGGS,RASQSISSY,AASSLQS,QQDYGLPFT
GFTFSSY,SGSGGS,RASQSISSY,AASSLQS,QQDYGLPFT
GFTFSSY,SGSGGS,RASQSISSY,AASSLQS,QQDYGLPFT
GFTFSSY,SGSGGS,RASQSISSY,AASSLQS,QQDYGLPFT
GFTFSSY,SGSGGS,RASQSISSY,AASSLQS,QQDYGLPFT
GFTFSSY,SGSGGS,RASQSISSY,AASSLQS,QQDYGLPFT
GFTFSSY,SGSGGS,RASQSISSY,AASSLQS,QQDYGLPFT
GFTFSSY,SGSGGS,RASQSISSY,AASSLQS,QQDYGLPFT
GNSFSNH,SHEGDK,KCSHSLQHSTGANY,LATHRAS,MQGLHSPWT
,,,,
GYTLTEL,DPEDGE,SGSSSNIGNNY,DNNKRPS,GTWDSSLSAVV
GGPFRSY,IPIFGT,SGSSSNIGNDY,DNNKRPS,ATWDRRPTAYVV
GGPFRSY,IPIFGT,SGSSSNIGNDY,DNNKRPS,ATWDRRPTAYVV
GGPFRSY,IPIFGT,SGSSSNIGNDY,DNNKRPS,ATWDRRPTAYVV
GFTFSTY,SSRSSN,TGTSSDVGGYDY,EVNNRPS,NSYSTTTTWV
GFSLSDH,RNKENSFT,RASQTMSNF,AASRLQS,QQSFLFPYT
GGSLSGY,NHTGT,RASQSLSSTY,GASSRAA,QQYGSSPRS
GFTFSTY,SSRSSN,TGTSSDVGGYDY,EVNNRPS,NSYSTTTTWV
GYNFVDH,NPRGGG,TGTSSDVGGYNY,EVNRRPS,SAFEY
GYNFVDH,NPRGGG,TGTSSDVGGYNY,EVNRRPS,SAFEY
GYNFVDH,NPRGGG,TGTSSDVGGYNY,EVNRRPS,SAFEY
GDSMNNY,SDRES,GRQALGSRA,NNQDRPS,HMWDSRSGFSWS
GDSMNNY,SDRES,GRQALGSRA,NNQDRPS,HMWDSRSGFSWS
GDSMNNY,SDRES,GRQALGSRA,NNQDRPS,HMWDSRSGFSWS
GFAFSSF,SSGSGT,RSSKSLLHSNGNTY,RMSNLAS,MQHLEYPLT
GGTFSSY,IPILGI,RASQSVSSSY,GASSRAT,QQYGSSPWT
GGTFSSY,IPILGI,RASQSVSSSY,GASSRAT,QQYGSSPWT
GGTFSSY,IPILGI,RASQSVSSSY,GASSRAT,QQYGSSPWT
GFAFSSF,SSGSGT,RSSKSLLHSNGNTY,RMSNLAS,MQHLEYPLT
GYTFTKY,SAFNGY,RASQNVINN,GASTRAT,QQYNDWPRS
GYTFTKY,SAFNGY,RASQNVINN,GASTRAT,QQYNDWPRS
GYTFTKY,SAFNGY,RASQNVINN,GASTRAT,QQYNDWPRS
GYSISSGY,YRSGS,TAANSDIGDFAF,EVSSRPS,TSYTSSSTFV
GFIFSDY,SSSGSQ,TGTGSNIETYNL,EVSERPS,CSYADTNIFWV
GFIFSDY,SSSGSQ,TGTGSNIETYNL,EVSERPS,CSYADTNIFWV
GFIFSDY,SSSGSQ,TGTGSNIETYNL,EVSERPS,CSYADTNIFWV
GFIFSDY,SSSGSQ,TGTGSNIETYNL,EVSERPS,CSYADTNIFWV
GFIFSDY,SSSGSQ,TGTGSNIETYNL,EVSERPS,CSYADTNIFWV
GFIFSDY,SSSGSQ,TGTGSNIETYNL,EVSERPS,CSYADTNIFWV
GESFNGF,NHLAS,RASQSVSSY,GASKRAT,QHRSDWRTT
GYTFTKY,SAFNGY,RASQNVINN,GASTRAT,QQYNDWPRS
GESFNGF,NHLAS,RASQSVSSY,GASKRAT,QHRSDWRTT
GYTFTKY,SAFNGY,RASQNVINN,GASTRAT,QQYNDWPRS
GESFNGF,NHLAS,RASQSVSSY,GASKRAT,QHRSDWRTT
GYTFTKY,SAFNGY,RASQNVINN,GASTRAT,QQYNDWPRS
GFDFDDY,NWNALD,RASQDIANY,AASTLLS,QKYNNAPAA
GFTFRSY,SSSGSY,KSSQSVLFSSNNKNY,WASTRES,QQHASAPPT
GFTFRSY,SSSGSY,KSSQSVLFSSNNKNY,WASTRES,QQHASAPPT
GFIFSDY,SSSGSQ,TGTGSNIETYNL,EVSERPS,CSYADTNIFWV
GFIFSDY,SSSGSQ,TGTGSNIETYNL,EVSERPS,CSYADTNIFWV
GFIFSDY,SSSGSQ,TGTGSNIETYNL,EVSERPS,CSYADTNIFWV
GYTFTGY,NPNSGG,TGTSSDVGGYNY,DVSKRPS,SSYEY
GYTFTGY,NPNSGG,TGTSSDVGGYNY,DVSKRPS,SSYEY
GYTFTGY,NPNSGG,TGTSSDVGGYNY,DVSKRPS,SSYEY
GDSMNNY,SDRES,GRQALGSRA,NNQDRPS,HMWDSRSGFSWS
GDSMNNY,SDRES,GRQALGSRA,NNQDRPS,HMWDSRSGFSWS
GDSMNNY,SDRES,GRQALGSRA,NNQDRPS,HMWDSRSGFSWS
GYTFTDY,NTYSGE,RASQSVSNF,YASQSIS,QQSNTWPLT
GYTFTDY,NTYSGE,RASQSVSNF,YASQSIS,QQSNTWPLT
GYTFTDY,NTYSGE,RASQSVSNF,YASQSIS,QQSNTWPLT
,,,,
GFAFSSF,SSGSGT,RSSKSLLHSNGNTY,RMSNLAS,MQHLEYPLT
GFSVTTSGV,YWDDD,TATSSDVGNYNY,EVSNRPS,SSYTSSSLL
GFSVTTSGV,YWDDD,TATSSDVGNYNY,EVSNRPS,SSYTSSSLL
GFSVTTSGV,YWDDD,TATSSDVGNYNY,EVSNRPS,SSYTSSSLL
GFSVTTSGV,YWDDD,TATSSDVGNYNY,EVSNRPS,SSYTSSSLL
GLTVSSN,YRGGS,RASQSISTY,AASSLQS,QQSFSTSFT
GLTVSSN,YRGGS,RASQSISTY,AASSLQS,QQSFSTSFT
GLTVSSN,YRGGS,RASQSISTY,AASSLQS,QQSFSTSFT
GFAFSSF,SSGSGT,RSSKSLLHSNGNTY,RMSNLAS,MQHLEYPLT
GFAFSSF,SSGSGT,RSSKSLLHSNGNTY,RMSNLAS,MQHLEYPLT
GFAFSSF,SSGSGT,RSSKSLLHSNGNTY,RMSNLAS,MQHLEYPLT
GYPFTSY,STYNGN,RASQTVSSTS,GASSRAT,QQHDTSLT
GFNIKDT,DPANDN,RTSRSISQY,SGSTLQS,QQVNEFPPT
GFNIKDT,DPANDN,RTSRSISQY,SGSTLQS,QQVNEFPPT
,,,,
,,,,
,,,,
GFTVSAN,YPGGS,RASQSVSSSY,GASSRAT,QQYGSSPYT
GFTVSAN,YPGGS,RASQSVSSSY,GASSRAT,QQYGSSPYT
GFTVSAN,YPGGS,RASQSVSSSY,GASSRAT,QQYGSSPYT
GFTVSAN,YPGGS,RASQSVSSSY,GASSRAT,QQYGSSPYT
RGSIGSY,YSNGR,RASQTVSSS,GASTRAT,LQFNDWPPT
RGSIGSY,YSNGR,RASQTVSSS,GASTRAT,LQFNDWPPT
GFTFSDF,RYDGR,SGSKSNIGSYY,RNNQRPS,SVWDDNLNGLV
GFIFSSY,RYDGRR,SGSRSNVGTNY,RNTQRPS,AVWDGDLSGVI
GFTFSTY,SYRSRT,RASQSVSSSY,GASSRAT,QQYGSSFT
GFTFSTY,SYRSRT,RASQSVSSSY,GASSRAT,QQYGSSFT
GFTFSTY,SYRSRT,RASQSVSSSY,GASSRAT,QQYGSSFT
GFTFSTY,SYRSRT,RASQSVSSSY,GASSRAT,QQYGSSFT
GFTFSTY,SYRSRT,RASQSVSSSY,GASSRAT,QQYGSSFT
GFTFSTY,SYRSRT,RASQSVSSSY,GASSRAT,QQYGSSFT
GYTFSSF,NDRGGL,TGTSSDIGSYNY,DVTQRPS,SAYAGRQTFYI
GFSLKKNGV,YWDDS,SGSSSNIGRNT,HNNHRPS,ETWDDSLSGVV
GFAFSSF,SSGSGT,RSSKSLLHSNGNTY,RMSNLAS,MQHLEYPLT
GFAFSSF,SSGSGT,RSSKSLLHSNGNTY,RMSNLAS,MQHLEYPLT
GFAFSSF,SSGSGT,RSSKSLLHSNGNTY,RMSNLAS,MQHLEYPLT
GGTFSTY,IPIFNT,RASQSINSNY,GASSRAT,QQYGVSPRWT
GGTFSTY,IPIFNT,RASQSINSNY,GASSRAT,QQYGVSPRWT
GASITSSDS,YYTGS,SGTALPNHY,TDNERPS,QSADSNANVV
GGTFRSH,IPLFGT,QASQDIGNY,DASHLET,QRYDDLPSYT
GHSFTSN,NTDTGT,RARASLGISTD,GASTRAT,QQYSNWPLT
GFTFSSY,SGSGDR,RASQGISNY,AASSLQS,LQHSYYPYT
RWTFNDH,SWGGA,GSSQSLVHSDGNTY,KISNRIS,VQGTQFPWT
GVAISRH,FFNGN,GGNNIGSKS,YDSDRPS,QVWDSSRDHCV
RWTFNDH,SWGGA,GSSQSLVHSDGNTY,KISNRIS,VQGTQFPWT
RWTFNDH,SWGGA,GSSQSLVHSDGNTY,KISNRIS,VQGTQFPWT
GVAISRH,FFNGN,GGNNIGSKS,YDSDRPS,QVWDSSRDHCV
GFAFSSF,SSGSGT,RSSKSLLHSNGNTY,RMSNLAS,MQHLEYPLT
GGTFSIY,IPIFGT,RASEDITSY,AASSLQS,QQSYSTPPT
GGTFSIY,IPIFGT,RASEDITSY,AASSLQS,QQSYSTPPT
GGTFSIY,IPIFGT,RASEDITSY,AASSLQS,QQSYSTPPT
GYPFTSY,STYNGN,RASQTVSSTS,GASSRAT,QQHDTSLT
GYPFTSY,STYNGN,RASQTVSSTS,GASSRAT,QQHDTSLT
GYPFTSY,STYNGN,RASQTVSSTS,GASSRAT,QQHDTSLT
GYTFNGY,NPYTGE,RASQSINTW,EASSLER,QQYNTYPRT
GYTFNGY,NPYTGE,RASQSINTW,EASSLER,QQYNTYPRT
GYTFNGY,NPYTGE,RASQSINTW,EASSLER,QQYNTYPRT
GFTFSSY,SASSSY,TGSSSNIGAGYD,DNNNRPS,QSYDRSLSGV
GFTFSSY,SASSSY,TGSSSNIGAGYD,DNNNRPS,QSYDRSLSGV
GFTFSSY,SASSSY,TGSSSNIGAGYD,DNNNRPS,QSYDRSLSGV
GYTFTTY,DPSDSY,QASQGINYY,DASDLET,QQYDNLPFT
GYTFTTY,DPSDSY,QASQGINYY,DASDLET,QQYDNLPFT
GYTFTTY,DPSDSY,QASQGINYY,DASDLET,QQYDNLPFT
GFTFSSY,SASSSY,TGSSSNIGAGYD,DNNNRPS,QSYDRSLSGV
GFTFSSY,SASSSY,TGSSSNIGAGYD,DNNNRPS,QSYDRSLSGV
GFTFSSY,SASSSY,TGSSSNIGAGYD,DNNNRPS,QSYDRSLSGV
GDSVSSNSA,YYRSKWY,TGTSSDIGAYNY,EVSNRPS,SSYAGSIS
GYKFTDS,DPETEG,RASSSVEF,ATSNLAS,QQWSSAPWT
GYKFTDS,DPETEG,RASSSVEF,ATSNLAS,QQWSSAPWT
GYKFTDS,DPETEG,RASSSVEF,ATSNLAS,QQWSSAPWT
GYKFTDS,DPETEG,RASSSVEF,ATSNLAS,QQWSSAPWT
GYKFTDS,DPETEG,RASSSVEF,ATSNLAS,QQWSSAPWT
GYKFTDS,DPETEG,RASSSVEF,ATSNLAS,QQWSSAPWT
GFNIKDT,DPANGY,HASQGISSN,YGTNLVD,VQYAQLPYT
GFNIKDT,DPANGY,HASQGISSN,YGTNLVD,VQYAQLPYT
,,,,
,,,,
GFTVRSN,YSGGS,RASQGISSY,GASTLQS,QQLNNYPPVT
GYPFTSY,STYNGN,RASQTVSSTS,GASSRAT,QQHDTSLT
GFTFSSY,GTAGD,RASQSIGSY,AASSLQS,QQSYVSPTYT
GYPFTSY,STYNGN,RASQTVSSTS,GASSRAT,QQHDTSLT
GYPFTSY,STYNGN,RASQTVSSTS,GASSRAT,QQHDTSLT
QFTFSIS,VVGSGN,RASQSVSSSY,GASRRAT,QQYRNSPWT
,,,,
GGTFSSH,IPILGI,SGDKLGDKY,QDNKRPS,QAWDSSTAV
GYTLTEL,DPEDGE,RSSQSLVHSDGNTY,KISNRFS,TQATQFPYT
GYTFTGY,NPISSG,RASQSVSSSY,GASSRAT,QQYGSSAWT
GYTFTGY,NPISSG,RASQSVSSSY,GASSRAT,QQYGSSAWT
GYTFTGY,NPISSG,RASQSVSSSY,GASSRAT,QQYGSSAWT
,,,,
,,,,
GFAFSSF,SSGSGT,RSSKSLLHSNGNTY,RMSNLAS,MQHLEYPLT
GFAFSSF,SSGSGT,RSSKSLLHSNGNTY,RMSNLAS,MQHLEYPLT
GFAFSSF,SSGSGT,RSSKSLLHSNGNTY,RMSNLAS,MQHLEYPLT
GFAFSSF,SSGSGT,RSSKSLLHSNGNTY,RMSNLAS,MQHLEYPLT
GFSFTSY,YPGDSD,RASQSVSSSY,GASSRAT,QQYGSSPPT
GFSFTSY,YPGDSD,RASQSVSSSY,GASSRAT,QQYGSSPPT
GFSFTSY,YPGDSD,RASQSVSSSY,GASSRAT,QQYGSSPPT
GFSFTSY,YPGDSD,RASQSVSSSY,GASSRAT,QQYGSSPPT
GFSFTSY,YPGDSD,RASQSVSSSY,GASSRAT,QQYGSSPPT
GFSFTSY,YPGDSD,RASQSVSSSY,GASSRAT,QQYGSSPPT
GYNFVDH,NPQWGQ,TGAYSGL,EVNRRPS,SAFEY
GDSMNNY,SDRES,GRQALGSRA,NNQDRPS,HMWDSRSGFSWS
GYNFVDH,NPQWGQ,TGAYSGL,EVNRRPS,SAFEY
GDSMNNY,SDRES,GRQALGSRA,NNQDRPS,HMWDSRSGFSWS
GYNFVDH,NPQWGQ,TGAYSGL,EVNRRPS,SAFEY
GDSMNNY,SDRES,GRQALGSRA,NNQDRPS,HMWDSRSGFSWS
GYSFTFH,YPGDGN,SASQGITNY,YTSSLHS,QQYSNLPWT
GGTFSSY,IPFFGT,RASQSISSW,KASTLQS,QQYDNYSQLT
GGTFSSY,IPFFGT,RASQSISSW,KASTLQS,QQYDNYSQLT
GGTFSSY,IPFFGT,RASQSISSW,KASTLQS,QQYDNYSQLT
GFTFDDY,SWNSGT,RSSQSLLHSNGYNY,LGSNRAS,MQALQTPFT
GYSLTDN,YPGDSD,SGSSSDIGSNY,DNNKRPS,GTWDSRLGIAV
GFIFSSY,SYDGSY,RASQSVSSSY,GTSSRAT,QQYGSSPQIT
GYNFAYY,YPGDSD,QASQDISNY,DASNLET,QQYKILLTWT
GYNFAYY,YPGDSD,QASQDISNY,DASNLET,QQYKILLTWT
GYNFAYY,YPGDSD,QASQDISNY,DASNLET,QQYKILLTWT
GYNFAYY,YPGDSD,QASQDISNY,DASNLET,QQYKILLTWT
GVPISRH,FFNGN,GGNNLGTKS,YDSDRPS,QVWDSSRDQCV
GYTFTKY,NTLTSG,TGSSIGSYDL,EVSKRPS,YSYDDMII
GVPISRH,FFNGN,GGNNLGTKS,YDSDRPS,QVWDSSRDQCV
GYTFTKY,NTLTSG,TGSSIGSYDL,EVSKRPS,YSYDDMII
GYTFTKY,NTLTSG,TGSSIGSYDL,EVSKRPS,YSYDDMII
GYTFTTY,NAGNGN,RASQSISSW,DASSLES,QQYNGYPWT
GGSISSY,YYSGS,RASQSVSSSY,GASSRAT,QQYGSSPWT
GGSISSY,YYSGS,SGSSSNIGSNY,RNNQRPS,AAWDDSLSGRV
GGSISSY,YYSGS,SGSSSNIGSNY,RNNQRPS,AAWDDSLSGRV
GGTFSSC,IPILGI,TGTSSDVGGYNY,EVTNRPS,SSYTSSSLYV
GGTFSSC,IPILGI,TGTSSDVGGYNY,EVTNRPS,SSYTSSSLYV
GGTFSSC,IPILGI,TGTSSDVGGYNY,EVTNRPS,SSYTSSSLYV
GGTFSSC,IPILGI,TGTSSDVGGYNY,EVTNRPS,SSYTSSSLYV
GYTFTNF,SVYSGD,RASQSVRSMY,GASIRAT,HQYGSSPLT
GGSISRSPY,YNNGS,RASQSISIW,KASSLQS,QQYHSYPYT
EFTFSSY,SSSGSQ,SGDKLGDKY,QDSKRPS,QAWDSNTGV
EFTFSSY,SSSGSQ,SGDKLGDKY,QDSKRPS,QAWDSNTGV
EFTFSSY,SSSGSQ,SGDKLGDKY,QDSKRPS,QAWDSNTGV
EFTFSSY,SSSGSQ,SGDKLGDKY,QDSKRPS,QAWDSNTGV
GFSLSTPGG,YWDDD,TATSSDVGAYNY,DVSKRPS,SSYTTTSVV
GYTFTGY,NPNSGG,TGTSSDVGSYNL,EVSKRPS,CSYAGSSTPHVV
GYTFTGY,NPNSGG,TGTSSDVGSYNL,EVSKRPS,CSYAGSSTPHVV
GYTFTGY,NPNSGG,TGTSSDVGSYNL,EVSKRPS,CSYAGSSTPHVV
GFTFSSY,SASSSY,TGSSSNIGAGYD,DNNNRPS,QSYDRSLSGV
GFALTTSGM,DWEDN,SGDGLPKKY,KDSERPS,QSGDSTDTSVI
GFTFSSY,SASSSY,TGSSSNIGAGYD,DNNNRPS,QSYDRSLSGV
GFALTTSGM,DWEDN,SGDGLPKKY,KDSERPS,QSGDSTDTSVI
GFALTTSGM,DWEDN,SGDGLPKKY,KDSERPS,QSGDSTDTSVI
GFTFSSY,SASSSY,TGSSSNIGAGYD,DNNNRPS,QSYDRSLSGV
GYRFTSY,DPTDSY,SGNSSNIGNNA,YDDQLPS,TSWDDSLDSQL
,,,,
GFRFDDY,SWNSNN,RASQGISSY,TASTLQS,QQLHSYPVT
GFRFDDY,SWNSNN,RASQGISSY,TASTLQS,QQLHSYPVT
GFTFTSS,VVGSGN,RGSQSVRSSY,GASSRAT,QQYGSSPWT
GFRFDDY,SWNSNN,RASQGISSY,TASTLQS,QQLHSYPVT
GFRFDDY,SWNSNN,RASQGISSY,TASTLQS,QQLHSYPVT
GFTFTSS,VVGSGN,RGSQSVRSSY,GASSRAT,QQYGSSPWT
GFRFDDY,SWNSNN,RASQGISSY,TASTLQS,QQLHSYPVT
GYTFSVF,NAGDGD,QASQDIKNS,DASNLET,QQYDNLIT
,,,,
,,,,
GYPFTSY,STYNGN,RASQTVSSTS,GASSRAT,QQHDTSLT
GYPFTSY,STYNGN,RASQTVSSTS,GASSRAT,QQHDTSLT
GFTFSSY,GTAGD,RASQSIGSY,AASSLQS,QQSYVSPTYT
GFTFSSY,GTAGD,RASQSIGSY,AASSLQS,QQSYVSPTYT
GFTFDDY,TWNSGT,GGNNIGSKS,DDSDRPS,QVWDSRSDRVV
GFTFDDY,TWNSGT,GGNNIGSKS,DDSDRPS,QVWDSRSDRVV
GYSFPNY,DPGDSY,TGTSSDVGGYNY,DVNNRPS,SSYTTGSRAV
GFTFSNY,STSPAI,TGSSGSIASNY,ENYQRPS,QSYDNNNLWV
GFTFSNY,STSPAI,TGSSGSIASNY,ENYQRPS,QSYDNNNLWV
GYTFISY,DPKSGN,SGSSSNIGSNT,STNQRPS,AAWDDSLKRLVV
GFTFKTY,SGSGAS,RASQSVSSY,DASNRAT,QQRSNWPPYS
GFNFSYS,YSSYGY,RASQSVSSA,SASSLYS,QQYYYPLFT
GFNISSS,SPSYGY,RASQSVSSA,SASSLYS,QQSYYYPIT
GFNFSYS,YSSYGY,RASQSVSSA,SASSLYS,QQYYYPLFT
GFNISSS,SPSYGY,RASQSVSSA,SASSLYS,QQSYYYPIT
GFNFSYS,YSSYGY,RASQSVSSA,SASSLYS,QQYYYPLFT
GFNISSS,SPSYGY,RASQSVSSA,SASSLYS,QQSYYYPIT
GFNISSS,SPSYGY,RASQSVSSA,SASSLYS,QQSYYYPIT
GFAFSSF,SSGSGT,RSSKSLLHSNGNTY,RMSNLAS,MQHLEYPLT
,,,,
,,,,
GDSMNNF,YYSGT,SGSSSNIGSNY,KSDKRPS,AAWDNRLSGWL
GDSMNNF,YYSGT,SGSSSNIGSNY,KSDKRPS,AAWDNRLSGWL
GDSMNNF,YYSGT,SGSSSNIGSNY,KSDKRPS,AAWDNRLSGWL
GFTFSSY,NQDGGE,TRSSGSIASNY,EDNQRPS,QSYDGSNHNVV
GFTFSSY,NQDGGE,TRSSGSIASNY,EDNQRPS,QSYDGSNHNVV
GFTFSSY,NQDGGE,TRSSGSIASNY,EDNQRPS,QSYDGSNHNVV
GFTFSSY,NQDGGE,TRSSGSIASNY,EDNQRPS,QSYDGSNHNVV
GFTFSSY,NQDGGE,TRSSGSIASNY,EDNQRPS,QSYDGSNHNVV
GFTFSSY,NQDGGE,TRSSGSIASNY,EDNQRPS,QSYDGSNHNVV
GFTFSSY,NQDGGE,TRSSGSIASNY,EDNQRPS,QSYDGSNHNVV
GFTFSSY,NQDGGE,TRSSGSIASNY,EDNQRPS,QSYDGSNHNVV
GFTFSSY,NQDGGE,TRSSGSIASNY,EDNQRPS,QSYDGSNHNVV
GFTFSSY,NQDGGE,TRSSGSIASNY,EDNQRPS,QSYDGSNHNVV
GDTFINY,IPILDI,RASQSINNRH,GAASRAT,QQYGSSPPT
GDTFINY,IPILDI,RASQSINNRH,GAASRAT,QQYGSSPPT
GDTFINY,IPILDI,RASQSINNRH,GAASRAT,QQYGSSPPT
GDTFINY,IPILDI,RASQSINNRH,GAASRAT,QQYGSSPPT
GDTFINY,IPILDI,RASQSINNRH,GAASRAT,QQYGSSPPT
GDTFINY,IPILDI,RASQSINNRH,GAASRAT,QQYGSSPPT
GFTFSSY,SGSGGS,TRSSGSIASNY,EDNQRPS,QSYDSSNHVV
GFTFSSI,SFDGSI,TGSSSNIGAGYD,GNSNRPS,QSYDSSLSGWV
GFAFSSF,SSGSGT,RSSKSLLHSNGNTY,RMSNLAS,MQHLEYPLT
GFTFDDY,TWNSGT,GGNNIGSKS,DDSDRPS,QVWDSRSDRVV
GFTFDDY,TWNSGT,GGNNIGSKS,DDSDRPS,QVWDSRSDRVV
GFTFDDY,TWNSGT,GGNNIGSKS,DDSDRPS,QVWDSRSDRVV
GFTFDDY,TWNSGT,GGNNIGSKS,DDSDRPS,QVWDSRSDRVV
GFTFDDY,TWNSGT,GGNNIGSKS,DDSDRPS,QVWDSRSDRVV
GFTFDDY,TWNSGT,GGNNIGSKS,DDSDRPS,QVWDSRSDRVV
GFTFDDY,TWNSGT,GGNNIGSKS,DDSDRPS,QVWDSRSDRVV
GFTFDDY,TWNSGT,GGNNIGSKS,DDSDRPS,QVWDSRSDRVV
GHSFTSN,NTDTGT,RARASLGISTD,GASTRAT,QQYSNWPLT
GHSFTSN,NTDTGT,RARASLGISTD,GASTRAT,QQYSNWPLT
GHSFTSN,NTDTGT,RARASLGISTD,GASTRAT,QQYSNWPLT
GYSISSGY,YHSGS,TGTSSDVGGYNY,EVSKRPS,SSYAGSNNLV
GYPFTSY,STYNGN,RASQTVSSTS,GASSRAT,QQHDTSLT
GIIVSSN,YSGGS,RASQGISSD,AASTLQS,QQLNSDLYT
GFTFSSY,GTAGD,RASQSIGSY,AASSLQS,QQSYVSPTYT
GVTFTYY,MPMFGT,TGSSSNIGAGYD,GNSNRPS,QSYDNSLSGSGV
GVTFTYY,MPMFGT,TGSSSNIGAGYD,GNSNRPS,QSYDNSLSGSGV
GVTFTYY,MPMFGT,TGSSSNIGAGYD,GNSNRPS,QSYDNSLSGSGV
GFAFSSF,SSGSGT,RSSKSLLHSNGNTY,RMSNLAS,MQHLEYPLT
GFTVSSN,YSGGS,RASQSVSSSY,GASSRAT,QQYGSLYT
GFTFNNY,SQDGGN,RASQGISSW,AVSSLQS,QQAKSFPFT
GFTFTTS,VVGSGN,RASQSVSSSY,GASSGAT,QQYGSSPYT
GFTFTTS,VVGSGN,RASQSVSSSY,GASSGAT,QQYGSSPYT
GFTFNNY,SQDGGN,RASQGISSW,AVSSLQS,QQAKSFPFT
GYTFTAY,NPNTGD,TGTNSDVGTFDL,EGSRRPS,SSYAGSVV
GYTFTAY,NPNTGD,TGTNSDVGTFDL,EGSRRPS,SSYAGSVV
GYTFTAY,NPNTGD,TGTNSDVGTFDL,EGSRRPS,SSYAGSVV
GYTFTAY,NPNTGD,TGTNSDVGTFDL,EGSRRPS,SSYAGSVV
GYTFTAY,NPNTGD,TGTNSDVGTFDL,EGSRRPS,SSYAGSVV
GYTFTAY,NPNTGD,TGTNSDVGTFDL,EGSRRPS,SSYAGSVV
GFTFSSY,SYDGSN,RASQSISSY,AASSLQS,QQSYSTPRT
GYSFSNY,DPFNGG,RASQSISSN,YASQSIS,QQTNFWPYI
GFTFSSY,SYDGSN,RASQSISSY,AASSLQS,QQSYSTPRT
GYSFSNY,DPFNGG,RASQSISSN,YASQSIS,QQTNFWPYI
GYSFSNY,DPFNGG,RASQSISSN,YASQSIS,QQTNFWPYI
GFTFSSY,SYDGSN,RASQSISSY,AASSLQS,QQSYSTPRT
GDTFIRY,ITILDV,RASESVSSD,GASTRAT,QQYNNWPPRYT
GYTFTSY,SVYNGN,RASQSVSSTY,GASSRAT,QQYGSSPRT
GYTFTSY,SVYNGN,RASQSVSSTY,GASSRAT,QQYGSSPRT
GYTFISY,NPFRNN,RASQSVSSSY,GASSRAT,QQYGSSPWT
GFTFSSY,SDSSSN,RASQSVSSS,SASTRAT,HQYNNWPLT
GGSITNY,YYSGG,RASQSIKSF,DASNRPT,QQRNNWPFT
,,,,
,,,,
GGSISSSN,QHGGG,QGDSLRGYS,GKNNRPS,NSRDTNGYRPVL
GFTFSSY,SGSGGS,TRSSGSLANYY,ANNQRPS,QTYDPYSVV
GFTFSSY,SGSGGS,TRSSGSLANYY,ANNQRPS,QTYDPYSVV
GFTFSSY,SGSGGS,TRSSGSLANYY,ANNQRPS,QTYDPYSVV
GFTFSSY,SGSGGS,TRSSGSLANYY,ANNQRPS,QTYDPYSVV
GFTFSSY,GTAGD,RASQSIGSY,AASSLQS,QQSYVSPTYT
GYPFTSY,STYNGN,RASQTVSSTS,GASSRAT,QQHDTSLT
GFTFSSY,GTAGD,RASQSIGSY,AASSLQS,QQSYVSPTYT
GYPFTSY,STYNGN,RASQTVSSTS,GASSRAT,QQHDTSLT
GYSFTGY,NPSTGG,RASESVEYYGTSL,AASNVES,QQSRKVPWT
GYSFTGY,NPSTGG,RASESVEYYGTSL,AASNVES,QQSRKVPWT
GYSFTGY,NPSTGG,RASESVEYYGTSL,AASNVES,QQSRKVPWT
GFTFGDY,RSKANGGR,RASQSVSSTY,GASSRAT,QQYGSSPWT
GFTFGDY,RSKANGGR,RASQSVSSTY,GASSRAT,QQYGSSPWT
GFTFGDY,RSKANGGR,RASQSVSSTY,GASSRAT,QQYGSSPWT
GFTFGDY,RSKANGGR,RASQSVSSTY,GASSRAT,QQYGSSPWT
GDTFIRY,ITILDV,RASESVSSD,GASTRAT,QQYNNWPPRYT
GYEFIDC,KPRWGA,RTSQYGS,SGSTRAA,QQYEF
GYEFIDC,KPRWGA,RTSQYGS,SGSTRAA,QQYEF
GYEFIDC,KPRWGA,RTSQYGS,SGSTRAA,QQYEF
GYTFTNY,HPSSGG,RASQGINNY,AASTLQS,QKYNSAPFT
GYTFTNY,HPSSGG,RASQGINNY,AASTLQS,QKYNSAPFT
GFTFSPY,NSDSTY,RSSQSLLHTNGYNY,LASNRAS,MQALQIPRT
GFTFSPY,NSDSTY,RSSQSLLHTNGYNY,LASNRAS,MQALQIPRT
GFTFSSY,SSQSYH,TGTSTDVGDYAY,YVSKKPD,SLRSPGPYPL
GFTFSSY,SSQSYH,TGTSTDVGDYAY,YVSKKPD,SLRSPGPYPL
GFTFTDVS,VVGTGN,RASQSVRISY,GSSSRAT,QQYANSPWT
GFTFTDVS,VVGTGN,RASQSVRISY,GSSSRAT,QQYANSPWT
GFTFTDVS,VVGTGN,RASQSVRISY,GSSSRAT,QQYANSPWT
GGSFSTY,IPLLGL,RASQNVRNSN,GASSRAS,QQYGGSFGT
,,,,
,,,,
GYTFTNY,NPDTDS,RASQSVSSY,DASNRAT,QQRSNWPLT
GFTFSTY,SYDGSN,QASQDISNY,DASNLET,QQYDNLPLT
GGSISSGSY,YNSGS,SGSSSNIGNNA,YDDLLPS,AAWDDSLNVVV
GGSISSGSY,YNSGS,SGSSSNIGNNA,YDDLLPS,AAWDDSLNVVV
GFTFSTY,SYDGSN,QASQDISNY,DASNLET,QQYDNLPLT
GYAFTNY,NPGSGD,HASQDISSY,HGTNLES,VHYAQFPYT
GFTFRHH,SGSGTK,RASQGISSR,AASSLQS,QQYHSYPWT
GFTFRHH,SGSGTK,RASQGISSR,AASSLQS,QQYHSYPWT
GVTVSSN,YPGGS,RASQGISSY,AASTLQS,QQLNSYRYT
GFTFSSY,SYDGSN,SADALAKQY,KDSERPS,QSTDNSGTYPNWV
GFTFSSY,SYDGSN,SADALAKQY,KDSERPS,QSTDNSGTYPNWV
GFTFSSY,SYDGSN,SADALAKQY,KDSERPS,QSTDNSGTYPNWV
GFSFSEY,SSSGTY,GGNNIGSES,DDAVRPS,QVWDSSTVAS
GFSFSEY,SSSGTY,GGNNIGSES,DDAVRPS,QVWDSSTVAS
GFTFSNY,SGNGGSG,TGSSSNIGAGYD,GNSNRPS,QSYDSSVVV
GGTF,IPILGT,TGTSSDVGGYNY,EVNKRPS,SSYAGSNNLV
GYTFTSY,NSSGGS,QASQDISNY,DASNLET,QQYDNPPLT
GGTF,IPILGT,TGTSSDVGGYNY,EVNKRPS,SSYAGSNNLV
GGTF,IPILGT,TGTSSDVGGYNY,EVNKRPS,SSYAGSNNLV
GYTFTSY,NSSGGS,QASQDISNY,DASNLET,QQYDNPPLT
GYTFTSY,NSSGGS,QASQDISNY,DASNLET,QQYDNPPLT
GFTFNSY,RYDGGN,QASQDIRFY,DASNMET,QQYDNLPFT
GFTFNSY,RYDGGN,QASQDIRFY,DASNMET,QQYDNLPFT
GYPFTSY,STYNGN,RASQTVSSTS,GASSRAT,QQHDTSLT
GFTFNSY,RYDGGN,QASQDIRFY,DASNMET,QQYDNLPFT
GYPFTSY,STYNGN,RASQTVSSTS,GASSRAT,QQHDTSLT
GYPFTSY,STYNGN,RASQTVSSTS,GASSRAT,QQHDTSLT
GGIFNTY,ILMSGM,TGSNSNIGAGYD,GNSNRPS,QSYDSSLSGPNWV
GGIFNTY,ILMSGM,TGSNSNIGAGYD,GNSNRPS,QSYDSSLSGPNWV
GGIFNTY,ILMSGM,TGSNSNIGAGYD,GNSNRPS,QSYDSSLSGPNWV
GFTFSSY,SYDGNN,RASQSVGSSY,GAFSRAT,QQYGSSPWT
GFTFSSY,SYDGNN,RASQSVGSSY,GAFSRAT,QQYGSSPWT
GFTFSRY,WPSGGN,RASQSIGSY,AASSLQS,QQSYSTPS
GFTFSRY,WPSGGN,RASQSIGSY,AASSLQS,QQSYSTPS
GYSFTDY,NPNTGG,HASQGISSN,HGTNLED,VQYVQFPYT
GYSFTDY,NPNTGG,HASQGISSN,HGTNLED,VQYVQFPYT
GFTFNNY,SYDGSN,TGTSSDVGGYNY,DVSNRPS,SSYTSSTTNV
GFTFNNY,SYDGSN,TGTSSDVGGYNY,DVSNRPS,SSYTSSTTNV
GFTFNNY,SYDGSN,TGTSSDVGGYNY,DVSNRPS,SSYTSSTTNV
GFTFNNY,SYDGSN,TGTSSDVGGYNY,DVSNRPS,SSYTSSTTNV
GFTFSSY,SLTSGF,SGDNLGDKY,DDIDRPS,GSYDFFLGMIV
GFTFSSY,SLTSGF,SGDNLGDKY,DDIDRPS,GSYDFFLGMIV
GFSFSNY,KQDGSE,RASENIINY,DASNRAT,QQRIIWPPYT
GFSFSNY,KQDGSE,RASENIINY,DASNRAT,QQRIIWPPYT
GFSFSNY,KQDGSE,RASENIINY,DASNRAT,QQRIIWPPYT
GYTFASY,NPKTGN,RASQGFGNY,AATTLQS,QKYNSAPFT
GYTFASY,NPKTGN,RASQGFGNY,AATTLQS,QKYNSAPFT
GFTFSSY,SGSGEI,RASQSVYTY,GASSRAT,QQYYDRPPLT
GFTFSSY,SGSGEI,RASQSVYTY,GASSRAT,QQYYDRPPLT
GFTFSTY,TGEGDS,RASQSISTF,DASTRAT,QQRYNWPPYT
GFTFSTY,TGEGDS,RASQSISTF,DASTRAT,QQRYNWPPYT
GYNIRDY,NPKTGQ,QANGYLN,DGSKLER,QVYEF
RFDFNRF,SYDGGD,RASQSVGSN,GASTRAA,YHYNNWPRGS
GYNIRDY,NPKTGQ,QANGYLN,DGSKLER,QVYEF
GYNIRDY,NPKTGQ,QANGYLN,DGSKLER,QVYEF
RFDFNRF,SYDGGD,RASQSVGSN,GASTRAA,YHYNNWPRGS
RFDFNRF,SYDGGD,RASQSVGSN,GASTRAA,YHYNNWPRGS
GFTFDDY,SWNSDS,RASQSISSY,GASSLQS,QQSYSTPPYT
GFTFDDY,SWNSDS,RASQSISSY,GASSLQS,QQSYSTPPYT
GFTFDDY,SWNSDS,RASQSISSY,GASSLQS,QQSYSTPPYT
GYRFSNY,SAYNGN,RSSQSLVHSDTNTY,KVSNRDS,MQGSHWAPT
GYRFSNY,SAYNGN,RSSQSLVHSDTNTY,KVSNRDS,MQGSHWAPT
GYRFSNY,SAYNGN,RSSQSLVHSDTNTY,KVSNRDS,MQGSHWAPT
,,,,
,,,,
,,,,
,,,,
GDTFIRY,ITILDV,RASESVSSD,GASTRAT,QQYNNWPPRYT
GDTFIRY,ITILDV,RASESVSSD,GASTRAT,QQYNNWPPRYT
GDTFIRY,ITILDV,RASESVSSD,GASTRAT,QQYNNWPPRYT
GSSFGESTLSYY,NAGGGD,QASQDIRKF,DASNLQR,QQYDGLPFT
GSSFGESTLSYY,NAGGGD,QASQDIRKF,DASNLQR,QQYDGLPFT
GSSFGESTLSYY,NAGGGD,QASQDIRKF,DASNLQR,QQYDGLPFT
GSSFGESTLSYY,NAGGGD,QASQDIRKF,DASNLQR,QQYDGLPFT
GDSIGGS,YYTGI,RASQTISIF,AASRLQS,QQSYSAPWT
GDSIGGS,YYTGI,RASQTISIF,AASRLQS,QQSYSAPWT
GDSIGGS,YYTGI,RASQTISIF,AASRLQS,QQSYSAPWT
GDSIGGS,YYTGI,RASQTISIF,AASRLQS,QQSYSAPWT
GSSFGESTLSYY,NAGGGD,QASQDIRKF,DASNLQR,QQYDGLPFT
GSSFGESTLSYY,NAGGGD,QASQDIRKF,DASNLQR,QQYDGLPFT
GSSFGESTLSYY,NAGGGD,QASQDIRKF,DASNLQR,QQYDGLPFT
GSSFGESTLSYY,NAGGGD,QASQDIRKF,DASNLQR,QQYDGLPFT
GYTFTGY,NPDTGG,RSSHSLLHLNGYNY,LGSNRAS,MQALRTPPGLT
GYTFTGY,NPDTGG,RSSHSLLHLNGYNY,LGSNRAS,MQALRTPPGLT
GYTFTGY,NPDTGG,RSSHSLLHLNGYNY,LGSNRAS,MQALRTPPGLT
GYTFTSY,NPTSGG,KASQNVDTD,SASSRYS,QQYNNYPLT
GYTFTSY,NPTSGG,KASQNVDTD,SASSRYS,QQYNNYPLT
GYTFTSY,NPTSGG,KASQNVDTD,SASSRYS,QQYNNYPLT
GYTFTSY,NPTSGG,KASQNVDTD,SASSRYS,QQYNNYPLT
GYSFTSY,YPGDSD,TGSSSNIGAGYD,GNSNRPS,QSYDSSLSALYV
GYSFTSY,YPGDSD,TGSSSNIGAGYD,GNSNRPS,QSYDSSLSALYV
GFTFSSY,YYDGSN,RASQGIRND,AASSLES,LQHNSNPLT
GFTLINY,SSSSSY,KSSQSVLYSSNNKSY,WASTRES,QQYYSAPLT
GFTLINY,SSSSSY,KSSQSVLYSSNNKSY,WASTRES,QQYYSAPLT
GFTLINY,SSSSSY,KSSQSVLYSSNNKSY,WASTRES,QQYYSAPLT
GFTLINY,SSSSSY,KSSQSVLYSSNNKSY,WASTRES,QQYYSAPLT
GYTFNNY,SAYNGN,RSSQSLVLSDGNTY,RISHRDS,MQGTHWPRT
ADSFTNH,YPGDSD,RASQSIATF,DASKLQT,QQSYDLPLT
GYTFNNY,SAYNGN,RSSQSLVLSDGNTY,RISHRDS,MQGTHWPRT
GYTFNNY,SAYNGN,RSSQSLVLSDGNTY,RISHRDS,MQGTHWPRT
ADSFTNH,YPGDSD,RASQSIATF,DASKLQT,QQSYDLPLT
ADSFTNH,YPGDSD,RASQSIATF,DASKLQT,QQSYDLPLT
GFTFDES,SWNSGR,GGNNIGSKS,YDSDRPS,QVWDSSSDRAV
GFTFSSY,VGSGGS,RASQGIGNW,AASSLQS,QQANSFPP
GGTVRSRVH,IPIFGT,RASQDISNW,DSSTLQS,QQFNSYPLT
GGTVRSRVH,IPIFGT,RASQDISNW,DSSTLQS,QQFNSYPLT
GFAFTTY,SDGGGS,RSSQSLLHSNGYNY,LGSNRAS,MQALQTPGT
GFAFTTY,SDGGGS,RSSQSLLHSNGYNY,LGSNRAS,MQALQTPGT
GFAFTTY,SDGGGS,RSSQSLLHSNGYNY,LGSNRAS,MQALQTPGT
,,,,
,,,,
,,,,
GFTFSSY,SGWDVS,SGDKLGDKY,HDSKRPS,QAWDSSTYV
GFTFSSY,SGWDVS,SGDKLGDKY,HDSKRPS,QAWDSSTYV
GFNIKET,DPADVY,RASQDISNY,YTSTLHS,QQGYTLPWT
GFNIKET,DPADVY,RASQDISNY,YTSTLHS,QQGYTLPWT
GFNVKTG,SPYYGS,RASQSVSSA,SASSLYS,QQYSSYSSLFT
GFNVKTG,SPYYGS,RASQSVSSA,SASSLYS,QQYSSYSSLFT
GYTLTEL,DREDGE,SGSSSNIGRNP,SNDQRPS,EAWDDSLNGVV
GYTLTEL,DREDGE,SGSSSNIGRNP,SNDQRPS,EAWDDSLNGVV
GYTLTEL,DREDGE,SGSSSNIGRNP,SNDQRPS,EAWDDSLNGVV
GYTLTEL,DREDGE,SGSSSNIGRNP,SNDQRPS,EAWDDSLNGVV
GYTLTEL,DREDGE,SGSSSNIGRNP,SNDQRPS,EAWDDSLNGVV
GYTLTEL,DREDGE,SGSSSNIGRNP,SNDQRPS,EAWDDSLNGVV
GYSFSSY,NPRDSD,RASQSVDSSS,AGSSRAT,QQCGNSPWT
GYSFSSY,NPRDSD,RASQSVDSSS,AGSSRAT,QQCGNSPWT
GGTFSSY,IPILGI,SGDALPKQY,KDSERPS,QSADSSGTYVV
GGTFSSY,IPILDR,RASQSVSSY,DASNRAT,QQPLT
GGTFSSY,IPILDR,RASQSVSSY,DASNRAT,QQPLT
GGTFSSY,IPILDR,RASQSVSSY,DASNRAT,QQPLT
GYTFTSY,NPTSGY,RASESVDNYGISF,GSSNQGS,QQSKEVPYT
GYTFTSY,NPTSGY,RASESVDNYGISF,GSSNQGS,QQSKEVPYT
GYTFTSY,NPTSGY,RASESVDNYGISF,GSSNQGS,QQSKEVPYT
GFTFSYY,GSSGGV,SGSLSNIGLNY,RNNQRPS,AAWDDSPPGEA
GFTFSYY,GSSGGV,SGSLSNIGLNY,RNNQRPS,AAWDDSPPGEA
GFTFSYY,GSSGGV,SGSLSNIGLNY,RNNQRPS,AAWDDSPPGEA
GFTFSYY,GSSGGV,SGSLSNIGLNY,RNNQRPS,AAWDDSPPGEA
GYTFSSN,IPIVDI,RASQSLGSSY,GASSRAP,QQYADSPIT
GYTFSSN,IPIVDI,RASQSLGSSY,GASSRAP,QQYADSPIT
GYTFSSN,IPIVDI,RASQSLGSSY,GASSRAP,QQYADSPIT
GYTFSSN,IPIVDI,RASQSLGSSY,GASSRAP,QQYADSPIT
GGTFSSY,IPLFGT,RASQSISSSY,GASTRAT,QQYGSSPYT
GGTFSSY,IPLFGT,RASQSISSSY,GASTRAT,QQYGSSPYT
GFTFSSH,NSDGSS,TGISSDVETYNL,EASKRPS,CSYAGGKSLV
GFTFSSH,NSDGSS,TGISSDVETYNL,EASKRPS,CSYAGGKSLV
GFTFDDY,SWNSGS,KSSQSVLYSSNNKNY,WASTRES,QQYYTTPST
GFTFDDY,SWNSGS,KSSQSVLYSSNNKNY,WASTRES,QQYYTTPST
GFTFDDY,SWNSGS,KSSQSVLYSSNNKNY,WASTRES,QQYYTTPST
GFTFDDY,SWNSGS,KSSQSVLYSSNNKNY,WASTRES,QQYYTTPST
GYTFLNC,KPRGGA,RTSQYGS,GGSSRAT,QQYEF
GFTFSNY,WYDGSR,TGGSSNIGAGYD,GNINRPS,QSYDRRLSGSWV
GFTFSNY,WYDGSR,TGGSSNIGAGYD,GNINRPS,QSYDRRLSGSWV
GFTFSNY,WYDGSR,TGGSSNIGAGYD,GNINRPS,QSYDRRLSGSWV
GFTFSNY,WYDGSR,TGGSSNIGAGYD,GNINRPS,QSYDRRLSGSWV
GFTFSNY,WYDGSR,TGGSSNIGAGYD,GNINRPS,QSYDRRLSGSWV
GFTFSNY,WYDGSR,TGGSSNIGAGYD,GNINRPS,QSYDRRLSGSWV
GFTFSNY,WYDGSR,TGGSSNIGAGYD,GNINRPS,QSYDRRLSGSWV
GFTFSNY,WYDGSR,TGGSSNIGAGYD,GNINRPS,QSYDRRLSGSWV
GFTFSNY,WYDGSR,TGGSSNIGAGYD,GNINRPS,QSYDRRLSGSWV
GFTFSNY,NQDGSE,RASQSVSSSY,GASSRAT,QQYGSSPCT
GYTFTSY,NPSGGG,KSSQSVLYSSNNKNY,WASTRES,HQYSTTPLT
GFTFSRF,SGSGGS,SGTYSNIGSNP,ANDQRPS,STWDDSLPGPL
GFTFSRF,SGSGGS,SGTYSNIGSNP,ANDQRPS,STWDDSLPGPL
GYTFTSY,NPSGGG,KSSQSVLYSSNNKNY,WASTRES,HQYSTTPLT
GFAFSSF,SSGSGT,RSSKSLLHSNGNTY,RMSNLAS,MQHLEYPLT
GGSISSY,SYSGS,KSSQSVLYSSNNKNY,WASTRES,QQYYSTPLT
GGSISSY,SYSGS,KSSQSVLYSSNNKNY,WASTRES,QQYYSTPLT
GGSISSY,SYSGS,KSSQSVLYSSNNKNY,WASTRES,QQYYSTPLT
GFAFSSY,SGGGRY,RASQSISNF,YASQSIS,QQSNSWPHT
,,,,
,,,,
,,,,
,,,,
,,,,
,,,,
,,,,
,,,,
DGTFRAY,MPTVGI,RSTQSLVYSDGNTY,KVSNRDS,MQGAHWPPT
GGTLSSY,IPILGT,RASQGISNY,AASTLQS,QQHDNLPLT
DGTFRAY,MPTVGI,RSTQSLVYSDGNTY,KVSNRDS,MQGAHWPPT
GGTLSSY,IPILGT,RASQGISNY,AASTLQS,QQHDNLPLT
GFPFNRD,NMDGDK,KSSQSVLYRPNNRNY,WASFRES,QQYFFLYS
GFPFNRD,NMDGDK,KSSQSVLYRPNNRNY,WASFRES,QQYFFLYS
GYTFTGY,NPISSG,RASQSVSSSY,GASSRAT,QQYGSSAWT
GYTFTGY,NPISSG,RASQSVSSSY,GASSRAT,QQYGSSAWT
GYTFTGY,NPISSG,RASQSVSSSY,GASSRAT,QQYGSSAWT
GGTFSSY,IPIFGT,RASQSVSDAY,DASSRAT,HQYIQLHSFT
DGSISSSDY,YYTGS,TGTSIDVGNYNL,EGSRRPS,CSYVGSSTYV
DGSISSSDY,YYTGS,TGTSIDVGNYNL,EGSRRPS,CSYVGSSTYV
GYKFTGF,NPYNDD,RSSQRLVHSNGNTY,RVSNRFP,SQSTHVPYT
,,,,
,,,,
AFTFSSY,SYDGSN,RASQSISSY,AASSLQS,QQSYSTLALT
GLTVSSN,YSGGS,RASQSVPSSY,GASTRAT,QHYDTSPR
GTLVRDN,HDSGD,GEESLGSRS,NNNDRPS,HIWDSRRPTNWV
GYRFNFY,SPYSGD,TGPNSVCCSHKS,EDNERAP,CSYTHNSGCV
GYTFTDY,NPNSGR,TGTSYDVGTYNL,EVSKRPS,CSYAGSATVI
GYTFTDY,NPNSGR,TGTSYDVGTYNL,EVSKRPS,CSYAGSATVI
GYTFTDY,NPNSGR,TGTSYDVGTYNL,EVSKRPS,CSYAGSATVI
GGTFNSY,IPLFGF,SGDNIPYEY,GDNNRPS,ASWDSMTVDGV
GFTFSSY,KQDASE,RASQGISNS,AASTLES,QQFYSTPRT
GFTFSSY,KQDASE,RASQGISNS,AASTLES,QQFYSTPRT
GFTFSSY,KQDASE,RASQGISNS,AASTLES,QQFYSTPRT
GFTFSSY,KQDASE,RASQGISNS,AASTLES,QQFYSTPRT
GGTFNRY,LPILET,TGTGIDVGGFSY,EVTKRPS,SSYAVNNNFV
GGTFNRY,LPILET,TGTGIDVGGFSY,EVTKRPS,SSYAVNNNFV
GGTFNRY,LPILET,TGTGIDVGGFSY,EVTKRPS,SSYAVNNNFV
GGTFNRY,LPILET,TGTGIDVGGFSY,EVTKRPS,SSYAVNNNFV
GYTLPEV,DPEDGE,SGSSSNIGNNY,DNNKRPS,GTWDSSLSAVV
GYSFSNY,DPFNGG,RASQSISSN,YASQSIS,QQTNFWPYI
GYTLPEV,DPEDGE,SGSSSNIGNNY,DNNKRPS,GTWDSSLSAVV
GYTLPEV,DPEDGE,SGSSSNIGNNY,DNNKRPS,GTWDSSLSAVV
GYSFSNY,DPFNGG,RASQSISSN,YASQSIS,QQTNFWPYI
GYSFSNY,DPFNGG,RASQSISSN,YASQSIS,QQTNFWPYI
GYSISSNY,YHSGS,GGNNIGTKV,DDSDRPS,QVWDISTDQAV
GFNIKEY,DPEQGN,RASRDIKSY,YATSLAE,LQHGESPWT
GFAFTTY,SDGGGS,RSSQSLLHSNGYLY,LGSNRAS,MQALQTPGT
GIIVSSN,YSGGS,RASQGISSD,AASTLQS,QQLNSDLYT
EFTFSSY,SSSGSQ,SGDKLGDKY,QDSKRPS,QAWDSNTGV
GIIVSSN,YSGGS,RASQGISSD,AASTLQS,QQLNSDLYT
GFAFTTY,SDGGGS,RSSQSLLHSNGYLY,LGSNRAS,MQALQTPGT
GIIVSSN,YSGGS,RASQGISSD,AASTLQS,QQLNSDLYT
GFAFTTY,SDGGGS,RSSQSLLHSNGYLY,LGSNRAS,MQALQTPGT
EFTFSSY,SSSGSQ,SGDKLGDKY,QDSKRPS,QAWDSNTGV
EFTFSSY,SSSGSQ,SGDKLGDKY,QDSKRPS,QAWDSNTGV
GHNSPSY,DPSDSY,RASQSVSST,GASTRAT,QQYNNWSTWT
GFTFSNY,SYEESN,KSSQSVLYSSNNKNY,WASTRES,QQYFGSPSIT
GGTFSSY,IPTFGT,SGSNSNIGSNT,SNNQRPS,AAWDDSLNGVV
GGTFSSY,IPTFGT,SGSNSNIGSNT,SNNQRPS,AAWDDSLNGVV
GFTLINY,SSSSSY,KSSQSVLYSSNNKSY,WASTRES,QQYYSAPLT
GFTLINY,SSSSSY,KSSQSVLYSSNNKSY,WASTRES,QQYYSAPLT
GFTLINY,SSSSSY,KSSQSVLYSSNNKSY,WASTRES,QQYYSAPLT
GFTLINY,SSSSSY,KSSQSVLYSSNNKSY,WASTRES,QQYYSAPLT
GYTFTSS,NPVSGS,TGTSSDVGSYNY,GVSKRPS,GTFAGGSYYGV
GYTFTSS,NPVSGS,TGTSSDVGSYNY,GVSKRPS,GTFAGGSYYGV
EVTFSSF,SPMFGT,TGNSNNVGNQG,RNNDRPS,STWDSSLSAVV
EVTFSSF,SPMFGT,TGNSNNVGNQG,RNNDRPS,STWDSSLSAVV
EVTFSSF,SPMFGT,TGNSNNVGNQG,RNNDRPS,STWDSSLSAVV
EVTFSSF,SPMFGT,TGNSNNVGNQG,RNNDRPS,STWDSSLSAVV
EVTFSSF,SPMFGT,TGNSNNVGNQG,RNNDRPS,STWDSSLSAVV
EVTFSSF,SPMFGT,TGNSNNVGNQG,RNNDRPS,STWDSSLSAVV
GGTFITH,IAIFGT,QASQDIRKY,DASNVKT,QQYDNLPIT
GGTFITH,IAIFGT,QASQDIRKY,DASNVKT,QQYDNLPIT
GGTFITH,IAIFGT,QASQDIRKY,DASNVKT,QQYDNLPIT
GGTFITH,IAIFGT,QASQDIRKY,DASNVKT,QQYDNLPIT
GGTFITH,IAIFGT,QASQDIRKY,DASNVKT,QQYDNLPIT
GGTFITH,IAIFGT,QASQDIRKY,DASNVKT,QQYDNLPIT
GGTFITH,IAIFGT,QASQDIRKY,DASNVKT,QQYDNLPIT
GGTFITH,IAIFGT,QASQDIRKY,DASNVKT,QQYDNLPIT
GFTLEDY,DWNSEN,RASQSVSSSY,GASSRAT,QQYGSSPFT
GYSFSRY,SGYTGN,RASQSIGKF,YASNLET,QQSNNVPHT
GYSFSRY,SGYTGN,RASQSIGKF,YASNLET,QQSNNVPHT
GYSFSRY,SGYTGN,RASQSIGKF,YASNLET,QQSNNVPHT
GYSFSRY,SGYTGN,RASQSIGKF,YASNLET,QQSNNVPHT
GYSFSRY,SGYTGN,RASQSIGKF,YASNLET,QQSNNVPHT
GYSFSRY,SGYTGN,RASQSIGKF,YASNLET,QQSNNVPHT
GFTFSSY,SYDGSN,QASQDISNY,DASNLET,QQYDNLPYT
GFTFSSY,SYDGSN,QASQDISNY,DASNLET,QQYDNLPYT
GYSFTSY,YPGDSD,RASQSISSY,AASSLQS,QQSYSTPRT
GFSLSDY,SSSSGY,RASQDINSF,GASNLET,QQYDKLPT
GFSLSDY,SSSSGY,RASQDINSF,GASNLET,QQYDKLPT
GLTVSSN,YAGGS,RASQGISSY,AASTLQS,QQLNSDSST
GLTVSSN,YAGGS,RASQGISSY,AASTLQS,QQLNSDSST
GLTVSSN,YAGGS,RASQGISSY,AASTLQS,QQLNSDSST
,,,,
GYTFTEY,NPDYDI,RASQSVSTSSYSY,YASNLES,QHSWGIPRT
GYTFTEY,NPDYDI,RASQSVSTSSYSY,YASNLES,QHSWGIPRT
GYTFTEY,NPDYDI,RASQSVSTSSYSY,YASNLES,QHSWGIPRT
GYTFTEY,NPDYDI,RASQSVSTSSYSY,YASNLES,QHSWGIPRT
GYTFTEY,NPDYDI,RASQSVSTSSYSY,YASNLES,QHSWGIPRT
GYTFTEY,NPDYDI,RASQSVSTSSYSY,YASNLES,QHSWGIPRT
GYTFTEY,NPDYDI,RASQSVSTSSYSY,YASNLES,QHSWGIPRT
GYTFTEY,NPDYDI,RASQSVSTSSYSY,YASNLES,QHSWGIPRT
GFNFSSS,YPSYSY,RASQSVSSA,SASSLYS,QQYSYYYYPFT
GFNFSSS,YPSYSY,RASQSVSSA,SASSLYS,QQYSYYYYPFT
GFNFSSS,YPSYSY,RASQSVSSA,SASSLYS,QQYSYYYYPFT
GFNFSSS,YPSYSY,RASQSVSSA,SASSLYS,QQYSYYYYPFT
GFNFSSS,YPSYSY,RASQSVSSA,SASSLYS,QQYSYYYYPFT
GFNFSSS,YPSYSY,RASQSVSSA,SASSLYS,QQYSYYYYPFT
GFNFSSS,YPSYSY,RASQSVSSA,SASSLYS,QQYSYYYYPFT
GFNFSSS,YPSYSY,RASQSVSSA,SASSLYS,QQYSYYYYPFT
,,,,
GFTFSSY,WYDGTN,RASQSVSTY,DASNRAT,QCRSNWPPGIT
,,,,
GFTFSSY,WYDGTN,RASQSVSTY,DASNRAT,QCRSNWPPGIT
GYGFITY,YPGDSE,KSSQSVLYSSINKNY,WASTRES,QQYYSTPYT
GHTLIKL,EGEVDE,RASQIVSRNH,GASSRAT,LSSDSSIFT
GHTLIKL,EGEVDE,RASQIVSRNH,GASSRAT,LSSDSSIFT
GHTLIKL,EGEVDE,RASQIVSRNH,GASSRAT,LSSDSSIFT
GFTFSSY,SGSGGS,RASQSVSSSY,GASTRAT,QQRSNWPPGYT
GYEFINC,KPRYGA,RTSQYGS,SGSTRAA,QQYEF
GYTFTSY,YPGDSD,RASQSVSSY,DASNRAT,QQRSNWLWT
GYTFTSY,YPGDSD,RASQSVSSY,DASNRAT,QQRSNWLWT
GFTFSNY,TPDGGY,RASQDVSTA,SASFLYS,QQYYTTATT
GFTFSNY,TPDGGY,RASQDVSTA,SASFLYS,QQYYTTATT
GYEFQNC,KPRWGA,RTSQYGS,SGSTRAA,QQYEF
GGTFSSF,FQAPGPEREWLRDINPISGT,RASQSVSDN,GASSRAP,QQYGASPWT
GFSFSNY,SGGGSY,KSSQSLLNSANQKNY,FASTRES,QQYYSAPPWT
GFSFSNY,SGGGSY,KSSQSLLNSANQKNY,FASTRES,QQYYSAPPWT
GFSFSNY,SGGGSY,KSSQSLLNSANQKNY,FASTRES,QQYYSAPPWT
GYRFTSY,FPENDD,KSSQSLLYSNNQKNY,WTSTRES,QQYYTYPWT
GYRFTSY,FPENDD,KSSQSLLYSNNQKNY,WTSTRES,QQYYTYPWT
GYRFTSY,FPENDD,KSSQSLLYSNNQKNY,WTSTRES,QQYYTYPWT
GFAFSNH,SGSTGA,KASRSISIY,DASYRAI,QHRSSWPALT
GFAFSNH,SGSTGA,KASRSISIY,DASYRAI,QHRSSWPALT
GGSISNY,SDSES,GRQALGSRA,NNQDRPS,HMWDSRSGFSWS
GYRFNFY,SPYSGD,TGPNSVCCSHKS,EDNERAP,CSYTHNSGCV
GFTFSTY,TGEGDS,RASQSISTF,DASTRAT,QQRYNWPPYT
GFTFSSY,YRGGS,RASQSISKY,AASYLQS,QQSYSNPRT
GGSLSSGGY,YYSGS,RASQSISRW,KASSLES,QQYGSYSRT
GFDYSRY,NPVSST,SASSSVSY,DTSKLTS,QQWSSHPQT
GFDYSRY,NPVSST,SASSSVSY,DTSKLTS,QQWSSHPQT
GFTFYSS,SSSGSS,RASQSISSY,AASSLQS,QQYGVYYPFT
GFTFYSS,SSSGSS,RASQSISSY,AASSLQS,QQYGVYYPFT
GGPFSSY,IPVYGT,TGASSDVGDYNY,DVSNRPS,SSYTRSSSVV
GGPFSSY,IPVYGT,TGASSDVGDYNY,DVSNRPS,SSYTRSSSVV
GGPFSSY,IPVYGT,TGASSDVGDYNY,DVSNRPS,SSYTRSSSVV
GGPFSSY,IPVYGT,TGASSDVGDYNY,DVSNRPS,SSYTRSSSVV
GFTFSSY,SGSGGS,RASQGISNY,AASSLQS,LQHNSYPYT
GFTFSSY,SGSGGS,RASQGISNY,AASSLQS,LQHNSYPYT
GFTFSSY,SGSGGS,RASQGISNY,AASSLQS,LQHNSYPYT
GFTFSSY,SGSGGS,RASQGISNY,AASSLQS,LQHNSYPYT
GFNIKDY,DPENSN,RASENIYSN,AATNLAD,QHFWGTPPWT
GFNIKDY,DPENSN,RASENIYSN,AATNLAD,QHFWGTPPWT
GFNIKDY,DPENSN,RASENIYSN,AATNLAD,QHFWGTPPWT
GFNIKDY,DPENSN,RASENIYSN,AATNLAD,QHFWGTPPWT
GFNIKDY,DPENSN,RASENIYSN,AATNLAD,QHFWGTPPWT
GFNIKDY,DPENSN,RASENIYSN,AATNLAD,QHFWGTPPWT
GGTFNNN,IPMFGT,QGDSLRSYY,GKNNRPS,SSRDSSGNHWV
GYEFTSY,SPNSGS,RASQSISNN,YTSRSVS,GQNNEWPEV
GYEFTSY,SPNSGS,RASQSISNN,YTSRSVS,GQNNEWPEV
RFSLIGY,SSAAT,QSIKSVYNNR,ETSILTS,AGGFDRSGDTT
RFSLIGY,SSAAT,QSIKSVYNNR,ETSILTS,AGGFDRSGDTT
RFSLIGY,SSAAT,QSIKSVYNNR,ETSILTS,AGGFDRSGDTT
RFSLIGY,SSAAT,QSIKSVYNNR,ETSILTS,AGGFDRSGDTT
GGTFDNY,VPLFGT,RASQSVSSN,GASTRAT,QQYYRSPLT
GGTFDNY,VPLFGT,RASQSVSSN,GASTRAT,QQYYRSPLT
GFTFDDY,NWNGGS,RASQGISNY,AASTLQS,QKYNSAPRT
GFTFDDY,NWNGGS,RASQGISNY,AASTLQS,QKYNSAPRT
GFTFDDY,NWNGGS,RASQGISNY,AASTLQS,QKYNSAPRT
GFNLSSS,YSYYGS,RASQSVSSA,SASSLYS,QQASLTALLT
GFNLSSS,YSYYGS,RASQSVSSA,SASSLYS,QQASLTALLT
GFTFSSY,SYDGSS,RASQSISSY,AASSLQS,QQSYSTPGVT
GFTFSSY,SYDGSS,RASQSISSY,AASSLQS,QQSYSTPGVT
GFTFSSY,SYDGSS,RASQSISSY,AASSLQS,QQSYSTPGVT
GFSLSTSGM,YWDDD,RASQSVDYNGISY,AASNPES,QQIIEDPWT
GFSLSTSGM,YWDDD,RASQSVDYNGISY,AASNPES,QQIIEDPWT
GYTFTGY,NPNSGG,RASQGISSW,AASSLQS,QQATDFPPT
GYTFTGY,NPNSGG,RASQGISSW,AASSLQS,QQATDFPPT
GYTFTGY,NPNSGG,RASQGISSW,AASSLQS,QQATDFPPT
GYTFTGY,NPNSGG,RASQGISSW,AASSLQS,QQATDFPPT
GFTFSIY,SYDGSN,RASQSISSY,AASSLQS,QQSYSTPRT
GFTFSIY,SYDGSN,RASQSISSY,AASSLQS,QQSYSTPRT
GFTFSIY,SYDGSN,RASQSISSY,AASSLQS,QQSYSTPRT
GGTFSSY,IPIFGT,RASQSVSSSY,GASSRAT,QQYGSSPST
GGTFSSY,IPIFGT,RASQSVSSSY,GASSRAT,QQYGSSPST
GYNFTNF,SGYNGD,TGTSSDLGAYHF,GVRKRPS,SSYAGNNDFV
GFTFSSY,WYDGSN,RASQSINSY,AASSLQS,QQYYSTPFT
GFTFSTF,SRTSKT,RASQSISSY,SASVLQS,QQSVMIPMT
GYKFTGF,NPYNDD,RSSQRLVHSNGNTY,RVSNRFP,SQSTHVPYT
GFTFSSY,YYDGSN,RASQGIRND,AASSLES,LQHNSNPLT
GFTFSSY,YYDGSN,RASQGIRND,AASSLES,LQHNSNPLT
GFMFERY,SSLSGSH,TGTSSDVGAYNY,EVKIRPS,SSYSTNSPWV
GFMFERY,SSLSGSH,TGTSSDVGAYNY,EVKIRPS,SSYSTNSPWV
GFMFERY,SSLSGSH,TGTSSDVGAYNY,EVKIRPS,SSYSTNSPWV
GFTIKDM,WPREGF,RASQDVSWG,STASLYS,QQYSNFPIT
GFTFDDY,SWNSDS,RASQSISSY,GASSLQS,QQSYSTPPYT
GFTFDDY,SWNSDS,RASQSISSY,GASSLQS,QQSYSTPPYT
GFTFDDY,SWNSDS,RASQSISSY,GASSLQS,QQSYSTPPYT
GFTFSEY,RSKAYGGT,TGSRSDVGGYDY,DVTKRPS,SSFAGSSTYVV
GFTFSEY,RSKAYGGT,TGSRSDVGGYDY,DVTKRPS,SSFAGSSTYVV
GLTVSSN,YSGGS,RASQSVPSSY,GASTRAT,QHYDTSPR
AFTFSSY,SYDGSN,RASQSISSY,AASSLQS,QQSYSTLALT
GYTFTDY,DPEDGE,QASQDISNY,DASNLET,QQGDSFPLT
GYTFTDY,DPEDGE,QASQDISNY,DASNLET,QQGDSFPLT
GYRFTSY,DPTDSY,SGNSSNIGNNA,YDDQLPS,TSWDDSLDSQL
GGTFSSY,IPILDR,RASQSVSSY,DASNRAT,QQPLT
GGTFSSY,IPILDR,RASQSVSSY,DASNRAT,QQPLT
GGTFSSY,IPILDR,RASQSVSSY,DASNRAT,QQPLT
GFTFSDA,KSNADGGA,TGSYSNIGAGYD,AYTNRPA,QSYDARLRDGEV
GFTFSDA,KSNADGGA,TGSYSNIGAGYD,AYTNRPA,QSYDARLRDGEV
GFTFSDA,KSNADGGA,TGSYSNIGAGYD,AYTNRPA,QSYDARLRDGEV
GYDFMES,NPRGGG,RTSQYGS,SGSTRAA,QQYEF
GFNVYSY,SSYYSS,RASQSVSSA,SASSLYS,QQSSSSLIT
GFNVYSY,SSYYSS,RASQSVSSA,SASSLYS,QQSSSSLIT
,,,,
,,,,
GGTFSSY,IPIFGT,RASQSVSSSY,GASSRAT,QQYGTSQST
GFTVSSN,YSGGS,RASQSISRY,AASSLQS,QQSYSTPPEYT
GFTVSSN,YSGGS,RASQSISRY,AASSLQS,QQSYSTPPEYT
GFTFTNS,TPYGGY,RASQDVSTA,SASFLYS,QQSYTTPPT
GYSFTGH,HPSDSE,RASKTISKY,SGSTLQS,QQHNEYPLT
GYSFTGH,HPSDSE,RASKTISKY,SGSTLQS,QQHNEYPLT
GGTFSSY,IPIFGT,SGSSSNIGSNY,DNNQRPS,QSRDISQYV
,,,,
,,,,
GFTFSSY,SYDGSN,SGDKLGDKY,QDSKRPS,QAWDSSTVV
GFTFSSY,SYDGSN,SGDKLGDKY,QDSKRPS,QAWDSSTVV
GYGFITY,YPGDSE,KSSQSVLYSSINKNY,WASTRES,QQYYSTPYT
GGTYSSY,IPILGI,RASQSISSY,AASSLQS,QQSYSNPWT
GGTYSSY,IPILGI,RASQSISSY,AASSLQS,QQSYSNPWT
GYSFSSY,SAYNGN,RSSQGLVYIDGNTY,NVFTRDS,MQGTHWPYT
GYSFSSY,SAYNGN,RSSQGLVYIDGNTY,NVFTRDS,MQGTHWPYT
GFSIWWS,SPSSGW,RASQSVSSA,SASSLYS,QQWWWWPST
GFNFREY,KGMWGA,KASQGGNS,DTSRRAS,QQFEF
GFNFREY,KGMWGA,KASQGGNS,DTSRRAS,QQFEF
GFNFREY,KGMWGA,KASQGGNS,DTSRRAS,QQFEF
NFRISAH,STSSTY,RASQSIETW,KASTLKT,QHYAGYSAT
NFRISAH,STSSTY,RASQSIETW,KASTLKT,QHYAGYSAT
NFRISAH,STSSTY,RASQSIETW,KASTLKT,QHYAGYSAT
NFRISAH,STSSTY,RASQSIETW,KASTLKT,QHYAGYSAT
GDTFIRY,ITILDV,RASESVSSD,GASTRAT,QQYNNWPPRYT
GYSITSGY,TYDGS,RASQSVDYDGDSY,AASYLES,QQSHEDPYT
GYSITSGY,TYDGS,RASQSVDYDGDSY,AASYLES,QQSHEDPYT
GYSITSGY,TYDGS,RASQSVDYDGDSY,AASYLES,QQSHEDPYT
GYSITSGY,TYDGS,RASQSVDYDGDSY,AASYLES,QQSHEDPYT
GGTFSSY,IPIFGS,RASQSVSSN,GASTRAT,QQYSNWPPWT
GYTFTGY,NPYNDD,RSSQRLVHSNGNTY,RVSNRFP,SQSTHVPYT
GGSISSSSY,YYSGS,RASQGIRND,AASSLQS,LQDYNYLLT
GFTFSDY,SSGRSN,KSSQSLLNLGNQKNY,WASTRES,QNDYTYPLT
GFTFSDY,SSGRSN,KSSQSLLNLGNQKNY,WASTRES,QNDYTYPLT
GFTFSDY,SSGRSN,KSSQSLLNLGNQKNY,WASTRES,QNDYTYPLT
GFTFSDY,SSGRSN,KSSQSLLNLGNQKNY,WASTRES,QNDYTYPLT
GYTFSSY,DPGSGG,RASQYVGSY,DASNRAT,QVWDSSPPVV
GGTFSSY,IPIFGT,TGTSSDVGAYDW,DVNNRPS,ASATLLDTYV
GGTFSSY,IPIFGT,TGTSSDVGAYDW,DVNNRPS,ASATLLDTYV
GYSFSTY,SAYTGI,RASHRVGSTY,GASNRAT,QQFSVSPWT
GYSFSTY,SAYTGI,RASHRVGSTY,GASNRAT,QQFSVSPWT
GYSFSTY,SAYTGI,RASHRVGSTY,GASNRAT,QQFSVSPWT
GYSFSTY,SAYTGI,RASHRVGSTY,GASNRAT,QQFSVSPWT
GYSFSTY,SAYTGI,RASHRVGSTY,GASNRAT,QQFSVSPWT
GYSFSTY,SAYTGI,RASHRVGSTY,GASNRAT,QQFSVSPWT
GYTFTSGHTFPSY,NPNRGN,SGSSSNIGNNY,RNNQRPS,ASWDDSLSGHWV
GYTFTSGHTFPSY,NPNRGN,SGSSSNIGNNY,RNNQRPS,ASWDDSLSGHWV
,,,,
,,,,
GFTFSSY,SGSGGS,TRSSGSLANYY,ANNQRPS,QTYDPYSVV
GFTFSSY,SGSGGS,TRSSGSLANYY,ANNQRPS,QTYDPYSVV
GFTVSSN,YSGGS,QASQDISNY,DASNLET,QQYDNLPVT
GFTVSSN,YSGGS,QASQDISNY,DASNLET,QQYDNLPVT
GGSSSSGAH,HYSGN,TGTSSDVGGYNY,EVNNRPS,SSYTDIHNFV
GGSSSSGAH,HYSGN,TGTSSDVGGYNY,EVNNRPS,SSYTDIHNFV
GASISSGGY,YYIGN,TGTSSDVGGYKY,EVSNRPS,SSYTSSSTWV
GGSISNY,SDSES,GRQALGSRA,NNQDRPS,HMWDSRSGFSWS
GYRFNFY,SPYSGD,TGPNSVCCSHKS,EDNERAP,CSYTHNSGCV
,,,,
,,,,
,,,,
,,,,
,,,,
,,,,
,,,,
,,,,
GGSISSGGY,YYSGS,RASQSISSY,AASSLQS,QQSYSTPPA
GGSISSRSY,YYSGF,RASQSVSSSY,GASSRAT,QQYGSSPIT
GYEFINC,KPRGGA,RTSQYGS,SGSTRAA,QQYEF
GFDLTDY,WSGGN,RASQSIGTN,YADESID,QQNNNWPTT
GFTVSNN,YSGGS,TGTSSDVGGYNY,DVSNRPS,SSYTSSSTRV
GYSITSGY,TYDGS,RASQSVDYDGDSY,AASYLES,QQSHEDPYT
GYSITSGY,TYDGS,RASQSVDYDGDSY,AASYLES,QQSHEDPYT
GYSITSGY,TYDGS,RASQSVDYDGDSY,AASYLES,QQSHEDPYT
GYSITSGY,TYDGS,RASQSVDYDGDSY,AASYLES,QQSHEDPYT
GDSISSSRY,YYSGI,RASQSISAW,KASSLES,QQYISSSPWT
AFTFSSY,SYDGSN,RASQSISSY,AASSLQS,QQSYSTLALT
GFTFSNY,TADSDS,RASQSIDVW,KTSTLQT,QKYDSYPWT
GFTFSNY,TADSDS,RASQSIDVW,KTSTLQT,QKYDSYPWT
GYTFTSY,NAGNGN,TGTSSDVGGFNY,DVTSRPS,SSHTSRGTWV
GYTFTSY,NAGNGN,TGTSSDVGGFNY,DVTSRPS,SSHTSRGTWV
GYGFITY,YPGDSE,KSSQSVLYSSINKNY,WASTRES,QQYYSTPYT
GYGFITY,YPGDSE,KSSQSVLYSSINKNY,WASTRES,QQYYSTPYT
GGSLSSVNY,YYSGS,SGSSSNIGSNT,FDYRRPS,AAWDDSLSAWV
GGSLSSVNY,YYSGS,SGSSSNIGSNT,FDYRRPS,AAWDDSLSAWV
GFNIKDT,YPTNGY,RASQDVNTA,SASFLYS,QQHYTTPPT
GGSISSSRY,YYSGS,RASQSISSW,KASSLES,QQYNNYRYT
GGSISSSRY,YYSGS,RASQSISSW,KASSLES,QQYNNYRYT
GFTFSSY,SSSSSY,SGSSSNIGSNT,SNNQRPS,AAWDDSLNAWV
GFTVSSN,YSGGS,RASQSVSSY,GASSRAT,QQYGSSPRT
GYGFITY,YPGDSE,KSSQSVLYSSINKNY,WASTRES,QQYYSTPYT
GGTFGNY,SPIFGP,RASQSVSSSY,GASSRAT,QQYVSTPLT
GGTFGNY,SPIFGP,RASQSVSSSY,GASSRAT,QQYVSTPLT
GGTFGNY,SPIFGP,RASQSVSSSY,GASSRAT,QQYVSTPLT
GGTFGNY,SPIFGP,RASQSVSSSY,GASSRAT,QQYVSTPLT
GGTFGNY,SPIFGP,RASQSVSSSY,GASSRAT,QQYVSTPLT
GGTFGNY,SPIFGP,RASQSVSSSY,GASSRAT,QQYVSTPLT
GGSFSRY,IPIFNM,RASRTVSSSN,DVSSRAT,QQYGTSPLT
GGSFSRY,IPIFNM,RASRTVSSSN,DVSSRAT,QQYGTSPLT
GFTFSTY,NNSGRN,TGTSSDVGSYNF,EVSERPS,SSYAGSTTFRV
GFTFSTY,NNSGRN,TGTSSDVGSYNF,EVSERPS,SSYAGSTTFRV
GYTFTSY,NAGNGN,TGTSSDVGGFNY,DVTSRPS,SSHTSRGTWV
GYTFTSY,NAGNGN,TGTSSDVGGFNY,DVTSRPS,SSHTSRGTWV
GYTFTSY,NAGNGN,TGTSSDVGGFNY,DVTSRPS,SSHTSRGTWV
GYTFTSY,NAGNGN,TGTSSDVGGFNY,DVTSRPS,SSHTSRGTWV
GYSFTSY,NPDSNN,SGDKLGGKY,QDSKRPS,QAWDISTNWV
GYSFTSY,NPDSNN,SGDKLGGKY,QDSKRPS,QAWDISTNWV
GFSFSHY,SFDGSS,RASQSVTNY,DTFNRAT,QQRSNWPPT
GFSFSHY,SFDGSS,RASQSVTNY,DTFNRAT,QQRSNWPPT
GFSFSHY,SFDGSS,RASQSVTNY,DTFNRAT,QQRSNWPPT
,,,,
,,,,
GFAFSSF,SSGSGT,RSSKSLLHSNGNTY,RMSNLAS,MQHLEYPLT
GYSFTSY,YPGDSD,TGISSDVGGYNS,DVTNRPS,SSYTSSSTPPYV
GYSFTSY,YPGDSD,TGISSDVGGYNS,DVTNRPS,SSYTSSSTPPYV
GGIFNTY,ILMSGM,TGSNSNIGAGYD,GNSNRPS,QSYDSSLSGPNWV
GGIFNTY,ILMSGM,TGSNSNIGAGYD,GNSNRPS,QSYDSSLSGPNWV
GGSINSY,FDSGS,TGTSSDVGDYNY,DVNKRPS,SSYTSSNTWV
GDSIRSD,SYSGS,RASQSIGNN,YASQSIS,QQSNSWPYT
GFTFSDY,SSSSNY,TGTSSDVGGYNY,DVSDRPS,SSYTSSSTPNWV
GYTFTGY,NPISSG,RASQSVSSSY,GASSRAT,QQYGSSAWT
GFTFSDY,SSSSNY,TGTSSDVGGYNY,DVSDRPS,SSYTSSSTPNWV
GYTFTGY,NPISSG,RASQSVSSSY,GASSRAT,QQYGSSAWT
GFTFSDY,SSSSNY,TGTSSDVGGYNY,DVSDRPS,SSYTSSSTPNWV
GYTFTGY,NPISSG,RASQSVSSSY,GASSRAT,QQYGSSAWT
GGSFSTR,SPIFGA,RASQDISNW,SASSLQS,QQANTFPWT
GLIFSDS,RSKANNYATSSDKSA,RASQSVSSSY,GASSRAT,LHYGTSPMYT
GYTFTSY,NPSTGY,SASSSISY,TTSNLAS,HQRSTYPLT
GYTFTSY,NPSTGY,SASSSISY,TTSNLAS,HQRSTYPLT
GGSMGGT,FHTGE,SGASTNV,ENYKRPS,QVWDSFSTFV
GGSMGGT,FHTGE,SGASTNV,ENYKRPS,QVWDSFSTFV
EYTFNEF,KRSGR,RASQGLNF,GPTDRAP,QEYSSTPYN
EYTFNEF,KRSGR,RASQGLNF,GPTDRAP,QEYSSTPYN
GFTFSDH,RNKANSYT,RASQSVSSSY,GASSRAT,QQYGSSPST
GFTFSDH,RNKANSYT,RASQSVSSSY,GASSRAT,QQYGSSPST
GFTFSDH,RNKANSYT,RASQSVSSSY,GASSRAT,QQYGSSPST
GFNVSYS,YSYYGS,RASQSVSSA,SASSLYS,QQAYVEPIT
GFNVSYS,YSYYGS,RASQSVSSA,SASSLYS,QQAYVEPIT
,,,,
,,,,
,,,,
GFTVSSN,YSGGA,RASQGISSY,AASTLQS,QQLISYPGT
GFTVSSN,YSGGA,RASQGISSY,AASTLQS,QQLISYPGT
GFTVSSN,YSGGA,RASQGISSY,AASTLQS,QQLISYPGT
GFAFTTY,SDGGGS,RSSQSLLHSNGYNY,LGSNRAS,MQALQTPGT
GIIVSSN,YSGGS,RASQGISSD,AASTLQS,QQLNSDLYT
RGTFSNH,IPIFST,SGSSSNVGTNA,YNNQRPS,ATWDNSLNDRV
GFTFSSY,WYDGSN,SGDKLGNKF,QDTKRPS,QAWDSSTAWV
GASISSGGY,YYSGS,QGDSLRSYY,GKNNRPS,NSRDNIGNHQV
GFTFDDY,NWNGGS,QASQGINNY,DASNLQT,QQYENVPIT
GFTFDDY,NWNGGS,QASQGINNY,DASNLQT,QQYENVPIT
GYSFTSY,YPGDSD,SGSSSNIGSDH,RNNQRPS,AAWDASLSGYV
GYSFTSY,YPGDSD,SGSSSNIGSDH,RNNQRPS,AAWDASLSGYV
GYSFTSY,YPGDSD,SGSSSNIGSDH,RNNQRPS,AAWDASLSGYV
,,,,
GYPFTNY,NPYNGA,RASQSVGTS,FASESIS,QQSNKWPFT
GYPFTNY,NPYNGA,RASQSVGTS,FASESIS,QQSNKWPFT
GFTFSYY,SPSSGY,RASQSISSY,AASSLQS,QQSRSGLHT
GFTFSYY,SPSSGY,RASQSISSY,AASSLQS,QQSRSGLHT
GFTFSYY,SPSSGY,RASQSISSY,AASSLQS,QQSRSGLHT
GFTFSYY,SPSSGY,RASQSISSY,AASSLQS,QQSRSGLHT
GFTFSYY,SPSSGY,RASQSISSY,AASSLQS,QQSRSGLHT
GYTFTDF,NPNSGG,RASGNIHNF,NAKTLAD,QQFWSTPYT
GFAFSSF,SSGSGT,RSSKSLLHSNGNTY,RMSNLAS,MQHLEYPLT
GYTLTSY,NTYDGQ,TGSSSNIGAGYA,GNSNRPS,QSYDSSLSGSV
GYTLTSY,NTYDGQ,TGSSSNIGAGYA,GNSNRPS,QSYDSSLSGSV
GYTLTSY,NTYDGQ,TGSSSNIGAGYA,GNSNRPS,QSYDSSLSGSV
GFTFSSY,SSSSSY,SGSSSNIGSNT,SNNQRPS,AAWDDSLNAWV
GFTFSSY,SGSGGN,RASQSFHNY,DASNRAT,QQRFNWPLT
GFTFSSY,SGSGGN,RASQSFHNY,DASNRAT,QQRFNWPLT
GFTFSSY,SGSGGN,RASQSFHNY,DASNRAT,QQRFNWPLT
GFTFSSY,SGSGGS,TRSSGSIASNY,EDNQRPS,QSYDSSNVV
GFTFSSY,SGSGGS,TRSSGSIASNY,EDNQRPS,QSYDSSNVV
GFTFSSY,SGSGGS,TRSSGSIASNY,EDNQRPS,QSYDSSNVV
GYSITSGY,TYDGS,RASQSVDSDGDSY,AASYLES,QQSHEDPYT
GYSITSGY,TYDGS,RASQSVDSDGDSY,AASYLES,QQSHEDPYT
GYSITSGY,TYDGS,RASQSVDSDGDSY,AASYLES,QQSHEDPYT
GYSITSGY,TYDGS,RASQSVDSDGDSY,AASYLES,QQSHEDPYT
GYTFINH,IPIFGL,RASQSAGSKS,GASSRAT,QRYGTSLVT
GYTFINH,IPIFGL,RASQSAGSKS,GASSRAT,QRYGTSLVT
GYTFINH,IPIFGL,RASQSAGSKS,GASSRAT,QRYGTSLVT
GYTFINH,IPIFGL,RASQSAGSKS,GASSRAT,QRYGTSLVT
GFTFSDY,SSSSNY,TGTSSDVGGYNY,DVSDRPS,SSYTSSSTPNWV
GYTFTDY,NPKYDI,RASSSVNY,ATSNLAS,QQWSSRT
GYTFTDY,NPKYDI,RASSSVNY,ATSNLAS,QQWSSRT
GVTVSSN,YSGGT,RASQGISSY,AASTLQS,QQLDSYPPGYT
GFIVSSN,YSGGS,TGSSSNIGAGYD,GNSNRPS,QSCDSSLSVVV
GFIVSSN,YSGGS,TGSSSNIGAGYD,GNSNRPS,QSCDSSLSVVV
GFTFSSY,GTAGD,RASQSIGSY,AASSLQS,QQSYVSPTYT
GYPFTSY,STYNGN,RASQTVSSTS,GASSRAT,QQHDTSLT
GYPFTSY,STYNGN,RASQTVSSTS,GASSRAT,QQHDTSLT
GFTFSSY,GTAGD,RASQSIGSY,AASSLQS,QQSYVSPTYT
GYTFTNY,YPRDGD,RASQNIGTN,YASESIS,QQSNRWPFT
GYTFTNY,YPRDGD,RASQNIGTN,YASESIS,QQSNRWPFT
GYSFSTS,DPSDSF,RASQSVSSSY,GQSSRTR,QQFGDSQLFT
GYSFSTS,DPSDSF,RASQSVSSSY,GQSSRTR,QQFGDSQLFT
GLTVSSN,YPGGS,RASQSISSY,AASSLQS,QESYSTPGLFT
GFDFDNA,TGPGEGWS,EGDSLESHY,GKNNRPS,SSRDKSGSRLSV
GYGFITY,YPGDSE,KSSQSVLYSSINKNY,WASTRES,QQYYSTPYT
GITVVRN,YSGGT,RASQSVPSSY,GASSRAT,QQYGSPMYT
GYSFTGY,NPSTGG,RASESVEYYGTSL,AASNVES,QQSRKVPWT
GYSFTGY,NPSTGG,RASESVEYYGTSL,AASNVES,QQSRKVPWT
GYSFTGY,NPSTGG,RASESVEYYGTSL,AASNVES,QQSRKVPWT
GYTFTNY,NPSNGG,RASKGVSTSGYSY,LASYLES,QHSRDLPLT
GYTFTNY,NPSNGG,RASKGVSTSGYSY,LASYLES,QHSRDLPLT
GYTFTNY,NTYTGE,ITSTDIDDD,GGNTLRP,LQSDSLPYT
GYTFTNY,NTYTGE,ITSTDIDDD,GGNTLRP,LQSDSLPYT
GDSVSSGSY,HGSGH,TGGSSNIGAGYS,GSNSRPS,QSYDSSLSGSQV
GDSVSSGSY,HGSGH,TGGSSNIGAGYS,GSNSRPS,QSYDSSLSGSQV
GFSLTVY,WGSGG,RASESISYS,NAVKLES,KQYWNTPFT
GFSLTVY,WGSGG,RASESISYS,NAVKLES,KQYWNTPFT
GFTFSAY,GSSGGG,TGTSRDVGGYNY,DVIIRPS,WSFAGSYYV
GFTFSAY,GSSGGG,TGTSRDVGGYNY,DVIIRPS,WSFAGSYYV
GFTFSAY,GSSGGG,TGTSRDVGGYNY,DVIIRPS,WSFAGSYYV
GFTFSAY,GSSGGG,TGTSRDVGGYNY,DVIIRPS,WSFAGSYYV
GGSISSSSY,YYSGS,GGNNIGSKS,YDSDRPS,QVWDSSSDHVV
GFTVSSN,YSGGT,RASQGISSY,AASTLQS,QQLNSYPGT
GFTVSSN,YSGGT,RASQGISSY,AASTLQS,QQLNSYPGT
GFTVSSN,YSGGT,RASQGISSY,AASTLQS,QQLNSYPGT
GFDFDNA,TGPGEGWS,EGDSLESHY,GDDNRPS,SSRDKSGSRLSV
GGSISSGDY,YYSGS,RASQSVSSY,DASNRAT,HQYGSTPLT
GGSISSGDY,YYSGS,RASQSVSSY,DASNRAT,HQYGSTPLT
GGSISSGDY,YYSGS,RASQSVSSY,DASNRAT,HQYGSTPLT
GGSISSGDY,YYSGS,RASQSVSSY,DASNRAT,HQYGSTPLT
GGSISSGDY,YYSGS,RASQSVSSY,DASNRAT,HQYGSTPLT
GGSISSGDY,YYSGS,RASQSVSSY,DASNRAT,HQYGSTPLT
GGSISSGDY,YYSGS,RASQSVSSY,DASNRAT,HQYGSTPLT
GGSISSGDY,YYSGS,RASQSVSSY,DASNRAT,HQYGSTPLT
GFTVSSS,YSGGT,SGDKLGDKY,QDSERPS,QAWDSSTAV
GGTFNNN,IPMFGT,QGDSLRSYY,GKNNRPS,SSRDSSGNHWV
GGTFNNN,IPMFGT,QGDSLRSYY,GKNNRPS,SSRDSSGNHWV
GGTFNNN,IPMFGT,QGDSLRSYY,GKNNRPS,SSRDSSGNHWV
GGTFNNN,IPMFGT,QGDSLRSYY,GKNNRPS,SSRDSSGNHWV
GGTFNNN,IPMFGT,QGDSLRSYY,GKNNRPS,SSRDSSGNHWV
GGTFNNN,IPMFGT,QGDSLRSYY,GKNNRPS,SSRDSSGNHWV
GFTFSNY,SSSGSL,SGDSLGSKY,DDSNRPS,STFTMSGNGTV
GFTFSNY,SSSGSL,SGDSLGSKY,DDSNRPS,STFTMSGNGTV
GFTFSNY,SSSGSL,SGDSLGSKY,DDSNRPS,STFTMSGNGTV
GFTFSNY,SSSGSL,SGDSLGSKY,DDSNRPS,STFTMSGNGTV
GGTFSSH,IPILGI,SGDKLGDKY,QDNKRPS,QAWDSSTAV
GGTFSSH,IPILGI,SGDKLGDKY,QDNKRPS,QAWDSSTAV
GGTFSSH,IPILGI,SGDKLGDKY,QDNKRPS,QAWDSSTAV
GFTFRNY,SASGGA,GGNSIGRKS,YDSDRPS,QVRDSDNDHVV
GFTFRNY,SASGGA,GGNSIGRKS,YDSDRPS,QVRDSDNDHVV
GDDLGSFHFGTY,LPSTKT,AGRSDRV,DVYRRPS,TSHPYA
GDDLGSFHFGTY,LPSTKT,AGRSDRV,DVYRRPS,TSHPYA
GFTFSSY,SYDGSN,RASQGISSW,DASSLQS,QQAKSFPIT
GFTFSSY,SYDGSN,RASQGISSW,DASSLQS,QQAKSFPIT
GFTFSSY,SYDGSN,RASQGISSW,DASSLQS,QQAKSFPIT
GFTFTSS,VVGSGN,RASQSVSSSY,GASSRAT,QQYGNSPWT
GLTVNRN,YSGGS,RASQGISSY,AASTLQS,QQLNSYPAPV
GIDFSNHY,FSGDSAS,QASESINSIY,RASTLAS,QQSYDWGDVENT
GIDFSNHY,FSGDSAS,QASESINSIY,RASTLAS,QQSYDWGDVENT
GIDFSNHY,FSGDSAS,QASESINSIY,RASTLAS,QQSYDWGDVENT
GIDFSNHY,FSGDSAS,QASESINSIY,RASTLAS,QQSYDWGDVENT
GFTFSSY,SATGLS,RASQSVNTN,GASTRAT,QQYSNWPPIT
GFTFSSY,SATGLS,RASQSVNTN,GASTRAT,QQYSNWPPIT
GFTFSSY,SATGLS,RASQSVNTN,GASTRAT,QQYSNWPPIT
GYSFTDY,YPGDSD,RASQSVNNR,WASTRAI,QQGASWPFT
GGSISNY,SDSES,GRQALGSRA,NNQDRPS,HMWDSRSGFSWS
GYRFNFY,SPYSGD,TGPNSVCCSHKS,EDNERAP,CSYTHNSGCV
GGTFNSY,IPLFGF,SGDNIPYEY,GDNNRPS,ASWDSMTVDGV
GFIFSSY,SYDGSN,RASQSVYSY,DASNRAT,QQRSNWPPFT
GFIFSSY,SYDGSN,RASQSVYSY,DASNRAT,QQRSNWPPFT
GFIFSSY,SYDGSN,RASQSVYSY,DASNRAT,QQRSNWPPFT
GFIFSSY,SYDGSN,RASQSVYSY,DASNRAT,QQRSNWPPFT
GFIFSSY,SYDGSN,RASQSVYSY,DASNRAT,QQRSNWPPFT
GFIFSSY,SYDGSN,RASQSVYSY,DASNRAT,QQRSNWPPFT
GFTFSSY,SSSSSY,TGSSSNIGAGYD,GNSNRPS,QSYDSSLSGSV
GFNVSYS,YPSSGY,RASQSVSSA,SASSLYS,QQSQWYPIT
GFNVSYS,YPSSGY,RASQSVSSA,SASSLYS,QQSQWYPIT
GFNVSYS,YPSSGY,RASQSVSSA,SASSLYS,QQSQWYPIT
GFNVSYS,YPSSGY,RASQSVSSA,SASSLYS,QQSQWYPIT
GFNVSYS,YPSSGY,RASQSVSSA,SASSLYS,QQSQWYPIT
GFNVSYS,YPSSGY,RASQSVSSA,SASSLYS,QQSQWYPIT
GFTFSGY,SYDESN,RTSQSISSY,AASSLQS,QQSYSTPRT
GFTFSGY,SYDESN,RTSQSISSY,AASSLQS,QQSYSTPRT
GFRFDDH,SGDGGS,SGSSSNIGSNT,SNNQRPS,AAWDDSLNWV
GFRFDDH,SGDGGS,SGSSSNIGSNT,SNNQRPS,AAWDDSLNWV
GYTFTSY,NAGNGN,TGTSSDVGGFNY,DVTSRPS,SSHTSRGTWV
GGSVSSNIY,YHSGS,RASQSIGAS,AASNLQS,QQQGT
GFSFSNF,SYDGSK,QASQDISNF,DASYLQG,QQYNSLPIT
GFSFSNF,SYDGSK,QASQDISNF,DASYLQG,QQYNSLPIT
GFTFSSF,SAGGGN,QASQDIRIH,DASNLEA,QHYHNLPRT
GFTFSSF,SAGGGN,QASQDIRIH,DASNLEA,QHYHNLPRT
GFTFSSF,SAGGGN,QASQDIRIH,DASNLEA,QHYHNLPRT
GYTFTDY,HPNSGD,GGNDIGRKS,YDSDRPS,QVWDSSSDHVI
GYTFTDY,HPNSGD,GGNDIGRKS,YDSDRPS,QVWDSSSDHVI
GYTFTDY,HPNSGD,GGNDIGRKS,YDSDRPS,QVWDSSSDHVI
GFTFSSY,SYDGRN,SGSSSNIGSYT,SLNQRPS,AAWDDSLSAHVV
GFTFSSY,SYDGRN,SGSSSNIGSYT,SLNQRPS,AAWDDSLSAHVV
GFTFSSY,SYDGRN,SGSSSNIGSYT,SLNQRPS,AAWDDSLSAHVV
GFTFSSY,SYDGRN,SGSSSNIGSYT,SLNQRPS,AAWDDSLSAHVV
GFTFSSY,SYDGRN,SGSSSNIGSYT,SLNQRPS,AAWDDSLSAHVV
GFTFSSY,SYDGRN,SGSSSNIGSYT,SLNQRPS,AAWDDSLSAHVV
,,,,
GFSLSTSGM,DWDDDTYY,SGSSSNIGSNT,GNNERPS,AAWDDSLNGFWV
,,,,
GFSLTSY,YADGS,KSSESVSND,YAFHRFT,HQAYSSPYT
GFSLTSY,YADGS,KSSESVSND,YAFHRFT,HQAYSSPYT
GGSVSSGSS,SYSGS,RASQSISNY,AASSLGS,QQSYGSPT
GGSVSSGSS,SYSGS,RASQSISNY,AASSLGS,QQSYGSPT
GFTFSYY,SPSSGY,RASQSISSY,AASSLQS,QQSRSGLHT
GFTFSYY,SPSSGY,RASQSISSY,AASSLQS,QQSRSGLHT
GFNIKDT,DPANGN,SASSSVSY,RTSNLAS,QQYHSYPPT
GFNIKDT,DPANTN,RASQSISNN,FASQSIT,QQGNSWPYT
GFNIKDT,DPANGN,SASSSVSY,RTSNLAS,QQYHSYPPT
GFNIKDT,DPANTN,RASQSISNN,FASQSIT,QQGNSWPYT
GFTFSSD,SSDGST,RASQSVGIN,GASTRAS,QQYNDWPPWT
GYTFTNY,HPSSGG,RASQGINNY,AASTLQS,QKYNSAPFT
GGSISSY,YYSGS,TGTSSDVGGYNY,DVSKRPS,SSYTSNNTFA
GGSISSY,YYSGS,TGTSSDVGGYNY,DVSKRPS,SSYTSNNTFA
GGTFSNF,MPLFVT,RASQTISTW,KASILEN,QQYKSYPWT
GGTFSNF,MPLFVT,RASQTISTW,KASILEN,QQYKSYPWT
GGTFSNF,MPLFVT,RASQTISTW,KASILEN,QQYKSYPWT
GFTFSTY,VSSGGS,TGTSRDVGGYNY,DVIERSS,WSFAGSYYV
GFTFSTY,VSSGGS,TGTSRDVGGYNY,DVIERSS,WSFAGSYYV
GGSISSSH,SLSGS,WASQGINSY,AASTLQS,QQLNSYPCS
GGSISSSH,SLSGS,WASQGINSY,AASTLQS,QQLNSYPCS
GFNFNKY,SALSTY,RASQSISSS,AAVNLET,QQSDTRT
GFNFNKY,SALSTY,RASQSISSS,AAVNLET,QQSDTRT
GFNFNKY,SALSTY,RASQSISSS,AAVNLET,QQSDTRT
GFTFSHY,YSSGGI,RASQSISSW,KASTLES,QQYNTYWT
GFSLSGF,YRGSGS,QASQSISSW,DASNLAS,LGGYPAASYRTA
GFSLSGF,YRGSGS,QASQSISSW,DASNLAS,LGGYPAASYRTA
GGSISSSN,YHGGS,QGDSLRGYY,GKNNRPS,NSRDSSGNHPVV
GFTFSDY,SSGRGN,KSSQSLLNRGNQKNY,WASTRES,QNDYTYPLT
GFTFSDY,SSGRGN,KSSQSLLNRGNQKNY,WASTRES,QNDYTYPLT
GDTFSTY,IPIFGK,RASQSVSSY,DASNRAT,QQRSNWPT
GFTFSDY,SSSGST,RASQGISSY,AASTLQS,QQLNSYPLT
GGSIDTY,YYSVD,RASQSVSNY,DTSKRAT,QERNNWPLTWT
GFNVSYS,YPYYGS,RASQSVSSA,SASSLYS,QQSSWYPVT
GYTLPEV,DPEDGE,SGSSSNIGNNY,DNNKRPS,GTWDSSLSAVV
GYTLPEV,DPEDGE,SGSSSNIGNNY,DNNKRPS,GTWDSSLSAVV
GFTFSSY,SYDGSN,RASQSISSY,AASSLQS,QQSYSTPRT
GYTLPEV,DPEDGE,SGSSSNIGNNY,DNNKRPS,GTWDSSLSAVV
GFTFSSY,SYDGSN,RASQSISSY,AASSLQS,QQSYSTPRT
GFTFSSY,SYDGSN,RASQSISSY,AASSLQS,QQSYSTPRT
GGTFSNY,IPILGI,RASQSIRSTY,GASSRAT,QQYGRSPS
GDSVSDNDA,YYRSKWS,GGNNIGSKS,DDSDRPS,QVWDSSSDHVV
GGSISNY,SDSES,GRQALGSRA,NNQDRPS,HMWDSRSGFSWS
GYRFNFY,SPYSGD,TGPNSVCCSHKS,EDNERAP,CSYTHNSGCV
GYEFINC,KPRGGA,RTSQYGS,SGSTRAA,QQYEF
GGTFSSY,IPIFGT,RASQSVSSSY,GASSRAT,QQYGSSPST
GGTFSSY,IPIFGT,RASQSVSSSY,GASSRAT,QQYGSSPST
GFTFSTY,STSSNT,RASQGISSY,GATRLQS,QQADSFPLT
GFTFSTY,STSSNT,RASQGISSY,GATRLQS,QQADSFPLT
GFTFSTY,STSSNT,RASQGISSY,GATRLQS,QQADSFPLT
NFRISAH,STSSTY,RASQSIETW,KASTLKT,QHYAGYSAT
NFRISAH,STSSTY,RASQSIETW,KASTLKT,QHYAGYSAT
GYTFTSY,NAGNGN,TGTSSDVGGFNY,DVTSRPS,SSHTSRGTWV
GYTFTSY,NAGNGN,TGTSSDVGGFNY,DVTSRPS,SSHTSRGTWV
GFNIKDT,YPTNGY,RASQDVNTA,SASFLYS,QQHYTTPPT
GGSFSGY,NHGGY,RASQSVSSY,DASNRAT,QQRSNWPPALT
GGSFSGY,NHGGY,RASQSVSSY,DASNRAT,QQRSNWPPALT
GDTFIRY,ITILDV,RASESVSSD,GASTRAT,QQYNNWPPRYT
GDTFIRY,ITILDV,RASESVSSD,GASTRAT,QQYNNWPPRYT
GITVSSN,YAGGS,RASQSIGSSY,GASRRAT,QQYGSSPGT
GYGFITY,YPGDSE,KSSQSVLYSSINKNY,WASTRES,QQYYSTPYT
GGASITQ,TPIFGT,RASQSISSF,AASSLQS,QQSYSTPRT
GFSLSISGV,YWDDD,TATSSDVGDYNY,EVSDRPS,SSYTTSSAV
GFSLSISGV,YWDDD,TATSSDVGDYNY,EVSDRPS,SSYTTSSAV
GFNIYYY,YSSYSY,RASQSVSSA,SASSLYS,QQWAYGPFT
GFNIYYY,YSSYSY,RASQSVSSA,SASSLYS,QQWAYGPFT
GYTFTSY,NPTSGG,KASQNVDTD,SASSRYS,QQYNNYPLT
GYTFTSY,NPTSGG,KASQNVDTD,SASSRYS,QQYNNYPLT
GYTFTSY,NPTSGG,KASQNVDTD,SASSRYS,QQYNNYPLT
GYTFTSY,NPTSGG,KASQNVDTD,SASSRYS,QQYNNYPLT
GYTFTSY,NPTSGG,KASQNVDTD,SASSRYS,QQYNNYPLT
GYTFTSY,NPTSGG,KASQNVDTD,SASSRYS,QQYNNYPLT
GYTFTSY,NPTSGG,KASQNVDTD,SASSRYS,QQYNNYPLT
GYTFTSY,NPTSGG,KASQNVDTD,SASSRYS,QQYNNYPLT
GYTFTSY,NPTSGG,KASQNVDTD,SASSRYS,QQYNNYPLT
GYTFTSY,NPTSGG,KASQNVDTD,SASSRYS,QQYNNYPLT
GYTFTSY,NPTSGG,KASQNVDTD,SASSRYS,QQYNNYPLT
GYTFTSY,NPTSGG,KASQNVDTD,SASSRYS,QQYNNYPLT
GYTFTSY,NPTSGG,KASQNVDTD,SASSRYS,QQYNNYPLT
GYTFTSY,NPTSGG,KASQNVDTD,SASSRYS,QQYNNYPLT
GYTFTSY,NPTSGG,KASQNVDTD,SASSRYS,QQYNNYPLT
GYTFTSY,NPTSGG,KASQNVDTD,SASSRYS,QQYNNYPLT
GFAFSSF,SSGSGT,RSSKSLLHSNGNTY,RMSNLAS,MQHLEYPLT
GDSFRRY,IPIFDK,RASHSVGSS,GVSTRAT,QQYDNWPFT
GDSFRRY,IPIFDK,RASHSVGSS,GVSTRAT,QQYDNWPFT
GYTFTNY,YPGNDD,RSSQSIVYSNGNTY,KVSNRFS,FQGSHVPYT
GYTFTNY,YPGNDD,RSSQSIVYSNGNTY,KVSNRFS,FQGSHVPYT
GFAFSSF,SSGSGT,RSSKSLLHSNGNTY,RMSNLAS,MQHLEYPLT
GDTFIRY,ITILDV,RASESVSSD,GASTRAT,QQYNNWPPRYT
GFTFTTS,VVGSGN,RASQSVSSSY,GASSGAT,QQYGSSPYT
GFTFSTY,SYDGSN,QASQDISNY,DASNLET,QQYDNLPLT
GFTFSTY,SYDGSN,QASQDISNY,DASNLET,QQYDNLPLT
GFTFTTS,VVGSGN,RASQSVSSSY,GASSGAT,QQYGSSPYT
GFTFSIY,TTSGHA,TLSSGHNSYA,LNSDGSHTKGD,QTWDTGIRV
GGSISSY,YYSGS,RASQSISSY,AASSLQS,QQSYSIPLT
GGSISSY,YYSGS,RASQSISSY,AASSLQS,QQSYSIPLT
GFTFSNY,SYDIST,SGSSSNIGNNY,WNDQRPS,AAWDDSLSGAV
GFTFSNY,SYDIST,SGSSSNIGNNY,WNDQRPS,AAWDDSLSGAV
GYSFTSY,FPGSGN,KASQDVSTA,SASYRYT,QQHYSTPWT
GYSFTSY,FPGSGN,KASQDVSTA,SASYRYT,QQHYSTPWT
GYTFIKY,NPRGGQ,RTSQYGS,SGSTRAA,QQYEF
GFTFSPY,NSDSTY,RSSQSLLHTNGYNY,LASNRAS,MQALQIPRT
GYTFTNY,HPSSGG,RASQGINNY,AASTLQS,QKYNSAPFT
GFIFENY,NWNGGD,RASQSVHPKY,SGSTRAA,QQYGGSPYT
GFIFENY,NWNGGD,RASQSVHPKY,SGSTRAA,QQYGGSPYT
GFIFENY,NWNGGD,RASQSVHPKY,SGSTRAA,QQYGGSPYT
GYTFTDY,NTETGS,RSSTGAVTTSNY,DTNNRAP,ALWYSNHFI
GYTFTDY,NTETGS,RSSTGAVTTSNY,DTNNRAP,ALWYSNHFI
GASINSDNY,SYTGN,QASQDISTY,GASNLET,QQYQYLPYT
GASINSDNY,SYTGN,QASQDISTY,GASNLET,QQYQYLPYT
GFTFSSY,KQDGSE,GSSTGAVTSGHY,DTSNKHS,LLSYSGARGV
GFTFSSY,KQDGSE,GSSTGAVTSGHY,DTSNKHS,LLSYSGARGV
GFTFSSY,KQDGSE,GSSTGAVTSGHY,DTSNKHS,LLSYSGARGV
GFSLSTSGM,DWDDN,GGNNIGIKN,TDINRPS,QVWDSNTVV
GFSLSTSGM,DWDDN,GGNNIGIKN,TDINRPS,QVWDSNTVV
GGSISGTN,YYRGS,RASQSISTY,SASNLQS,QQTYNTPRT
GGSISGTN,YYRGS,RASQSISTY,SASNLQS,QQTYNTPRT
GGSISGTN,YYRGS,RASQSISTY,SASNLQS,QQTYNTPRT
GGSISTRDY,YYSGG,RASQGIDTY,GASTLQS,QQLNNYHFT
GGSISTRDY,YYSGG,RASQGIDTY,GASTLQS,QQLNNYHFT
GFMFRSY,GKGGE,RASQIIDNKY,GASNRAT,QQFGSSVYT
GFMFRSY,GKGGE,RASQIIDNKY,GASNRAT,QQFGSSVYT
GFTFSDY,SPGGST,GGNNIGSKS,DDSDRPS,QVWDSSSDHLYV
GFTFSDY,SPGGST,GGNNIGSKS,DDSDRPS,QVWDSSSDHLYV
GFTFSDY,SPGGST,GGNNIGSKS,DDSDRPS,QVWDSSSDHLYV
GFTFSDY,SPGGST,GGNNIGSKS,DDSDRPS,QVWDSSSDHLYV
GFTFSSD,SSDGST,RASQSVGIN,GASTRAS,QQYNDWPPWT
GFAFSSF,SSGSGT,RSSKSLLHSNGNTY,RMSNLAS,MQHLEYPLT
GFTFSNY,TGSSSF,VGSSSNIGAGYE,GNSDRPS,QSYDSSLSLSAVV
GYTFTNY,HPSSGG,RASQGINNY,AASTLQS,QKYNSAPFT
GFSLNTNGV,YWNGN,TGTTSDVGRYNF,DVSQRPS,CSYAGGNFFSYV
GFTFSNY,SYDASS,RASQSVSSDF,GASSRAT,QQYAASPP
GFTISSN,YSGGS,TGRSSNIGAGYD,GNTNRPS,QSYDSSLRGSV
GFTISSN,YSGGS,TGRSSNIGAGYD,GNTNRPS,QSYDSSLRGSV
GGIFRSN,VAIFGT,RASQSVPSSY,GASSRAT,QQYGSSPYT
GGIFRSN,VAIFGT,RASQSVPSSY,GASSRAT,QQYGSSPYT
GGIFRSN,VAIFGT,RASQSVPSSY,GASSRAT,QQYGSSPYT
GGTFNTY,IPFQDR,RASHSISSW,KASTLES,QQYKSYPWT
GGTFNTY,IPFQDR,RASHSISSW,KASTLES,QQYKSYPWT
GGTFNTY,IPFQDR,RASHSISSW,KASTLES,QQYKSYPWT
GYTFTNY,NPSNGG,RASKGVSTSGYSY,LASYLES,QHSRDLPLT
GYTFTNY,NPSNGG,RASKGVSTSGYSY,LASYLES,QHSRDLPLT
GFTFSRF,SGSGGS,SGTYSNIGSNP,ANDQRPS,STWDDSLPGPL
GFTFSRF,SGSGGS,SGTYSNIGSNP,ANDQRPS,STWDDSLPGPL
GFTFSYA,KRKSDGGT,RASQSIRSY,AASSLQS,QQSYTTPAIT
GFTFSYA,KRKSDGGT,RASQSIRSY,AASSLQS,QQSYTTPAIT
GDSISSSRY,YYSGI,RASQSISAW,KASSLES,QQYISSSPWT
AFTFSSY,SYDGSN,RASQSISSY,AASSLQS,QQSYSTLALT
,,,,
GFTFTTS,VVGSGN,RASQSVSSSY,GASSRAT,QQYGSSPWT
GFTFNNY,SQDGGN,RASQGISSW,AVSSLQS,QQAKSFPFT
GFTFNNY,SQDGGN,RASQGISSW,AVSSLQS,QQAKSFPFT
GFTFTTS,VVGSGN,RASQSVSSSY,GASSRAT,QQYGSSPWT
GFTFTRS,VVGSGN,RASQSIINY,AASSLLS,QQSYSTPYT
GFTLSGD,SAAGGY,RASQDLATD,SASFLYS,QQSEPEPYT
GFTFSSY,KQDGSE,TGSSGSIASNY,EDNQRPS,QSYDSSNHVV
GFTFSSY,KQDGSE,TGSSGSIASNY,EDNQRPS,QSYDSSNHVV
GFTFSSY,KQDGSE,TGSSGSIASNY,EDNQRPS,QSYDSSNHVV
GYTFTDY,YPYNGG,RSRQSIVHTNRYTY,KVSNRFS,FQGSHVPYT
GYTFTDY,YPYNGG,RSRQSIVHTNRYTY,KVSNRFS,FQGSHVPYT
GGPLRNY,IPVLGT,QASQDIVNY,VASNLET,QQYDNLPLT
GGPLRNY,IPVLGT,QASQDIVNY,VASNLET,QQYDNLPLT
GGPLRNY,IPVLGT,QASQDIVNY,VASNLET,QQYDNLPLT
GGPLRNY,IPVLGT,QASQDIVNY,VASNLET,QQYDNLPLT
GFTFDDY,SWNSGT,RSSQSLLHSNGYNY,LGSNRAS,MQALQTPFT
GYIFTSH,SVYNGY,SGSSSNIGSNY,GNNQRPS,AAWDDSLSGPWV
GGTLNSY,TPIFE,RAGQNINNY,AASNLQS,QQSHSTVRT
GYIFTSH,SVYNGY,SGSSSNIGSNY,GNNQRPS,AAWDDSLSGPWV
GGTLNSY,TPIFE,RAGQNINNY,AASNLQS,QQSHSTVRT
GGLLEDY,IPVLGT,QASQDIVNY,VASNLET,QQYDNLPLT
GGLLEDY,IPVLGT,QASQDIVNY,VASNLET,QQYDNLPLT
GGLLEDY,IPVLGT,QASQDIVNY,VASNLET,QQYDNLPLT
GFTFSRF,SGSGGH,GGNNIGNKG,DDSDRPS,QVWDSSSDHVV
GFTFDDY,SWNSGS,GGNNIGSRS,DDSDRPS,QVWDSRTDHWV
GFTFDDY,SWNSGS,GGNNIGSRS,DDSDRPS,QVWDSRTDHWV
GGSISSGDY,YYSGS,RASQSVSSY,DASNRAT,HQYGSTPLT
GGSISSGDY,YYSGS,RASQSVSSY,DASNRAT,HQYGSTPLT
GGSISSGDY,YYSGS,RASQSVSSY,DASNRAT,HQYGSTPLT
GGSISSGDY,YYSGS,RASQSVSSY,DASNRAT,HQYGSTPLT
GFTFNNY,SNIGGT,TRSTGNIGSNY,RDDQRPS,HSYSTGMYI
GFTFNNY,SNIGGT,TRSTGNIGSNY,RDDQRPS,HSYSTGMYI
,,,,
,,,,
GFTFTST,HLGDGS,RASQDVDTS,SASFLYS,QQSTGHPQT
GFTFTST,HLGDGS,RASQDVDTS,SASFLYS,QQSTGHPQT
GFTFSNY,WYDGSI,RASQSVSSTY,GASSRAT,QQSGSSPLT
GFTFSNY,WYDGSI,RASQSVSSTY,GASSRAT,QQSGSSPLT
GYTFTSY,EPMYGS,GGHNIGSKN,QDNKRPS,QVWDNYSVL
GYTFTSY,EPMYGS,GGHNIGSKN,QDNKRPS,QVWDNYSVL
GFTVSSN,YTGGT,TGTSSDVGSYNL,EVTKRPS,CSYAGSSTWV
GYTFTSY,NPTSGY,RASESVDNYGISF,GSSNQGS,QQSKEVPYT
GYTFTSY,NPTSGY,RASESVDNYGISF,GSSNQGS,QQSKEVPYT
GYTFTSY,NPTSGY,RASESVDNYGISF,GSSNQGS,QQSKEVPYT
GGSVNTGSY,SVSGT,TLSSGHSTYA,LSSGGRHTRGD,QTWDAGMV
GGSVNTGSY,SVSGT,TLSSGHSTYA,LSSGGRHTRGD,QTWDAGMV
GGSVNTGSY,SVSGT,TLSSGHSTYA,LSSGGRHTRGD,QTWDAGMV
GGSVNTGSY,SVSGT,TLSSGHSTYA,LSSGGRHTRGD,QTWDAGMV
GYKFMDQ,NPTYGQ,SGTRHII,DDDKRPS,NTYEF
GITFSNS,WYDGSK,RASQSVSSY,DASNRAT,QQSSNWPRT
GITFSNS,WYDGSK,RASQSVSSY,DASNRAT,QQSSNWPRT
GFTVSNN,YSGGS,TGTSSDVGGYNY,DVSNRPS,SSYTSSSTRV
GFTVSNN,YSGGS,TGTSSDVGGYNY,DVSNRPS,SSYTSSSTRV
GFTVSNN,YSGGS,TGTSSDVGGYNY,DVSNRPS,SSYTSSSTRV
,,,,
,,,,
,,,,
,,,,
,,,,
GYTFTGY,NPNSGG,SGSSSNIGHNA,YDDLLPA,AAWDDILNGPV
GYTFTGY,NPNSGG,SGSSSNIGHNA,YDDLLPA,AAWDDILNGPV
GFTFSTY,SSRSGSH,TGTGSDIGGYNF,EVRIRAS,NSYSIHSPWV
GFTFSTY,SSRSGSH,TGTGSDIGGYNF,EVRIRAS,NSYSIHSPWV
GFTFSTY,SSRSGSH,TGTGSDIGGYNF,EVRIRAS,NSYSIHSPWV
GGSFSTY,IPLLTI,RASQSVGNNK,GASSRPS,QQYGQSLST
GGSFSTY,IPLLTI,RASQSVGNNK,GASSRPS,QQYGQSLST
GGTFDNY,VPLFGT,RASQSVSSN,GASTRAT,QQYYRSPLT
GGTFDNY,VPLFGT,RASQSVSSN,GASTRAT,QQYYRSPLT
DDPYTDDDTFTKY,SPHFAR,RASQGLDSSH,GTSNRAR,QRYGGTPIT
GDSMNNY,SDRES,GRQALGSRA,NNQDRPS,HMWDSRSGFSWS
DDPYTDDDTFTKY,SPHFAR,RASQGLDSSH,GTSNRAR,QRYGGTPIT
DDPYTDDDTFTKY,SPHFAR,RASQGLDSSH,GTSNRAR,QRYGGTPIT
GDSMNNY,SDRES,GRQALGSRA,NNQDRPS,HMWDSRSGFSWS
GDSMNNY,SDRES,GRQALGSRA,NNQDRPS,HMWDSRSGFSWS
GFMFRAY,SSSGRY,RASQSVGSN,GASTGAT,QQYYSFLAKT
GFMFRAY,SSSGRY,RASQSVGSN,GASTGAT,QQYYSFLAKT
GFAFTTY,SDGGGS,RSSQSLLHSNGYLY,LGSNRAS,MQALQTPGT
GIIVSSN,YSGGS,RASQGISSD,AASTLQS,QQLNSDLYT
EFTFSSY,SSSGSQ,SGDKLGDKY,QDSKRPS,QAWDSNTGV
GFTSSAY,TFDGGY,RASQSVSSSY,RASSRAT,QQYGSSFT
GFTFSDY,SSSGST,TGTSSDVGGYNY,EVSNRPS,SSYTSSSNVV
GFTFSDY,SSSGST,TGTSSDVGGYNY,EVSNRPS,SSYTSSSNVV
GFNVSYY,YPYYGS,RASQSVSSA,SASSLYS,QQAFWDPIT
GFNVSYY,YPYYGS,RASQSVSSA,SASSLYS,QQAFWDPIT
,,,,
GYRFNFY,SPYSGD,TGPNSVCCSHKS,EDNERAP,CSYTHNSGCV
GGSISNY,SDSES,GRQALGSRA,NNQDRPS,HMWDSRSGFSWS
GGSISSSN,YHSGS,SGSSSNIGSNY,RNNQRPS,AAWDERLSGWV
GFNVSYY,YPYYGS,RASQSVSSA,SASSLYS,QQDGWSLIT
GFNVSYY,YPYYGS,RASQSVSSA,SASSLYS,QQDGWSLIT
GGTFNSF,IPVLEI,SGSSSNIGSNT,SDDQRPS,ASWDDRLNGVV
GGTFNSF,IPVLEI,SGSSSNIGSNT,SDDQRPS,ASWDDRLNGVV
GGTFNSF,IPVLEI,SGSSSNIGSNT,SDDQRPS,ASWDDRLNGVV
GGSISSSN,YHSGS,RASQGIRND,AASSLQS,LQHNSYPRT
GGSISSSN,YHSGS,RASQGIRND,AASSLQS,LQHNSYPRT
GYTISSGY,NHRGS,SGSSSNIGINT,SNNQRPS,AAWDDNLNGWV
GYTISSGY,NHRGS,SGSSSNIGINT,SNNQRPS,AAWDDNLNGWV
GYTISSGY,NHRGS,SGSSSNIGINT,SNNQRPS,AAWDDNLNGWV
GYTISSGY,NHRGS,SGSSSNIGINT,SNNQRPS,AAWDDNLNGWV
GFTLTGL,GPEENE,SGSSSNIGKNY,DDTQRPS,GTWDSSLSTGQL
GYTFTNY,NTYTGE,RSTKSLLHSDGITY,QLSNLAS,AQNLEIPRT
GYTFTNY,NTYTGE,RSTKSLLHSDGITY,QLSNLAS,AQNLEIPRT
GGSFSTY,IPLLTI,RASQSVGNNK,GASSRPS,QQYGQSLST
GGSFSTY,IPLLTI,RASQSVGNNK,GASSRPS,QQYGQSLST
GGSFSTY,IPLLTI,RASQSVGNNK,GASSRPS,QQYGQSLST
GGSFSTY,IPLLTI,RASQSVGNNK,GASSRPS,QQYGQSLST
GFTVSSN,YSGGS,TGTSSDVGGYKY,EVSKRPS,SSYEGSNNFVV
GFTVSSN,YSGGS,TGTSSDVGGYKY,EVSKRPS,SSYEGSNNFVV
GGSTYNH,SYSGK,RASQSIGSW,KASSLES,QQYNNYSYT
GGSTYNH,SYSGK,RASQSIGSW,KASSLES,QQYNNYSYT
GGSTYNH,SYSGK,RASQSIGSW,KASSLES,QQYNNYSYT
GGSTYNH,SYSGK,RASQSIGSW,KASSLES,QQYNNYSYT
GGSTYNH,SYSGK,RASQSIGSW,KASSLES,QQYNNYSYT
GGSTYNH,SYSGK,RASQSIGSW,KASSLES,QQYNNYSYT
GYNFREY,KGMWGA,RTSQYGS,SGSTRAA,QQYEF
GFTFSSY,KQDGSE,GSSTGAVTSGHY,DTSNKHS,LLSYSGARGV
GFTFSSY,KQDGSE,GSSTGAVTSGHY,DTSNKHS,LLSYSGARGV
GFTFSSY,KQDGSE,GSSTGAVTSGHY,DTSNKHS,LLSYSGARGV
GFTFNNY,SAHGGS,RASQDIANY,GATNLHH,QQSFQTVGS
GFTFSSY,SGSGGS,TGTSSDVGGYNY,DVSNRPS,SSWTRSSGLV
GFTFSSY,SGSGGS,TGTSSDVGGYNY,DVSNRPS,SSWTRSSGLV
GFTFSHY,SYDGHN,RASQEVGESE,GAFSRAT,QQYGSSPWT
GFTFSHY,SYDGHN,RASQEVGESE,GAFSRAT,QQYGSSPWT
GYIFTDY,DPDNGE,TGSSSNIGAGYD,DNFNRPS,QSYDSPTLTSP
GYIFTDY,DPDNGE,TGSSSNIGAGYD,DNFNRPS,QSYDSPTLTSP
GYIFTDY,DPDNGE,TGSSSNIGAGYD,DNFNRPS,QSYDSPTLTSP
GFTFSNY,SFDGSK,SGSSSNIGGNT,TNSLRPS,AAWDDSLNGQV
GFNFSSS,YPSYDY,RASQSVSSA,SASSLYS,QQYYSLFT
GFTFSTY,SSSSLS,RASQTIRSD,GASTRAT,QQYNNWPPLT
GFTFSTY,SSSSLS,RASQTIRSD,GASTRAT,QQYNNWPPLT
GFTFSSF,SAGGGN,QASQDIRIH,DASNLEA,QHYHNLPRT
GFTFSTY,SSSSLS,RASQTIRSD,GASTRAT,QQYNNWPPLT
GFTFSSF,SAGGGN,QASQDIRIH,DASNLEA,QHYHNLPRT
GFTFSSF,SAGGGN,QASQDIRIH,DASNLEA,QHYHNLPRT
GYTFTSY,NPNSGN,KSSQSVLYSSNNKNY,WASTRES,QQYYSTPLT
GYTFTSY,NPNSGN,KSSQSVLYSSNNKNY,WASTRES,QQYYSTPLT
GLTVSSN,YSGGS,RASQSVPSSY,GASTRAT,QHYDTSPR
GLTVSSN,YSGGS,RASQSVPSSY,GASTRAT,QHYDTSPR
GYTFTSS,NPVSGS,TGTSSDVGSYNY,GVSKRPS,GTFAGGSYYGV
GYTFTSS,NPVSGS,TGTSSDVGSYNY,GVSKRPS,GTFAGGSYYGV
GFNVVDF,SSSSGS,RASQSVSSA,SASSLYS,QQYLYYSLVT
GDTFIRY,ITILDV,RASESVSSD,GASTRAT,QQYNNWPPRYT
GDTFIRY,ITILDV,RASESVSSD,GASTRAT,QQYNNWPPRYT
GWWFGYT,SYKGGS,HGSYWLSNY,DGKEREH,QQYRYHPYT
GWWFGYT,SYKGGS,HGSYWLSNY,DGKEREH,QQYRYHPYT
GYTFTSY,NAGNGN,TGTSSDVGGFNY,DVTSRPS,SSHTSRGTWV
GYTLPEL,HPEDGE,TGTSSDVGGYNY,EVSKRPS,SSYAGSNNPYV
GYTLPEL,HPEDGE,TGTSSDVGGYNY,EVSKRPS,SSYAGSNNPYV
GYTLPEL,HPEDGE,TGTSSDVGGYNY,EVSKRPS,SSYAGSNNPYV
GYSITSGY,SYDGR,RASESVEYSGTSL,AASNVES,QQSRKVPYT
GYTFTEY,NPNNDD,KSSQNVGTN,SASYRYS,QQYNNYPWT
GYTFTEY,NPNNDD,KSSQNVGTN,SASYRYS,QQYNNYPWT
GYTFTEY,NPNNDD,KSSQNVGTN,SASYRYS,QQYNNYPWT
GFTFSNY,WYDGSN,GGNNIERKS,DDSDRPS,QVWDSGSDQVI
GFAFSSF,SSGSGT,RSSKSLLHSNGNTY,RMSNLAS,MQHLEYPLT
GFTFSSY,KQDGSE,RASQSISTY,AASSLQG,QQSYSTPLYT
GFTFSSY,KQDGSE,RASQSISTY,AASSLQG,QQSYSTPLYT
GFTFSSY,KQDGSE,RASQSISTY,AASSLQG,QQSYSTPLYT
GFTFSSY,KQDGSE,RASQSISTY,AASSLQG,QQSYSTPLYT
GYIFTSY,NPSNGD,RASQRVSSSTYSY,YASNLES,QHSWEIPPT
GYIFTSY,NPSNGD,RASQRVSSSTYSY,YASNLES,QHSWEIPPT
GYIFTSY,NPSNGD,RASQRVSSSTYSY,YASNLES,QHSWEIPPT
,,,,
,,,,
GFSFDDS,KSKTYGGT,RTSQDVRGA,DASSLET,QQFLDFPFT
GFSFDDS,KSKTYGGT,RTSQDVRGA,DASSLET,QQFLDFPFT
GFSFDDS,KSKTYGGT,RTSQDVRGA,DASSLET,QQFLDFPFT
GFSFDDS,KSKTYGGT,RTSQDVRGA,DASSLET,QQFLDFPFT
GFSFDDS,KSKTYGGT,RTSQDVRGA,DASSLET,QQFLDFPFT
GFSFDDS,KSKTYGGT,RTSQDVRGA,DASSLET,QQFLDFPFT
GFTFSSY,SASSSY,TGSSSNIGAGYD,DNNNRPS,QSYDRSLSGV
NFRISAH,STSSTY,RASQSIETW,KASTLKT,QHYAGYSAT
NFRISAH,STSSTY,RASQSIETW,KASTLKT,QHYAGYSAT
GYNIRDY,NPKTGQ,QANGYLN,DGSKLER,QVYEF
GYTFTNY,DPSWGR,RASQSVRSN,GTSTRAT,LQYNNWWT
GYTFTNY,DPSWGR,RASQSVRSN,GTSTRAT,LQYNNWWT
,,,,
,,,,
,,,,
GFKFDDY,NWNGDI,RASQGIDGY,AASLLQS,QHLDSYPLFT
GFKFDDY,NWNGDI,RASQGIDGY,AASLLQS,QHLDSYPLFT
GFKFDDY,NWNGDI,RASQGIDGY,AASLLQS,QHLDSYPLFT
GFKFDDY,NWNGDI,RASQGIDGY,AASLLQS,QHLDSYPLFT
GYGFITY,YPGDSE,KSSQSVLYSSINKNY,WASTRES,QQYYSTPYT
GFTFTTS,VVGSGN,RASQSVSRSY,SASSRAT,QQYGSSPWT
GYTFTGY,NPNSGG,TLRSGINVGPYN,YKSDPDKHQGS,MIWHNNAWV
GYTFTGY,NPNSGG,TLRSGINVGPYN,YKSDPDKHQGS,MIWHNNAWV
,,,,
,,,,
GYSFTNF,DPGYSY,SGSSSNIGSNT,SNNQRPS,AAWDDSLNGWV
GFTFTPY,SGSGGS,GGDNIGRKT,YDNDRPS,QVWDSNNDHPV
GFTFTPY,SGSGGS,GGDNIGRKT,YDNDRPS,QVWDSNNDHPV
GFTFTPY,SGSGGS,GGDNIGRKT,YDNDRPS,QVWDSNNDHPV
GFTFTPY,SGSGGS,GGDNIGRKT,YDNDRPS,QVWDSNNDHPV
,,,,
,,,,
,,,,
,,,,
,,,,
,,,,
,,,,
,,,,
GFTFSSH,GTAGD,RASQSISSW,KASSLES,KQYADYWT
GFTFSSH,GTAGD,RASQSISSW,KASSLES,KQYADYWT
GFTFSSY,SAGGTG,RASQGINYY,AASTLQS,QQTGYYPLT
GFTFSSY,SAGGTG,RASQGINYY,AASTLQS,QQTGYYPLT
GDTFSSY,IPIFGT,RASEGIYHW,KASSLAS,QQYSNYPLT
GFTFSSY,SGSGGS,RASQSISSW,KASSLES,QQYNSYPWT
GFTFSSY,SGSGGS,RASQSISSW,KASSLES,QQYNSYPWT
GYTFTNY,NPSNGG,RASKGVSTSGYSY,LASYLES,QHSRDLPLT
GYTFTNY,NPSNGG,RASKGVSTSGYSY,LASYLES,QHSRDLPLT
GYTFTNY,NPSNGG,RASKGVSTSGYSY,LASYLES,QHSRDLPLT
GYTFTNY,NPSNGG,RASKGVSTSGYSY,LASYLES,QHSRDLPLT
EDIFERTE,KTVTGA,TAASYGH,ATSKRAS,QQLEF
EDIFERTE,KTVTGA,TAASYGH,ATSKRAS,QQLEF
EDIFERTE,KTVTGA,TAASYGH,ATSKRAS,QQLEF
GFTFSGY,SYDESN,RTSQSISSY,AASSLQS,QQSYSAPRT
GFTFSGY,SYDESN,RTSQSISSY,AASSLQS,QQSYSAPRT
GFTINGY,WPYGGF,RASQDVSWG,STASLYS,QQYSNFPIT
GGSLDLY,YFDGSY,RASQSVSNVA,EASTRAT,QLSGRR
GDSMNNY,SDRES,GRQALGSRA,NNQDRPS,HMWDSRSGFSWS
GGSLDLY,YFDGSY,RASQSVSNVA,EASTRAT,QLSGRR
GGSLDLY,YFDGSY,RASQSVSNVA,EASTRAT,QLSGRR
GFTFSSH,ISSRTY,SGSRSNIGSNY,RNIQRPS,AAWDDSLSGVV
GFAYSSTYF,DPTDSY,RASQSVSSN,GASTRAT,QQYNNWPYT
GYSITSGY,SYDGR,RASESVEYSGTSL,AASNVES,QQSRKVPYT
GYSITSGY,SYDGR,RASESVEYSGTSL,AASNVES,QQSRKVPYT
GVTVSSN,YSGGT,RASQGISSY,AASTLQS,QQLDSYPPGYT
GFIVSSN,YSGGS,RASQSISSY,AASSLQT,QQSYSTPPYT
GFTFSTY,SYDANY,KSSQSVTFNYKNY,WASTRES,QQHYRTPPT
GFTFSTY,SYDANY,KSSQSVTFNYKNY,WASTRES,QQHYRTPPT
GFTFSTY,SYDANY,KSSQSVTFNYKNY,WASTRES,QQHYRTPPT
GFTFSRC,SRDSTY,RASKIISKY,SGFTLQS,QQHNEYPLT
,,,,
,,,,
,,,,
GYTLTEL,DREDGE,TLPSDISVSSYN,YYSDSDKGQGS,MIWPSNAWV
GYTLTEL,DREDGE,TLPSDISVSSYN,YYSDSDKGQGS,MIWPSNAWV
GFTFMSS,VIGSGN,RASQSVSSSY,GASSRAT,QHYGSSRGWT
GFTFMSS,VIGSGN,RASQSVSSSY,GASSRAT,QHYGSSRGWT
GFTFMSS,VIGSGN,RASQSVSSSY,GASSRAT,QHYGSSRGWT
GFTFRDV,KSKIDGGT,KSSQSVLYSSNNKNY,WASTRES,QQYYSTLT
GFTFRDV,KSKIDGGT,KSSQSVLYSSNNKNY,WASTRES,QQYYSTLT
GFTFRDV,KSKIDGGT,KSSQSVLYSSNNKNY,WASTRES,QQYYSTLT
GFTFMSS,VIGSGN,RASQSVSSSY,GASSRAT,QHYGSSRGWT
GFTFRDV,KSKIDGGT,KSSQSVLYSSNNKNY,WASTRES,QQYYSTLT
GYTLTSY,NTYDGQ,TGSSSNIGAGYA,GNSNRPS,QSYDSSLSGSV
GYTLTSY,NTYDGQ,TGSSSNIGAGYA,GNSNRPS,QSYDSSLSGSV
GYTLTSY,NTYDGQ,TGSSSNIGAGYA,GNSNRPS,QSYDSSLSGSV
GGTFNNV,IPGLDT,RASQTISNNF,GASTRAT,QQYGSSPYT
GFTFSSY,SYDGSN,QASQDISNY,DASNLET,QQYDNLPYT
GFTFSSY,SYDGSN,QASQDISNY,DASNLET,QQYDNLPYT
GFTFSSY,SYDGSN,QASQDISNY,DASNLET,QQYDNLPYT
GFTFDDY,NWNGDI,RASQDISSF,AASLLQS,QQLNSYPLFT
GFTFDDY,NWNGDI,RASQDISSF,AASLLQS,QQLNSYPLFT
GFTFSSY,SYDGSR,SGSSSNIGSNP,DDNQRPS,AAWDDSLNSV
GFTFSSY,SYDGSR,SGSSSNIGSNP,DDNQRPS,AAWDDSLNSV
GFTFSST,SPANGN,RASQDVSTA,SASFLYS,QQAYPALHT
GFTVSSN,YPGGS,RASQGISSY,AASTLQS,QQLNSYPPA
GFTVSSN,YPGGS,RASQGISSY,AASTLQS,QQLNSYPPA
GFTFSNY,SSSGGM,RASQSISNY,TASTLQS,QQSYNSPWT
GFDFDNA,TGPGEGWS,RGDSLASHA,GKNNRPS,SSRDKSGSRLSV
GFDFDNA,TGPGEGWS,RGDSLASHA,GKNNRPS,SSRDKSGSRLSV
GATFSSY,VPSSGA,SGSSSNIGNNY,KNNIRPS,AAWDDSLSGPYV
GYSFTTY,SPVDSD,RASQGISSW,AASSLQS,QQYNIYPYT
GFTFSNY,SYDGSN,TLSSGHSSYA,LNTDGSHSKGD,QTWGTGILV
GFTFSNY,SYDGSN,TLSSGHSSYA,LNTDGSHSKGD,QTWGTGILV
GFTFSNY,SYDGSN,TLSSGHSSYA,LNTDGSHSKGD,QTWGTGILV
GFTFSSY,SGSGGS,RASQGISSY,AASSLQS,QQHGNLPYT
GFTFSSY,SGSGGS,RASQGISSY,AASSLQS,QQHGNLPYT
GYNFRDY,KPLWGA,KASQGGNA,DTSRRAS,QQFEF
GDSMNNY,SDRES,GRQALGSRA,NNQDRPS,HMWDSRSGFSWS
GDSMNNY,SDRES,GRQALGSRA,NNQDRPS,HMWDSRSGFSWS
GDSMNNY,SDRES,GRQALGSRA,NNQDRPS,HMWDSRSGFSWS
GYNFRDY,KPLWGA,KASQGGNA,DTSRRAS,QQFEF
GYNFRDY,KPLWGA,KASQGGNA,DTSRRAS,QQFEF
GFTFSDH,RNKANSYT,SGDALSKQY,KDSERPS,QSADSSGPYQVL
GITVSSN,YSGGS,RASQGISSY,AASTLQS,QQLNSYPPA
GFAFTTY,SDGGGS,RSSQSLLHSNGYNY,LGSNRAS,MQALQTPGT
GFTFSSY,SGSGGS,SGSSSNIGNNA,YDNLLPS,AAWDDSLNDWV
GFTFSSY,SGSGGS,SGSSSNIGNNA,YDNLLPS,AAWDDSLNDWV
GFTFSSY,SGSGGS,SGSSSNIGNNA,YDNLLPS,AAWDDSLNDWV
GFTFSSY,SGSGGS,SGSSSNIGNNA,YDNLLPS,AAWDDSLNDWV
GFTFHDH,TWNGGT,SGSSANIGSNT,SNNQRPS,AAWDDSLKGV
GFTFHDH,TWNGGT,SGSSANIGSNT,SNNQRPS,AAWDDSLKGV
GFTFHDH,TWNGGT,SGSSANIGSNT,SNNQRPS,AAWDDSLKGV
GYRFPDY,NPMGGQ,TGTHNLV,DFNKRPS,WAYEA
GFSFSNF,GSGD,RASQNVKND,AARIRET,QQYYDWPPFT
GFSFSNF,GSGD,RASQNVKND,AARIRET,QQYYDWPPFT
GFSFSNF,GSGD,RASQNVKND,AARIRET,QQYYDWPPFT
GFSFSNF,GSGD,RASQNVKND,AARIRET,QQYYDWPPFT
GFTFSSY,WYDGSN,GGNNIGTKS,YNSDRPS,QVWDSGSDHYV
GFTFSSY,WYDGSN,GGNNIGTKS,YNSDRPS,QVWDSGSDHYV
GFMFNSY,SYDGSD,TGTSNDVGFYNF,DVTERPS,CSYAGTYTFV
GFMFNSY,SYDGSD,TGTSNDVGFYNF,DVTERPS,CSYAGTYTFV
GFNFSSS,YSYSGY,RASQSVSSA,SASSLYS,QQSYYSSPFT
GFNFSSS,YSYSGY,RASQSVSSA,SASSLYS,QQSYYSSPFT
GFSFTSY,DWYGGD,RASQSISSY,GASSRAS,QQYWSEPVT
GFSFTSY,DWYGGD,RASQSISSY,GASSRAS,QQYWSEPVT
GFTFSSY,GTAGD,RASQSIGSY,AASSLQS,QQSYVSPTYT
GFTFSNA,KSKTDGGT,TRSSGSIASNY,EDNQRPS,QSYDSSNQV
GYPFTSY,STYNGN,RASQTVSSTS,GASSRAT,QQHDTSLT
GGSFGRD,IPIFGT,RASQSVDKY,ETSKRAT,HHRGNWPPSFT
GGSFGRD,IPIFGT,RASQSVDKY,ETSKRAT,HHRGNWPPSFT
GFTFSNY,SFDGSK,SGSSSNIGGNT,TNSLRPS,AAWDNSLNGQV
GYTFTGY,NPISSG,RASQSVSSSY,GASSRAT,QQYGSSAWT
GYTFTGY,NPISSG,RASQSVSSSY,GASSRAT,QQYGSSAWT
GYTFTGY,NPISSG,RASQSVSSSY,GASSRAT,QQYGSSAWT
GFTFNSY,RYDGGN,QASQDIRFY,DASNMET,QQYDNLPFT
GFTFNSY,RYDGGN,QASQDIRFY,DASNMET,QQYDNLPFT
GFTFNSY,RYDGGN,QASQDIRFY,DASNMET,QQYDNLPFT
SYTFTSY,NTYAGN,SGSRTNAGRDP,TAPQGPS,TVWDSVPGASV
GFTFSIY,SYDGSN,RASQSISSY,AASSLQS,QQSYSTPRT
GFTFSIY,SYDGSN,RASQSISSY,AASSLQS,QQSYSTPRT
GFTFSIY,SYDGSN,RASQSISSY,AASSLQS,QQSYSTPRT
GFTFSSY,YYDGSN,RASQGIRND,AASSLES,LQHNSNPLT
GFTFSSY,YYDGSN,RASQGIRND,AASSLES,LQHNSNPLT
GGTFSSY,IPIFGT,TGTSSDVGAYDW,DVNNRPS,SSYTRRDTYV
GGTFSSY,IPIFGT,TGTSSDVGAYDW,DVNNRPS,SSYTRRDTYV
GFSLSTSGV,DWDDN,SGSSSNIGNNY,DNNKRPS,GTWDSSLSAGV
GYRFNFY,SPYSGD,TGPNSVCCSHKS,EDNERAP,CSYTHNSGCV
GGSISNY,SDSES,GRQALGSRA,NNQDRPS,HMWDSRSGFSWS
GFTVSSN,YSGGS,RASQSVSSSY,GASSRAT,QQYGSSPGT
GDIFSTY,APVFDT,RASQGISNY,AASTLQS,QKYNSAPLT
GDIFSTY,APVFDT,RASQGISNY,AASTLQS,QKYNSAPLT
GDIFSTY,APVFDT,RASQGISNY,AASTLQS,QKYNSAPLT
GDIFSTY,APVFDT,RASQGISNY,AASTLQS,QKYNSAPLT
GNISPNF,YPDDSD,RASQSVRYN,DASTRAT,QQYDNWPPWT
GFKFSDA,KSKADGQT,RTSQGIYNY,GASTLQS,QKYKSAPLT
GYTFTDN,HPNSGA,GGNNIGRKR,EDSDRPS,QVWDSDSDHVV
GGSISSSSH,YYSES,RTSQSVTSY,DASDRAT,QLRSNWPPIT
GFTFSTY,SYDGSN,QASQDISNY,DASNLET,QQYDNLPLT
GFTFSTY,SYDGSN,QASQDISNY,DASNLET,QQYDNLPLT
GGSISSSSH,YYSES,RTSQSVTSY,DASDRAT,QLRSNWPPIT
GGSISNY,SDSES,GRQALGSRA,NNQDRPS,HMWDSRSGFSWS
GYRFNFY,SPYSGD,TGPNSVCCSHKS,EDNERAP,CSYTHNSGCV
GFTFTTS,VVGSGN,RASQSVSSSY,GASSRAT,QQYGSSPWT
AFTFSSY,SYDGSN,RASQSISSY,AASSLQS,QQSYSTLALT
GLTVSSN,YSGGS,RASQSVPSSY,GASTRAT,QHYDTSPR
GGSVSSGDY,YYSGN,QASQDISNY,DASNLET,QHFDHLPLA
GGSVSSGDY,YYSGN,QASQDISNY,DASNLET,QHFDHLPLA
GFNVKTG,TPYYGS,RASQSVSSA,SARSLYS,QQYSSYSSLFT
GFTFSIY,TTSGHA,TLSSGHNSYA,LNSDGSHTKGD,QTWDTGIRV
GFTFSIY,TTSGHA,TLSSGHNSYA,LNSDGSHTKGD,QTWDTGIRV
GFTFSIY,TTSGHA,TLSSGHNSYA,LNSDGSHTKGD,QTWDTGIRV
GYTFTSY,SAYNGY,RASQGISNW,AASSLLS,QQANSFPIT
GFTFNSY,RYDGGN,QASQDIRFY,DASNMET,QQYDNLPFT
GYTFTSY,NAGNGN,TGTSSDVGGFNY,DVTSRPS,SSHTSRGTWV
GYTFTSY,NAGNGN,TGTSSDVGGFNY,DVTSRPS,SSHTSRGTWV
GGSISSSNF,TYSGR,TRSSGSIASNY,EDNQRPS,QSYDSSSWV
GGNFNSY,IPMFGT,RASQSVSGSY,GASNRAT,QQYGSSPT
DGTFRAY,MPTVGI,RSTQSLVYSDGNTY,KVSNRDS,MQGAHWPPT
GYRFTSY,FPENDD,KSSQSLLYSNNQKNY,WTSTRES,QQYYTYPWT
GYRFTSY,FPENDD,KSSQSLLYSNNQKNY,WTSTRES,QQYYTYPWT
GFTLSNY,GGSGGT,RASQSISSY,GASSLQS,QQSFSTPRT
GFTLSNY,GGSGGT,RASQSISSY,GASSLQS,QQSFSTPRT
GGSFSSGSY,YYSGS,RASQGISNY,AASSLQS,QQYDTYPLT
GFSLSSY,SYGGS,QSSQSVYNNNY,GASTLTS,AGGYSGSSDKYA
GFSLSSY,SYGGS,QSSQSVYNNNY,GASTLTS,AGGYSGSSDKYA
GFSLSSY,SYGGS,QSSQSVYNNNY,GASTLTS,AGGYSGSSDKYA
GFSLSSY,SYGGS,QSSQSVYNNNY,GASTLTS,AGGYSGSSDKYA
GGTFNTY,IPNFGR,RASQNINNW,KASTLET,QQYHSHRT
GGTFNTY,IPNFGR,RASQNINNW,KASTLET,QQYHSHRT
GYPFTSY,STYNGN,RASQTVSSTS,GASSRAT,QQHDTSLT
GYPFTSY,STYNGN,RASQTVSSTS,GASSRAT,QQHDTSLT
GFTFNSY,RYDGGN,QASQDIRFY,DASNMET,QQYDNLPFT
GFTFNSY,RYDGGN,QASQDIRFY,DASNMET,QQYDNLPFT
GFTFNSY,RYDGGN,QASQDIRFY,DASNMET,QQYDNLPFT
GYPFTSY,STYNGN,RASQTVSSTS,GASSRAT,QQHDTSLT
GGTFRTY,VPYHGI,RASQSIASY,DASNLQS,QQAYKTPYT
GGTFRTY,VPYHGI,RASQSIASY,DASNLQS,QQAYKTPYT
GFAFSSF,SSGSGT,RSSKSLLHSNGNTY,RMSNLAS,MQHLEYPLT
GFNIKDT,YPTNGY,RASQDIPRSISGY,WGSYLYS,QQHYTTPPT
GFNIKDT,YPTNGY,RASQDIPRSISGY,WGSYLYS,QQHYTTPPT
GFNIKDT,YPTNGY,RASQDIPRSISGY,WGSYLYS,QQHYTTPPT
GFNIKDT,YPTNGY,RASQDIPRSISGY,WGSYLYS,QQHYTTPPT
GFIFSNH,RSKSINSA,RASQFVGSS,YASESMS,QQSHSWPFT
GFTFSSY,WYDGSN,RASQSVSSSY,GASSRAT,QQYGSSPPT
GFTFSSY,WYDGSN,RASQSVSSSY,GASSRAT,QQYGSSPPT
GFTFSSY,WYDGSN,RASQSVSSSY,GASSRAT,QQYGSSPPT
GFTFSSY,SGSGGS,SGSSSNIGNHY,DNSERPS,GTWDSSLSALV
GFTFSSY,SGSGGS,SGSSSNIGNHY,DNSERPS,GTWDSSLSALV
GFTFSSY,SGSGGS,SGSSSNIGNHY,DNSERPS,GTWDSSLSALV
GYEFIDC,KPRGGA,RTSQYGS,SGSTRAA,QQYEF
GYEFIDC,KPRGGA,RTSQYGS,SGSTRAA,QQYEF
GYEFIDC,KPRGGA,RTSQYGS,SGSTRAA,QQYEF
GFLFSSY,TGYSSE,RASQSVTTF,DVSNRAT,QQRSNWGLT
GFLFSSY,TGYSSE,RASQSVTTF,DVSNRAT,QQRSNWGLT
GFLFSSY,TGYSSE,RASQSVTTF,DVSNRAT,QQRSNWGLT
GFLFSSY,TGYSSE,RASQSVTTF,DVSNRAT,QQRSNWGLT
GFTFSNY,SYDAIS,WASQSVSSN,GASTRAT,QQYNNWPPR
ANTFTNH,YPTGGN,RSSQSVLYSSNNENY,WASTRES,QQYYSLPRT
GYNITSGY,TYDGS,RASKSVDSDGDSY,AASYLES,QQSHEDPYT
GYNITSGY,TYDGS,RASKSVDSDGDSY,AASYLES,QQSHEDPYT
GYGFITY,YPGDSE,RASQSIYSA,AASALQS,QQTDIHPYT
GFTFSDH,RNKANSYT,RASQYIYDS,DSSYLQS,QQSWDTPVT
GYTFTGY,NPNSGG,TGTSSDVGSYNL,EGSKRPS,CSYAGSVV
,,,,
,,,,
,,,,
,,,,
,,,,
,,,,
GLIVSSN,YAGGS,RASQSISSY,AASSLQS,QQSYTTPLFT
GYVFTDY,NTYIGE,KASQNVGTN,SASFLYS,QQYNIYPLT
GYVFTDY,NTYIGE,KASQNVGTN,SASFLYS,QQYNIYPLT
GYVFTDY,NTYIGE,KASQNVGTN,SASFLYS,QQYNIYPLT
GLTVSSN,YSGGS,RASQGISSY,AASTLQS,QQLNSYPPKFT
GLTVSSN,YSGGS,RASQGISSY,AASTLQS,QQLNSYPPKFT
GFTINGT,YPAGGA,RASQDVSTA,SASFLYS,QQSNRAPAT
GFTINGT,YPAGGA,RASQDVSTA,SASFLYS,QQSNRAPAT
GFTVSSN,YSGDS,TGTSSDVGSYNL,EVSKRPS,CSYAGSSTWV
GSDINDY,NSGGS,QASQSIDSN,RASNLAS,LGGVGNVSYRTS
GSDINDY,NSGGS,QASQSIDSN,RASNLAS,LGGVGNVSYRTS
GSDINDY,NSGGS,QASQSIDSN,RASNLAS,LGGVGNVSYRTS
GSDINDY,NSGGS,QASQSIDSN,RASNLAS,LGGVGNVSYRTS
GFTFSSY,SGGGSY,KASQDVETV,WASTRHT,QQYSRYPWT
GFTFSSY,SGGGSY,KASQDVETV,WASTRHT,QQYSRYPWT
,,,,
,,,,
GFTFSSY,KPDGSE,TGTSSDVGGYIY,DVSRRPS,NSYTTLSTWL
GFTFSSY,KPDGSE,TGTSSDVGGYIY,DVSRRPS,NSYTTLSTWL
GFTFSSY,KPDGSE,TGTSSDVGGYIY,DVSRRPS,NSYTTLSTWL
DSAIRKY,YASGS,RASQGINRR,AVSTLQS,LQSNNYPLT
DSAIRKY,YASGS,RASQGINRR,AVSTLQS,LQSNNYPLT
DSAIRKY,YASGS,RASQGINRR,AVSTLQS,LQSNNYPLT
DSAIRKY,YASGS,RASQGINRR,AVSTLQS,LQSNNYPLT
GFTFSSY,PFDGRN,RASQSISNW,EASSLES,QQYNSYPWT
GFTFSSY,PFDGRN,RASQSISNW,EASSLES,QQYNSYPWT
GGTVN,FPLLGV,TSSQSLLHSTGYNY,LGSIRAS,MQALEIPRLT
GGTVN,FPLLGV,TSSQSLLHSTGYNY,LGSIRAS,MQALEIPRLT
,,,,
GYTFTNY,NAGNGN,SGDALPKQY,KDSERPS,QAADSSNTEYV
GYTFTNY,NAGNGN,SGDALPKQY,KDSERPS,QAADSSNTEYV
GYTFTNY,NAGNGN,SGDALPKQY,KDSERPS,QAADSSNTEYV
GYTFTNY,NAGNGN,SGDALPKQY,KDSERPS,QAADSSNTEYV
GGSVSSSNY,YYSGS,RASQSVSSSY,GASSRAT,QQYGSSPQT
GGSVSSSNY,YYSGS,RASQSVSSSY,GASSRAT,QQYGSSPQT
GGSVSSSNY,YYSGS,RASQSVSSSY,GASSRAT,QQYGSSPQT
GYTFTNY,KPVFGA,QAGQGIGSS,GASNLQR,AVFQW
GGSISSSQ,SHGVY,QGDSLRGYY,GKNNRPS,ASRDSSGNHPVV
GGSFSGY,NHSGS,TGSSGNIASNY,EDNQRPS,QSYDNNIQV
GFTFTSS,VVGSGN,RGSQSVRSSY,GASSRAT,QQYGSSPWT
GFTFTSS,VVGSGN,RGSQSVRSSY,GASSRAT,QQYGSSPWT
GFTFTSS,VVGSGN,RGSQSVRSSY,GASSRAT,QQYGSSPWT
GFTFRNA,KSRADGGP,TGSSSNIGAGYD,GNNNRPS,QSYDIRLSDNYV
GFTFRNA,KSRADGGP,TGSSSNIGAGYD,GNNNRPS,QSYDIRLSDNYV
GFTFRNA,KSRADGGP,TGSSSNIGAGYD,GNNNRPS,QSYDIRLSDNYV
GYTFSDF,DPEDAD,RASQDISTW,AASTLQS,QQANSFFT
GYTFSDF,DPEDAD,RASQDISTW,AASTLQS,QQANSFFT
GFTFSSY,YPSGGI,TGTSSDVGGYNY,DVSNRPS,SSYTSSSTRV
GYTFTGY,NPNSGG,RASQSVSSY,DASNRAT,QQYEF
GDSMNNY,SDRES,GRQALGSRA,NNQDRPS,HMWDSRSGFSWS
GYKFTGY,NPFRGA,AGSSRDVGGFDL,EVNKRPS,YSYADGVA
,,,,
,,,,
,,,,
GGNFNMY,IPIANK,RASQTINSW,DASNLES,QQYESYSPIT
GGNFNMY,IPIANK,RASQTINSW,DASNLES,QQYESYSPIT
GGNFNMY,IPIANK,RASQTINSW,DASNLES,QQYESYSPIT
GFTFSSN,SSGSD,SGGSYSSYY,SDDKRPS,GGYDQSSYTNP
GYSFTSY,DPSDSD,KSSQSVLLSPWNSNQ,GASTRES,QQYYLIPST
GYSFTSY,DPSDSD,KSSQSVLLSPWNSNQ,GASTRES,QQYYLIPST
GYSFTSY,DPSDSD,KSSQSVLLSPWNSNQ,GASTRES,QQYYLIPST
GYSFTSY,DPSDSD,KSSQSVLLSPWNSNQ,GASTRES,QQYYLIPST
GFAFSSF,SSGSGT,RSSKSLLHSNGNTY,RMSNLAS,MQHLEYPLT
GLTVSSN,YSGGS,RASQSVPSSY,GASTRAT,QHYDTSPR
AFTFSSY,SYDGSN,RASQSISSY,AASSLQS,QQSYSTLALT
GFTFSDS,SPYGGS,RASQDVSTA,SASFLYS,QQYLYHPAT
GFTFSDS,SPYGGS,RASQDVSTA,SASFLYS,QQYLYHPAT
GFTFSDS,SPYGGS,RASQDVSTA,SASFLYS,QQYLYHPAT
GFTFSDS,SPYGGS,RASQDVSTA,SASFLYS,QQYLYHPAT
GFTFSDS,SPYGGS,RASQDVSTA,SASFLYS,QQYLYHPAT
GYTFTGY,NPYNDD,RSSQRLVHSNGNTY,RVSNRFP,SQSTHVPYT
GYTFTGY,NPISDG,TGTSSDVGGYNF,DVSKRPS,SSYTSSSTFV
GYTFTDY,NPNSGG,GGNNIGSKS,YDFDRPS,QVWDSDRYWV
GFTVSSN,YSGGS,RASQSVSSY,GASSRAT,QQYGSSPRT
GFTVSSN,YSGGS,RASQSVSSY,GASSRAT,QQYGSSPRT
GFTFSNT,TPSSGQ,RASQDVSTA,SAKFLYS,QQSYTTPPT
GFTFSNT,TPSSGQ,RASQDVSTA,SAKFLYS,QQSYTTPPT
DFPFSKY,SGDAWH,KSSESLRQSNGKTS,EVSNRFS,MQSKDFPLT
DFPFSKY,SGDAWH,KSSESLRQSNGKTS,EVSNRFS,MQSKDFPLT
GYRFPSS,YPGDGE,GGVDIGSTL,DDSDRPS,QVWHSTSAVI
GYRFPSS,YPGDGE,GGVDIGSTL,DDSDRPS,QVWHSTSAVI
GDTFIRY,ITILDV,RASESVSSD,GASTRAT,QQYNNWPPRYT
GFTFSPY,NSGGGI,RAGQGVSNY,KASSLQS,LQHNIHPYS
GFTFSPY,NSGGGI,RAGQGVSNY,KASSLQS,LQHNIHPYS
GFTFSSY,SVSGGS,TGTSSDVGGYNY,DVSKRPS,SSYADSVV
GFTFSSY,SVSGGS,TGTSSDVGGYNY,DVSKRPS,SSYADSVV
GFTFSSY,SVSGGS,TGTSSDVGGYNY,DVSKRPS,SSYADSVV
GFTFSSY,SVSGGS,TGTSSDVGGYNY,DVSKRPS,SSYADSVV
GYTLTSY,NTYDGQ,TGSSSNIGAGYA,GNSNRPS,QSYDSSLSGSV
GYTLTSY,NTYDGQ,TGSSSNIGAGYA,GNSNRPS,QSYDSSLSGSV
GYTLTSY,NTYDGQ,TGSSSNIGAGYA,GNSNRPS,QSYDSSLSGSV
GFTFSNY,RSSGTV,RTSQGISTP,DAFSLES,QQFYDYPIT
GFTFSNY,RSSGTV,RTSQGISTP,DAFSLES,QQFYDYPIT
GFAFSSF,SSGSGT,RSSKSLLHSNGNTY,RMSNLAS,MQHLEYPLT
GYTLTRY,NPNGGG,RPSQSISTF,DASSLQS,QQSFSTPYT
GYTLTRY,NPNGGG,RPSQSISTF,DASSLQS,QQSFSTPYT
GYTLTRY,NPNGGG,RPSQSISTF,DASSLQS,QQSFSTPYT
EYIFTNY,DTNTGE,RSSQSLVHSNGYTY,KVSNHLS,SQSTHVPYT
EYIFTNY,DTNTGE,RSSQSLVHSNGYTY,KVSNHLS,SQSTHVPYT
GFTFGDY,RSKANGGR,RASQSVSSTY,GASSRAT,QQYGSSPWT
GFTFGDY,RSKANGGR,RASQSVSSTY,GASSRAT,QQYGSSPWT
GFTFGDY,RSKANGGR,RASQSVSSTY,GASSRAT,QQYGSSPWT
GFTFGDY,RSKANGGR,RASQSVSSTY,GASSRAT,QQYGSSPWT
GYDFDNY,NTYTGE,SASQDISNY,FTDDLHS,QQYSTVPWT
GYDFDNY,NTYTGE,SASQDISNY,FTDDLHS,QQYSTVPWT
GFIVSRN,YSGGS,RASQSISSSY,GATSRAT,QQYGSSPGYT
GSSFGESTLSYY,NAGGGD,QASQDIRKF,DASNLQR,QQYDGLPFT
GFTFSSY,WYDGSN,SGDALAKHY,KDSERPS,QSADSIGSSWV
GFTFSSY,WYDGSN,SGDALAKHY,KDSERPS,QSADSIGSSWV
GVNTFGLY,WRWK,RASQSITGNW,RGAALLG,QQYDTYPGT
GFTFDDY,SWNGAG,QASQGIGNY,DASNLET,QQYDNLPLT
GFSFSSY,NSGGGG,RASQTVGSK,DATNRAT,QQYYYWPPYR
GFSFSSY,NSGGGG,RASQTVGSK,DATNRAT,QQYYYWPPYR
GYTFTSY,NPNSGN,KSSQSVLYSSNNKNY,WASTRES,QQYYSTPLT
GYTFTSY,NPNSGN,KSSQSVLYSSNNKNY,WASTRES,QQYYSTPLT
GYTFTSY,NPNSGN,KSSQSVLYSSNNKNY,WASTRES,QQYYSTPLT
GYTFTGY,NPNSGG,QASQDISNY,DASNLET,QQYEF
GYTFTGY,NPNSGG,QASQDISNY,DASNLET,QQYEF
GFTVSSN,YSGGS,QASQDISNY,DASNLET,QQYDNLPVT
GFTFSSY,WYDGSN,TGSSSNIGAGYD,GNSNRPS,QSYDSSLSGFYVV
,,,,
,,,,
,,,,
,,,,
,,,,
GATLNSH,IPIFGS,SGSSSNIGNND,ENNERPS,GTWDSSLSAVV
GATLNSH,IPIFGS,SGSSSNIGNND,ENNERPS,GTWDSSLSAVV
GATLNSH,IPIFGS,SGSSSNIGNND,ENNERPS,GTWDSSLSAVV
GGTSNNY,SPIFGS,SGSDSNIGRRS,SNDQRPS,AAWDDSLKGAV
GYPFTSY,STYNGN,RASQTVSSTS,GASSRAT,QQHDTSLT
GYPFTSY,STYNGN,RASQTVSSTS,GASSRAT,QQHDTSLT
GYPFTSY,STYNGN,RASQTVSSTS,GASSRAT,QQHDTSLT
GFNIKDT,YPTNGY,RASQDVNTA,SASFLYS,QQHYTTPPT
GASISDH,YDSGD,GRQALGSRA,NNQDRPS,HMWDSRSGFSWS
GYRFNFY,SPYSGD,TGPNSVCCSHKS,EDNERAP,CSYTHNSGCV
GFTFSDY,RSSGHT,RASQGISNY,AASTLQS,QKYNNALGT
GFTFSDY,RSSGHT,RASQGISNY,AASTLQS,QKYNNALGT
GYPFTSY,STYNGN,RASQTVSSTS,GASSRAT,QQHDTSLT
GYPFTSY,STYNGN,RASQTVSSTS,GASSRAT,QQHDTSLT
GFNIKDT,YPTNGY,RASQDVNTA,SASFLYS,QQHYTTPPT
ANTFTNH,YPTGGN,RSSQSVLYSSNNENY,WASTRES,QQYYSLPRT
ANTFTNH,YPTGGN,RSSQSVLYSSNNENY,WASTRES,QQYYSLPRT
ANTFTNH,YPTGGN,RSSQSVLYSSNNENY,WASTRES,QQYYSLPRT
GFTFSSY,SGSGGS,TRSSGSLANYY,ANNQRPS,QTYDPYSVV
GFTFNNY,SQDGGN,RASQGISSW,AVSSLQS,QQAKSFPFT
GFTFTTS,VVGSGN,RASQSVSSSY,GASSGAT,QQYGSSPYT
GFTFNNY,SQDGGN,RASQGISSW,AVSSLQS,QQAKSFPFT
GFTFTTS,VVGSGN,RASQSVSSSY,GASSGAT,QQYGSSPYT
GFAFSSF,SSGSGT,RSSKSLLHSNGNTY,RMSNLAS,MQHLEYPLT
GFTFSSY,SGSGGS,RASQSVSSSY,GTSNRAT,QQYGSSPCS
GYSFSSF,SAFNGY,SGSTSNLKRNY,RDRRRPS,AWYDRELSEWV
GITFSNS,WYDGSK,RASQSVSSY,DASNRAT,QQSSNWPRT
GYKFIDH,NPRGGG,RTSQGILSNQ,GGSNRAP,QILEF
GYKFIDH,NPRGGG,RTSQGILSNQ,GGSNRAP,QILEF
GYTFTGY,NPISSG,RASQSVSSSY,GASSRAT,QQYGSSAWT
GFTFSSY,WYDGSN,SGDALAKHY,KDSERPS,QSADSIGSSWV
GFTFSSY,WYDGSN,SGDALAKHY,KDSERPS,QSADSIGSSWV
GFTFSSY,WYDGSN,SGDALAKHY,KDSERPS,QSADSIGSSWV
GYTFTGY,NPISSG,RASQSVSSSY,GASSRAT,QQYGSSAWT
GYTFTGY,NPISSG,RASQSVSSSY,GASSRAT,QQYGSSAWT
GGSFSGY,NHSGG,TGSSSNIGAGFD,GNSFRPS,QSYDSSLSGVV
GGSFSGY,NHSGG,TGSSSNIGAGFD,GNSFRPS,QSYDSSLSGVV
GGSFSGY,NHSGG,TGSSSNIGAGFD,GNSFRPS,QSYDSSLSGVV
GFTFHKY,SDDGMR,QGTSSDVGGFDS,DVSHRPS,SSLTDRSHRI
GGSISSSVY,YPSGN,RASQGISSW,AASSLQS,LQANSFPPT
GGSISSSVY,YPSGN,RASQGISSW,AASSLQS,LQANSFPPT
GYEFIDC,KPRGGA,RTSQYGS,SGSTRAA,QQYEF
GFSLSSY,SYGGS,QSSQSVYNNNY,GASTLTS,AGGYSGSSDKYA
GFSLSSY,SYGGS,QSSQSVYNNNY,GASTLTS,AGGYSGSSDKYA
GYTFTDS,YPDNGD,RASQDISNY,YTSRLRS,QQGHTLPPT
GYAFTNY,NPGSGD,HASQDISSY,HGTNLES,VHYAQFPYT
GDSISSNNY,YYSGS,TGSSSNIGAGYD,GNINRPS,QSYDSSLSGAL
GDSISSNNY,YYSGS,TGSSSNIGAGYD,GNINRPS,QSYDSSLSGAL
GFSLSTAGM,WWDDK,SASSRVGY,DTSKLAS,FQGSGYPFT
GGSISSY,HYSGS,RASQSITSSF,GASSRAT,QQYDTSRT
GFTFSSY,SGSGGS,TRSSGSLANYY,ANNQRPS,QTYDPYSVV
GFTFSSY,SGSGGS,TRSSGSLANYY,ANNQRPS,QTYDPYSVV
GFNIKDT,YPTNGY,RASQDVNTA,SASFLYS,QQHYTTPPT
GFTFSSY,KQDGSE,RASQSISTY,AASSLQG,QQSYSTPLYT
GFTFSSY,KQDGSE,RASQSISTY,AASSLQG,QQSYSTPLYT
GFTFSVY,WYDGDN,RASQSIGSS,YASQSFS,HQSSSLPFT
GGTFSNY,IPIFNI,RASQSISNW,KASSLKS,QQHDSSPYT
GGTFSNY,IPIFNI,RASQSISNW,KASSLKS,QQHDSSPYT
GFTFSNY,KQDGSK,SGDALPKQF,KDSERPS,QSVDNSGTYEV
GFTFSNY,KQDGSK,SGDALPKQF,KDSERPS,QSVDNSGTYEV
GFTFSSY,SGSGGS,TRSSGSLANYY,ANNQRPS,QTYDPYSVV
GFTFSSY,SGSGGS,TRSSGSLANYY,ANNQRPS,QTYDPYSVV
GFTINAS,YPYSGY,RASQVIRRS,AASNLAS,QQSNTSPLT
GFTINAS,YPYSGY,RASQVIRRS,AASNLAS,QQSNTSPLT
GYTFTSY,YPGNGD,SASSSVSY,LTSNLAS,QQWSSNPLT
GYTFTSY,YPGNGD,SASSSVSY,LTSNLAS,QQWSSNPLT
GGSISSGGY,YYSGS,TRSSGSIASNY,EDNQRPS,QSYDSSNVV
GGSISSGGY,YYSGS,TRSSGSIASNY,EDNQRPS,QSYDSSNVV
GGSISSGGY,YYSGS,TRSSGSIASNY,EDNQRPS,QSYDSSNVV
GGSISSGGY,YYSGS,TRSSGSIASNY,EDNQRPS,QSYDSSNVV
GFSLTSY,YADGS,KSSESVSND,YAFHRFT,HQAYSSPYT
GFSLTSY,YADGS,KSSESVSND,YAFHRFT,HQAYSSPYT
GFTFSST,SPYYYY,RASQDVSTA,SASFLYS,QQSFYFPNT
GFTFSST,SPYYYY,RASQDVSTA,SASFLYS,QQSFYFPNT
GGSSSSGAH,HYSGN,TGTSSDVGGYNY,EVNNRPS,SSYTDIHNFV
GGSSSSGAH,HYSGN,TGTSSDVGGYNY,EVNNRPS,SSYTDIHNFV
GFTFSTY,SYDGSN,TGSSSNIGAGYD,SNSQRPS,AAWDDSLNGQVV
GFTFSTY,SYDGSN,TGSSSNIGAGYD,SNSQRPS,AAWDDSLNGQVV
GGTFSSY,IPMFGI,RASQSISNY,AASSLQS,QQSYSPPPT
GGTFSSY,IPMFGI,RASQSISNY,AASSLQS,QQSYSPPPT
GGTFSSY,IPMFGI,RASQSISNY,AASSLQS,QQSYSPPPT
GFTFTPY,SGSGGS,GGDNIGRTS,YDNDRPS,QVWDSNNDHPV
GFTFTPY,SGSGGS,GGDNIGRTS,YDNDRPS,QVWDSNNDHPV
GFTFTPY,SGSGGS,GGDNIGRTS,YDNDRPS,QVWDSNNDHPV
GFTFTPY,SGSGGS,GGDNIGRTS,YDNDRPS,QVWDSNNDHPV
GYTFIDE,RPYSGE,KASQSVSND,YASNRYT,QQDYGSPPT
GFNIYSS,SSYSGY,RASQSVSSA,SASSLYS,QQYYYGYPIT
GFNIYSS,SSYSGY,RASQSVSSA,SASSLYS,QQYYYGYPIT
GFTFSNY,SGGGSN,KASQDVTTA,WASTRHT,QQHYTIPWT
GYTFTNY,HPSSGG,RASQGINNY,AASTLQS,QKYNSAPFT
GFTFSPY,NSDSTY,RSSQSLLHTNGYNY,LASNRAS,MQALQIPRT
GSDINDY,NSGGS,QASQSIDSN,RASNLAS,LGGVGNVSYRTS
GSDINDY,NSGGS,QASQSIDSN,RASNLAS,LGGVGNVSYRTS
GSDINDY,NSGGS,QASQSIDSN,RASNLAS,LGGVGNVSYRTS
GSDINDY,NSGGS,QASQSIDSN,RASNLAS,LGGVGNVSYRTS
GGSISSSSY,YYSGS,SGSSSNIGNNY,DNNKRPS,GTWDTSLSAYV
GFDYSRY,NPVSST,SASSSVSY,DTSKLTS,QQWSSHPQT
GFDYSRY,NPVSST,SASSSVSY,DTSKLTS,QQWSSHPQT
GFSIGKS,YPHDGN,RASQDVSTA,SASFLYS,QQSYTTPPT
GFSIGKS,YPHDGN,RASQDVSTA,SASFLYS,QQSYTTPPT
GGFFPYA,IPADGT,RTSQGVGNR,RASNRHG,QQYYDSRET
GGFFPYA,IPADGT,RTSQGVGNR,RASNRHG,QQYYDSRET
GGFFPYA,IPADGT,RTSQGVGNR,RASNRHG,QQYYDSRET
GYSFSTY,YPGDSY,SGDNIGDQY,QDKNRPS,ATYTGFGSLAV
GYSFSTY,YPGDSY,SGDNIGDQY,QDKNRPS,ATYTGFGSLAV
GFTISDY,TPAGGY,RASQDVSTA,SASFLYS,QQSYTTPPT
GFTISDY,TPAGGY,RASQDVSTA,SASFLYS,QQSYTTPPT
GFTFGDY,RSKAYGGT,RSSQSLLHSNGYNY,LGSNRAS,MQSLQTPRLT
GFSFGNA,KSKSDGGT,TGSSSNIGAGYD,GNNNRPS,QTYDSRLRDQWV
GFSFGNA,KSKSDGGT,TGSSSNIGAGYD,GNNNRPS,QTYDSRLRDQWV
GFSFGNA,KSKSDGGT,TGSSSNIGAGYD,GNNNRPS,QTYDSRLRDQWV
GGSISSY,YYSGN,RASQGISSY,AASTLQS,QQLNSYPHT
GGSISSY,YYSGN,RASQGISSY,AASTLQS,QQLNSYPHT
GFDFDNA,TGPGEGWS,RGDSLRSHY,GKNNRPS,SSRDKSGSRLSV
GFDFDNA,TGPGEGWS,RGDSLRSHY,GKNNRPS,SSRDKSGSRLSV
,,,,
,,,,
GYTFTSY,IPMFGT,RASQGISNN,AASSLES,QQGNGFPLT
GGTFSTY,SPNSGG,KSSQSVLYSSNNKNY,WASTRES,QQYYSTPPT
GFTFKNY,YNSEES,RASQTISGW,QASRLES,QQYSTFWT
GFTFKNY,YNSEES,RASQTISGW,QASRLES,QQYSTFWT
EFIVSRN,YSGGS,RASQGVSSF,GASSRAT,QQYGSSPRT
GFAFTTY,SDGGGS,RSSQSLLHSNGYNY,LGSNRAS,MQALQTPGT
GYTLIEI,DPEAGE,TGTSSDVGSYNY,DVTKRPS,SSYTSSSTWV
GYTLIEI,DPEAGE,TGTSSDVGSYNY,DVTKRPS,SSYTSSSTWV
EFTFRMY,SYDGSN,RASQGISSW,AASSLQS,QQANSFPLT
GFTFSNF,SGGGRD,RASLSINTF,AASSLHG,QQSSNTPFT
GFTFSNF,SGGGRD,RASLSINTF,AASSLHG,QQSSNTPFT
GFTFSSY,SYDGSN,RASQSISSY,AASSLQS,QQSYNLPRT
GFTFSSY,SYDGSN,RASQSISSY,AASSLQS,QQSYNLPRT
GFTFSRY,KQDGSE,RASQRVSSSY,DASSRAT,QQYGSLPWT
GYTFTSY,NPSGGS,RASQGISSY,AASTLQS,QQLNTYPFT
GYTFTSY,NPSGGS,RASQGISSY,AASTLQS,QQLNTYPFT
GYTFTSY,NPSGGS,RASQGISSY,AASTLQS,QQLNTYPFT
GFTFSDS,SPYGGS,RASQDVSTA,SASFLYS,QQYLYHPAT
GYIFTSY,KPSDDS,TGTSSDVGGYNF,EVSDRPS,FSYTTSTTWV
GFTFRDY,SRSGST,QASQDIKNY,DASNLET,QQFDNLPIT
GDSVSSNSA,YYRSKWY,SGSSSNIGNNG,YDDLLPS,EAWDDSLDGVV
GDSVSSNSA,YYRSKWY,SGSSSNIGNNG,YDDLLPS,EAWDDSLDGVV
GGTFGNW,DPSRGE,GGNNIGRKS,DDSDRPS,QVYDLFSDYV
GGTFGNW,DPSRGE,GGNNIGRKS,DDSDRPS,QVYDLFSDYV
GFNISYS,YSYSGY,RASQSVSSA,SASSLYS,QQSSSSLIT
GGTFSNY,IPILGI,RASQSISSY,AASSLQS,QQSYSTPRT
,,,,
GFTFRTY,WNDGSN,RASQSISNF,AASSLQS,QQSYSTLYS
GFTFSSY,SSNGGS,RASQSISTW,ETSSLES,QQFNSYPWT
GGTFSSF,IPIYGT,TGSSSNIGSGYD,GNSNRPS,QSYDSSLSGV
GYTFTDY,NTYTGE,RASESVDNYGISF,AASHQGS,LQSKEVPWT
GYTFTSY,YPGDGD,KSTKSLLNSDEFTY,LVSNRFS,FQSNYLPYT
GFAFSSF,SSGSGT,RSSKSLLHSNGNTY,RMSNLAS,MQHLEYPLT
GYTFTDF,RPLGGG,TASSDFRGFSS,SVNRRPS,NAYEF
GTLVRDN,HDSGD,GEESLGSRS,NNNDRPS,HIWDSRRPTNWV
,,,,
,,,,
GVTVSSN,YSGGT,RASQGISSY,AASTLQS,QQLDSYPPGYT
GVTVSSN,YSGGT,RASQGISSY,AASTLQS,QQLDSYPPGYT
GYRFNFY,SPYSGD,TGPNSVCCSHKS,EDNERAP,CSYTHNSGCV
GGSISNY,SDSES,GRQALGSRA,NNQDRPS,HMWDSRSGFSWS
GFAFSSF,SSGSGT,RSSKSLLHSNGNTY,RMSNLAS,MQHLEYPLT
GFDFSRY,VYAGSN,QASQGISRS,DASHLER,QQYDNLRIS
GDSIRSD,SYSGS,RASQSIGNN,YASQSIS,QQSNSWPYT
GFTFSSY,WGSGSN,QASQDISNY,DASNLET,QQHDALPWT
GFTFSSY,WGSGSN,QASQDISNY,DASNLET,QQHDALPWT
GGTFNNN,IPFFGI,GASQSVSSSY,DASSRAT,QQYGSSPLT
GGTFNNN,IPFFGI,GASQSVSSSY,DASSRAT,QQYGSSPLT
GYEFTSY,SPNSGS,RASQSISNN,YTSRSVS,GQNNEWPEV
GYEFTSY,SPNSGS,RASQSISNN,YTSRSVS,GQNNEWPEV
GFNVSYS,YPSSGY,RASQSVSSA,SASSLYS,QQSQWYPIT
GFNVSYS,YPSSGY,RASQSVSSA,SASSLYS,QQSQWYPIT
GVTVSSN,YSGGS,TGTSSDVGSYNL,EVTKRPS,CSYAGSSTWV
GVTVSSN,YSGGS,TGTSSDVGSYNL,EVTKRPS,CSYAGSSTWV
GATLNSH,IPIFGS,SGSSSNIGNND,ENNERPS,GTWDSSLSAVV
GATLNSH,IPIFGS,SGSSSNIGNND,ENNERPS,GTWDSSLSAVV
GATLNSH,IPIFGS,SGSSSNIGNND,ENNERPS,GTWDSSLSAVV
GYTFTSY,YPGNGD,RASSSVSY,ATSNLAS,QQWTSNPPT
GYTFTSY,YPGNGD,RASSSVSY,ATSNLAS,QQWTSNPPT
GYRFISH,DPSGRG,SGDALPSQY,KDSERPP,QSADASTTYHV
GFTVSRN,YSGDD,KSSQSLLYSSRNKNY,WASTRES,QQYYSIPLT
GFTVSRN,YSGDD,KSSQSLLYSSRNKNY,WASTRES,QQYYSIPLT
,,,,
,,,,
GYTFTSH,YPGDGD,RSSTGAVTSGNF,GADNRAP,ALWYSDHWV
GYTFTSH,YPGDGD,RSSTGAVTSGNF,GADNRAP,ALWYSDHWV
GFTFITS,AVGSGN,RASQSVSRNY,GASSRAT,QQYGSSLFT
GYSFTSY,SAYNGN,TGTSSDVGGYNY,DVSKRPS,SSYTSSSTLV
GYSFTSY,SAYNGN,TGTSSDVGGYNY,DVSKRPS,SSYTSSSTLV
GFTFGDY,RSKVYGGT,SGSSSNIGNNY,DDDKRPS,GTWDSRLSAGVV
GDSINSGDY,YYSGT,GGDNIESKG,DDHDRPS,QVWDTSSEHPV
GDSINSGDY,YYSGT,GGDNIESKG,DDHDRPS,QVWDTSSEHPV
GYSFSNY,YPGDSD,SGSSSNIGNNP,DNNKRPS,GTWHTSLSSGV
GYSFSNY,YPGDSD,SGSSSNIGNNP,DNNKRPS,GTWHTSLSSGV
GYSFSNY,YPGDSD,SGSSSNIGNNP,DNNKRPS,GTWHTSLSSGV
GFPFSTY,TGDSGS,RASQSINQW,KASTLET,QHYFSYPWT
GYIFIRY,SANNGY,RASQSIASY,AASSLQS,QQSYSTLGIT
GLTVSSN,YSGGS,RASQSVPSSY,GASTRAT,QHYDTSPR
GFTVSSN,YSGGT,RASQGISSY,AASTLEN,QQLNSYPGT
GYSFTSY,YPGDSD,RASQSVSSSY,GASTRAT,QQYDNWPLMHT
GFTIGDF,WPFGGY,RASQDVGFY,WSSYLYS,QQYYNYPLT
GFTIGDF,WPFGGY,RASQDVGFY,WSSYLYS,QQYYNYPLT
GYRFNFY,SPYSGD,TGPNSVCCSHKS,EDNERAP,CSYTHNSGCV
GGSISNY,SDSES,GRQALGSRA,NNQDRPS,HMWDSRSGFSWS
GFNFTTY,SSHSNL,SGDKLGDKF,QDSKRPS,QAWDSNTYV
GFNFTTY,SSHSNL,SGDKLGDKF,QDSKRPS,QAWDSNTYV
GVSVTSDIY,FYNGD,RPSQNIRSF,AASNLQS,QQSYNTPPT
GVSVTSDIY,FYNGD,RPSQNIRSF,AASNLQS,QQSYNTPPT
GYPFTSY,STYNGN,RASQTVSSTS,GASSRAT,QQHDTSLT
GYTFTNY,SAYKGN,TGSSSNIGAGYD,GNTNRPS,QSYDSSLSGSEVV
GFTFDDY,NWNGGS,RASQSVSYN,DASTRAT,QQYNNWPPYT
GFTFDDY,NWNGGS,RASQSVSYN,DASTRAT,QQYNNWPPYT
GFTFDDY,NWNGGS,RASQSVSYN,DASTRAT,QQYNNWPPYT
GVTVSSN,YPGGS,RASQGISSY,AASTLQS,QQLNSYRYT
GFTFDDY,SWNSGT,GGNTIGSKS,DDSDRPS,QVWDSSSDRVV
EFIVSRN,YSGGS,QASQDINKY,DASHLET,HQYDNLPRT
EFIVSRN,YSGGS,QASQDINKY,DASHLET,HQYDNLPRT
EFIVSRN,YSGGS,QASQDINKY,DASHLET,HQYDNLPRT
EFIVSRN,YSGGS,QASQDINKY,DASHLET,HQYDNLPRT
GFTFSSF,SFDGS,SGSSSNIGNNY,DNNKRPS,GTWDSRLSAVV
GFTFSSF,SFDGS,SGSSSNIGNNY,DNNKRPS,GTWDSRLSAVV
RGTFSSY,IPIFDV,RASQSVSSSY,GASSRAT,QQYGSSPET
GGSISSSN,YHGGS,QGDSLRGYY,GKNNRPS,NSRDSSGNHPVV
GFTFSSH,SGSGSN,RASQSISSY,AVSTLQS,QQSGTFPPTT
GFTFSSH,SGSGSN,RASQSISSY,AVSTLQS,QQSGTFPPTT
GFTFRNY,KYDGRN,QASQDIRNY,DASNSET,QQHQNVPLTT
GFTFRNY,KYDGRN,QASQDIRNY,DASNSET,QQHQNVPLTT
GFTFSSY,VGSGGS,RASQGIGNW,AASSLQS,QQANSFPP
GASISANSY,AYRGNSNSGS,SGNSSNIGRYP,SDNLRFS,STWDDTLEGWV
GYSFSDY,YPASSE,RSSQSLLHGNGYNY,LGSNRAS,MQALQTPLT
GYSFSDY,YPASSE,RSSQSLLHGNGYNY,LGSNRAS,MQALQTPLT
GYNFVKY,DPYRGR,SGGPSNVGGNY,RDDQRPS,ATYDSDGSIRL
GYNFVKY,DPYRGR,SGGPSNVGGNY,RDDQRPS,ATYDSDGSIRL
GGSISSSSY,YFSGT,RASQAVRSS,SASTLEN,QQLNTYPFT
GGSISSSSY,YFSGT,RASQAVRSS,SASTLEN,QQLNTYPFT
GFTFNKF,QVDGSE,RASQGITTY,AASSLQS,QQLNTYPYT
GFTFNKF,QVDGSE,RASQGITTY,AASSLQS,QQLNTYPYT
GFNVSSS,SSYYGY,RASQSVSSA,SASSLYS,QQYFYWPIT
GFTLSSY,SGSGGN,TGSSSNIGAGYD,GDTNRPS,AAWDDSLNGPV
GITVSSN,YSGGS,RASQSISRY,AASSLQS,QQSYSTLPYT
GITVSSN,YSGGS,RASQSISRY,AASSLQS,QQSYSTLPYT
GITVSSN,YSGGS,RASQSISRY,AASSLQS,QQSYSTLPYT
GITVSSN,YSGGS,RASQSISRY,AASSLQS,QQSYSTLPYT
GFTFSNY,SYDGSH,KSSQSILYNSNNKTY,WASTRES,QQYYSIPLI
GYTFTGY,NPNSGG,TGTSSDVGGYNY,EVSKRPS,SSYAGSNNLV
GYTFTGY,NPNSGG,TGTSSDVGGYNY,EVSKRPS,SSYAGSNNLV
GYTFTGY,NPNSGG,TGTSSDVGGYNY,EVSKRPS,SSYAGSNNLV
GYSITSGY,KYSGE,RASKPVDGEGDSY,AASYLES,QQSHEDPYT
GYSITSGY,KYSGE,RASKPVDGEGDSY,AASYLES,QQSHEDPYT
GYSITSGY,KYSGE,RASKPVDGEGDSY,AASYLES,QQSHEDPYT
GYSITSGY,KYSGE,RASKPVDGEGDSY,AASYLES,QQSHEDPYT
,,,,
GGSISRGSH,YYSGN,SGSSSNIGSNY,RNNQRPS,ATWDDSLSAVI
GGSISRGSH,YYSGN,SGSSSNIGSNY,RNNQRPS,ATWDDSLSAVI
GFTFNSF,SGSGGG,RASQSVSSY,DASNRAT,QQRSNWPPT
,,,,
,,,,
GGSISSGTY,YHSGS,SGSTSNIGSNA,SNNQRPS,AAWDDSLSGSWV
GGSISSGTY,YHSGS,SGSTSNIGSNA,SNNQRPS,AAWDDSLSGSWV
GDSVSSGSY,YYSGS,TGTSSDVGGYNY,DVSNRPS,SSYTSSSTLVV
GDSVSSGSY,YYSGS,TGTSSDVGGYNY,DVSNRPS,SSYTSSSTLVV
GFDLGGY,YASGGA,RASQSVSSA,SASDLYS,QQSYRYPIT
GFDLGGY,YASGGA,RASQSVSSA,SASDLYS,QQSYRYPIT
GGSISTY,YYSGS,SGDKLGDKY,QDSKRPS,QACDSSTV
GGSISTY,YYSGS,SGDKLGDKY,QDSKRPS,QACDSSTV
GGSISSY,YYSGS,GGNNIGSKT,DDSDRPS,QVWDSSSDHYV
GGSISSY,YYSGS,GGNNIGSKT,DDSDRPS,QVWDSSSDHYV
GYTFTSY,SVYSGN,KSSQSLLHTDGTTY,EVSNRFS,MQNIQLPWT
GYTFTSY,SVYSGN,KSSQSLLHTDGTTY,EVSNRFS,MQNIQLPWT
GFSLSTYGM,WWDDV,RASKSISKY,SGSTLQS,QQHNEYPYT
GGPFRSY,IPIFGT,SGSSSNIGNDY,DNNKRPS,ATWDRRPTAYVV
GFNIKDT,YPTNGY,RASQDVNTA,SASFLYS,QQHYTTPPT
GFAFSSF,SSGSGT,RSSKSLLHSNGNTY,RMSNLAS,MQHLEYPLT
GYTFTDF,NPNSGG,RASGNIHNF,NAKTLAD,QQFWSTPYT
GFTFSSY,SSDGYN,TGSSSNIGAGYD,GSSSRPS,QSYDSSLSVLYV
GGSIRSGGY,YHSGN,RASQRINTY,AASSLQS,QESLSASYT
GWWFGYT,SYKGGS,HGSYWLSNY,DGKEREH,QQYRYHPYT
GWWFGYT,SYKGGS,HGSYWLSNY,DGKEREH,QQYRYHPYT
GGTSNNY,SPIFGS,SGSDSNIGRRS,SNDQRPS,AAWDDSLKGAV
GYTFTSY,YPRSGN,KASDHINNW,GATSLET,QQYWSTPYT
GFTFSSY,SEDGYS,TGSSSNIGAGYD,GSSSRNS,QSYDSSLSVLYT
GFNVYSS,SSYYGS,RASQSVSSA,SASSLYS,QQSYYSLVT
GGTFDNY,VPLFGT,RASQSVSSN,GASTRAT,QQYYRSPLT
GGTFDNY,VPLFGT,RASQSVSSN,GASTRAT,QQYYRSPLT
GGSFSEH,NYGGN,RSSQSLLHTNGNNY,LGSNRAS,MQSLQTPPT
GFTFKSY,TSGGSK,RASQSVISYY,GASSRAT,QYYGSSPLWA
GGPFSGA,GRSGT,RASQSVTKNY,DASTRAS,HQYGSSPPYT
GFTFSGY,TSGGTY,RASQTISDY,FASQSIS,QNGHGFPRT
GFNLYYS,YSSYGY,RASQSVSSA,SASSLYS,QQYGYHYAGLIT
GFNLYYS,YSSYGY,RASQSVSSA,SASSLYS,QQYGYHYAGLIT
GFNLYYS,YSSYGY,RASQSVSSA,SASSLYS,QQYGYHYAGLIT
GFTISDY,TPAGGY,RASQFLSSFG,GASSLYS,QQGLLSPLT
GFTISDY,TPAGGY,RASQFLSSFG,GASSLYS,QQGLLSPLT
GFIVSSN,YSGGS,RASQGISSW,AASSLQS,QEANSFPYT
GFTFTSS,VVGSGN,RASQSVSSSY,GASSRAT,QQYGNSPWT
GFTFSSY,SYDGSN,RASQGISSW,DASSLQS,QQAKSFPIT
GFTFSSY,GTAGD,RASQGISSA,DASSLES,QQFNSYLIT
GFTFSSY,SSSSSY,TGSSSNIGAGYD,GNSNRPS,QSYDSSLSGSV
GFTFSGY,TSGGTY,RASQTISDY,FASQSIS,QNGHGFPRT
GFTFSGY,TSGGTY,RASQTISDY,FASQSIS,QNGHGFPRT
GFTIYSS,YSSSGS,RASQSVSSA,SASSLYS,QQRYGLLVT
GFTIYSS,YSSSGS,RASQSVSSA,SASSLYS,QQRYGLLVT
GFTFSSY,SGGGAN,LASQTIGTW,TATSLAD,QQVYSIPWT
GFTFSSY,SGGGAN,LASQTIGTW,TATSLAD,QQVYSIPWT
GGSISNY,SDRET,GRQALGSRA,NNQDRPS,HMWDSRSGFSWS
GGSISNY,SDRET,GRQALGSRA,NNQDRPS,HMWDSRSGFSWS
GGSISNY,SDRET,GRQALGSRA,NNQDRPS,HMWDSRSGFSWS
GGSISNY,SDRET,GRQALGSRA,NNQDRPS,HMWDSRSGFSWS
GYTFTSY,SAYNGN,RSSQSLVYSDGNTY,KVSNRDS,MQDTHWPPT
GFTFSNY,DSDGDN,KSSQSLVGASGKTY,LVSTLDS,LQGTHFPHT
GYTFTSY,NPSGGS,RASQSVSSSY,GASSRAT,QQYGSSPGGT
GYTFTSY,NPSGGS,RASQSVSSSY,GASSRAT,QQYGSSPGGT
GGTFSSY,KPRWGA,RASQGINNY,DASKLQS,QQYLQYPMT
GYTFNAY,KPKFGA,RASQGIGSD,HASAREE,QVIES
GFTFSNY,SYDGSN,TLSSGHSSYA,LNTDGSHSKGD,QTWGTGILV
GFTFSNY,SYDGSN,TLSSGHSSYA,LNTDGSHSKGD,QTWGTGILV
GFAFSSF,SSGSGT,RSSKSLLHSNGNTY,RMSNLAS,MQHLEYPLT
GYAFTNY,NTNTGQ,GASENIYGA,GATNLAD,QNALSMPYT
GYTFTAH,KPQYGA,QTSQGVGSD,HTSSVED,QVLQF
GYRFNFY,SPYSGD,TGPNSVCCSHKS,EDNERAP,CSYTHNSGCV
GTLVRDN,HDSGD,GEESLGSRS,NNNDRPS,HIWDSRRPTNWV
GFTFSSF,SSGSST,KSSQSLLNSGNQKNY,WASTRDS,QNDYSYPLT
GFTFSSF,SSGSST,KSSQSLLNSGNQKNY,WASTRDS,QNDYSYPLT
EFIVSRN,YSGGT,RASQSISSW,KASSLES,QQYNSYFPT
GYEFVEI,NPRGGG,KTSQAITPRH,GTSERAS,QCLEA
GDSVSSQSA,YYRSKWY,RASQTISNT,AASNLQS,QQYLSWFT
GDSVSSQSA,YYRSKWY,RASQTISNT,AASNLQS,QQYLSWFT
GGSISNY,SDSES,GRQALGSRA,NNQDRPS,HMWDSRSGFSWS
GYRFNFY,SPYSGD,TGPNSVCCSHKS,EDNERAP,CSYTHNSGCV
GLTFSNV,KRKSEGAT,TGTSSDVGTYDL,ADIKRPS,CLYAGSSTSVI
GLTFSNV,KRKSEGAT,TGTSSDVGTYDL,ADIKRPS,CLYAGSSTSVI
GYTFTSY,NSSGGS,QASQDISNY,DASNLET,QQYDNPPLT
GYSFTSY,YPGESD,RASQSISSY,AASSLQS,QQSYSTPRQWT
GYTFTGY,NPISSG,RASQSVSSSY,GASSRAT,QQYGSSAWT
GYTFTGY,NPISSG,RASQSVSSSY,GASSRAT,QQYGSSAWT
GFTFSNY,WYDGSN,GGNNIERKS,DDSDRPS,QVWDSGSDQVI
GFTFSNY,WYDGSN,GGNNIERKS,DDSDRPS,QVWDSGSDQVI
GYTFTGY,NPISSG,RASQSVSSSY,GASSRAT,QQYGSSAWT
GFTFSNY,WYDGSN,GGNNIERKS,DDSDRPS,QVWDSGSDQVI
GYEFINC,KPRHGA,RTSQYGS,SGSTRAA,QQYEF
GFNFSTH,SSSGTY,GGNNIGSKS,DDKIRPS,QVWHSSSDPVV
GFTFRSY,SHSGGS,RASQSFSSFS,APSNRAT,QQYGSSPIT
GYEFINC,KPRWGA,RTSQYGS,SGSTRAA,QQYEF
GGTFSSY,IPIFGT,RASQSISSW,DASSLES,QQYEDYTT
GGSISSNN,HHSGG,TGTSSDVGGYNY,DVSNRPS,SSYTSSSTVV
GGSISSNN,HHSGG,TGTSSDVGGYNY,DVSNRPS,SSYTSSSTVV
,,,,
GFTFSDY,RSSGHT,RASQGISNY,AASTLQS,QKYNNALGT
EDDDYSPYWVNPAPEH,NPTNGA,QASRGIGKD,DASTLEG,QQYET
GGSISNY,SDSES,GRQALGSRA,NNQDRPS,HMWDSRSGFSWS
GYRFNFY,SPYSGD,TGPNSVCCSHKS,EDNERAP,CSYTHNSGCV
GFTFSSY,SSSSTY,SGDKLGDKF,QDTKRPS,QAWDSSTVV
GFTFSSY,SSSSTY,SGDKLGDKF,QDTKRPS,QAWDSSTVV
GDSTAACNS,SHCASYWNRGW,TGTSNNF,DVNKRPS,GSLVGNWDVI
GNNFPSY,DPSDSD,RSSQSLLHSDGYNY,LGSHRAS,MQALQTPD
GNNFPSY,DPSDSD,RSSQSLLHSDGYNY,LGSHRAS,MQALQTPD
GFTVSSN,YSGGS,TGRSSNIGAGYD,GNTNRPS,QSYDRSLSGSV
GDTFIRY,ITILDV,RASESVSSD,GASTRAT,QQYNNWPPRYT
GFIVSRN,YSGGS,RASQSISSSY,GATSRAT,QQYGSSPGYT
GYRFNFY,SPYSGD,TGPNSVCCSHKS,EDNERAP,CSYTHNSGCV
GTLVRDN,HDSGD,GEESLGSRS,NNNDRPS,HIWDSRRPTNWV
GFTFNSY,RYDGGN,QASQDIRFY,DASNMET,QQYDNLPFT
GFTFSSY,WYDGSN,TLPSDINVSSYN,YYSDSDKGQGS,MIWPSNALYV
GFTFSSY,WYDGSN,TLPSDINVSSYN,YYSDSDKGQGS,MIWPSNALYV
GFIVSSN,YSGGS,RASQSVSSSY,GASSRAT,QQYGSSPRT
GFIVSSN,YSGGS,RASQGISSY,AASTLQS,QQLNSYPPYT
GYTFTNY,YSGGGY,QASQDIESY,YATRLAD,LQHGESPPT
GFTFSSY,NSQGKS,RASQGISNW,GASSLQS,QQYSSFPTT
GFTFSSY,TMSGIT,RASQGIRND,SASTLQS,LQDYNYPWT
GFTFSSY,TMSGIT,RASQGIRND,SASTLQS,LQDYNYPWT
GFTFSSY,TMSGIT,RASQGIRND,SASTLQS,LQDYNYPWT
GFTFSSY,TMSGIT,RASQGIRND,SASTLQS,LQDYNYPWT
GFTFSAY,GPSGGF,RASQSVSSY,DASNRAT,QQRSNWPMYT
GGIFNRE,TPIVDV,GGNNIGGKS,DDRDRPS,QVWDNASDEAV
GGIFNRE,TPIVDV,GGNNIGGKS,DDRDRPS,QVWDNASDEAV
GFTFSSY,GTAGD,RASQSIGSY,AASSLQS,QQSYVSPTYT
GYPFTSY,STYNGN,RASQTVSSTS,GASSRAT,QQHDTSLT
GFTFTSS,VVGSGN,RASQSVSSSY,GASSRAT,QQYVGLTGWT
GDTFNTH,IPIFAT,KSSQSVLYKSDKKNY,WASTRES,QQYYSIPRT
GGSVSSGDY,YYSGN,QASQDISNY,DASNLET,QHFDHLPLA
GGSVSSGDY,YYSGN,QASQDISNY,DASNLET,QHFDHLPLA
RFTSSSY,KQDGSE,RASQSISSS,AASNLQS,QQSYTMPPELT
RFTSSSY,KQDGSE,RASQSISSS,AASNLQS,QQSYTMPPELT
GFSLTGY,WGDGN,RASGNIHNY,YTTTLAD,QHFWSTPRT
GFSLTGY,WGDGN,RASGNIHNY,YTTTLAD,QHFWSTPRT
GGTFNSY,IPIFGT,SGDNIPYEY,GDNNRPS,ASWDSMTVDGV
GFDFDNA,TGPGEGWS,RGDSLRSHY,GKNNRPS,SSRDKSGSRLSV
GFDFDNA,TGPGEGWS,RGDSLRSHY,GKNNRPS,SSRDKSGSRLSV
GDTFIRY,ITILDV,RASESVSSD,GASTRAT,QQYNNWPPRYT
GFAFSSF,SSGSGT,RSSKSLLHSNGNTY,RMSNLAS,MQHLEYPLT
GFTFSTS,AVGSGK,RASQSVRSGY,GASSRAT,QQYGTSPWT
EYKLISF,YPDDSD,RASQDIRTY,AASTLQS,QQYNSAPLT
GYTLTEL,DPEDGE,RSSQSLVHSDGNTY,KISNRFS,TQATQFPYT
GYTLTEL,DPEDGE,RSSQSLVHSDGNTY,KISNRFS,TQATQFPYT
GYTLTEL,DPEDGE,RSSQSLVHSDGNTY,KISNRFS,TQATQFPYT
GYTFTSY,NPTSGY,RASESVDNYGISF,GSSNQGS,QQSKEVPYT
GYTFTSY,NPTSGY,RASESVDNYGISF,GSSNQGS,QQSKEVPYT
GYTFTSY,NPTSGY,RASESVDNYGISF,GSSNQGS,QQSKEVPYT
GYGFITY,YPGDSE,KSSQSVLYSSINKNY,WASTRES,QQYYSTPYT
GYGFITY,YPGDSE,KSSQSVLYSSINKNY,WASTRES,QQYYSTPYT
GYTFTGY,NPNSGG,RASQSVSSY,DASNRAT,QQRSNWPPVT
GYTFTGY,NPNSGG,RASQSVSSY,DASNRAT,QQRSNWPPVT
GYTFTGY,NPNSGG,RASQSVSSY,DASNRAT,QQYEF
GYTFTGY,NPNSGG,RASQSVSSY,DASNRAT,QQYEF
GYEFINC,KPRLGA,RTSQYGS,SGSTRAA,QQYEF
GFNIKDY,DPANGH,KASQDIKSF,YATSLAD,LQHGESPYT
GYTFTGY,DPDEGD,RASQGIRND,AASSLQS,LQHDIYAST
GFTVSSN,YSGGS,RASQGISSY,AASTLQS,LHLNSYRT
GGTFSSY,IPIFGT,RASQGIRND,AASSLQS,QQLNSYPLT
GGTFSSY,IPIFGT,RASQGIRND,AASSLQS,QQLNSYPLT
GITFSED,SYDSDN,TRSSGSIDNEY,KDNQRPS,QSSDDNFNWV
GITFSED,SYDSDN,TRSSGSIDNEY,KDNQRPS,QSSDDNFNWV
GFTFSSY,ENKYAGGA,SGDSIGKKY,KKRPS,SSWDSTGLV
GFTFSSY,ENKYAGGA,SGDSIGKKY,KKRPS,SSWDSTGLV
GFTFTDVS,VVGTGN,RASQSVRISY,GSSSRAT,QQYANSPWT
GFTFTDVS,VVGTGN,RASQSVRISY,GSSSRAT,QQYANSPWT
,,,,
GITVSSN,YSGGS,RASQSVSSSY,GASSRAT,QQYGSSPT
GFDFDNA,TGPGEGWS,RGDSLRSHY,GKNNRPS,SSRDKSGSRLSV
GGTFNSH,NPILGI,RASQGIRSA,NGSTLQS,QQFDGDPT
GDSIRSD,SYSGS,RASQSIGNN,YASQSIS,QQSNSWPYT
GGSFSGY,NHSGS,TGSSGNIASNY,EDNQRPS,QSYDNNIQV
GGSFSGY,NHSGS,TGSSGNIASNY,EDNQRPS,QSYDNNIQV
GGSFSGY,NHSGS,TGSSGNIASNY,EDNQRPS,QSYDNNIQV
GGTFSSY,IPIFGT,TLSSGYSNYK,VGTGGIVGSKGD,GADQGSGSNFVGV
GGTFSSY,IPIFGT,TLSSGYSNYK,VGTGGIVGSKGD,GADQGSGSNFVGV
GGTFSSY,IPIFGT,TLSSGYSNYK,VGTGGIVGSKGD,GADQGSGSNFVGV
GFAFSSF,SSGSGT,RSSKSLLHSNGNTY,RMSNLAS,MQHLEYPLT
GFTFTTS,VVGSGN,RASQSVSSSY,GASSRAT,QQYGSSPWT
GVSISDNSY,SYSGN,TGSSSNIGAGFD,DNNNRPS,QSYDTSLSGPVV
GGNFNSY,IPMFGT,RASQSVSGSY,GASNRAT,QQYGSSPT
GYRFTSY,FPENDD,KSSQSLLYSNNQKNY,WTSTRES,QQYYTYPWT
GYRFTSY,FPENDD,KSSQSLLYSNNQKNY,WTSTRES,QQYYTYPWT
GSSFGESTLSYY,NAGGGD,QASQDIRKF,DASNLQR,QQYDGLPFT
GSSFGESTLSYY,NAGGGD,QASQDIRKF,DASNLQR,QQYDGLPFT
,,,,
,,,,
,,,,
DFNFRDY,WYDGSN,QGDSLRNYF,GENIRPS,NSRDNSGNHWV
DFNFRDY,WYDGSN,QGDSLRNYF,GENIRPS,NSRDNSGNHWV
DFNFRDY,WYDGSN,QGDSLRNYF,GENIRPS,NSRDNSGNHWV
GYSISSGY,YHSGS,TGTSSDVGGYNY,EVSKRPS,SSYAGSNNLV
GFNFNKY,SALSTY,RASQSISSS,AAVNLET,QQSDTRT
GFNFNKY,SALSTY,RASQSISSS,AAVNLET,QQSDTRT
GFNFNKY,SALSTY,RASQSISSS,AAVNLET,QQSDTRT
GFTFITPV,VLASGN,RASQSVSSSY,AASSRAI,QQYSSSPWT
GFIVSRN,YSGGS,RASQSISSSY,GATSRAT,QQYGSSPGYT
GGSFSGY,NNSGK,SGSNSNIATNY,RTDQRPS,ATWDDSLSAWV
GFTFSEY,GSSGGQ,TGTGSDVGSYNL,GDSQRPS,ASYAGSGIYV
GYSLKDH,NPQSGG,SGSSSNIGKNY,DNNKRPS,GTPDRSLSVI
GYSLKDH,NPQSGG,SGSSSNIGKNY,DNNKRPS,GTPDRSLSVI
GYSLKDH,NPQSGG,SGSSSNIGKNY,DNNKRPS,GTPDRSLSVI
GFTINGT,YPAGGA,RASQDVSTA,SASFLYS,QQSNRAPAT
GYTFTSY,NPYNAG,RASQAVSSA,SASHRYT,QESYSTPWT
GYTFTSY,NPYNAG,RASQAVSSA,SASHRYT,QESYSTPWT
GYTFTSY,NPYNAG,RASQAVSSA,SASHRYT,QESYSTPWT
,,,,
GFTISGY,YPDSGY,RASQDVSTA,SASFLYS,QQAWAYLPT
GFNIKDT,YPTNGY,RASQDIPRSISGY,WGSYLYS,QQHYTTPPT
GFTFSRC,SRDSTY,RASKIISKY,SGFTLQS,QQHNEYPLT
GFTFSRC,SRDSTY,RASKIISKY,SGFTLQS,QQHNEYPLT
GVSLSGGSY,FTSGS,TLSSGYSNYK,VGTGGIVGSKGD,GADHGSGDNFVRV
GVSLSGGSY,FTSGS,TLSSGYSNYK,VGTGGIVGSKGD,GADHGSGDNFVRV
GVSLSGGSY,FTSGS,TLSSGYSNYK,VGTGGIVGSKGD,GADHGSGDNFVRV
GFTFDDY,SWNSGT,GGNNIEHKS,YDSDRPS,QVWDRSSDQPV
EFIVSAN,YSGGS,RTSQSISTY,AASSLHS,QHTDTTPLTF
GGTFNRL,MPIFDI,QASQDIRNH,DASNLAT,QHYDDLPRIT
GYTFTSY,SPFGGR,RASQGISSA,SASYRYT,QQRYSLWRT
GLTVSSN,YSGGS,QASQDISNY,DASNLET,QQYDNLPIT
GGSISSSY,YHSGN,SGDTLGDKY,QDTKRPS,QAWDSSSFV
GGSISSSY,YHSGN,SGDTLGDKY,QDTKRPS,QAWDSSSFV
AFTFSSY,SYDGSN,RASQSISSY,AASSLQS,QQSYSTLALT
GLTVSSN,YSGGS,RASQSVPSSY,GASTRAT,QHYDTSPR
GDTFNTH,MPIFAA,SSAQSLVHSDGDSY,KVSIRDA,MQATHWPYT
GLIFSDS,RSKANNYATSSDKSA,RASQSVSSSY,GASSRAT,LHYGTSPMYF
GYEFLNC,KPRWGA,RTSQYGS,SGSTRAA,QQYEF
GDTFIRY,ITILDV,RASESVSSD,GASTRAT,QQYNNWPPRYT
GFTFSSY,SYDGSN,SGSSSNIGNNY,DSNKRPS,GTWDSSLSVWV
GFTFSSY,SYDGSN,SGSSSNIGNNY,DSNKRPS,GTWDSSLSVWV
GYTFTGY,NPNSGG,KSSQSVLYSSNNKNY,WASTRES,QQYYS
GYTFTGY,NPNSGG,KSSQSVLYSSNNKNY,WASTRES,QQYYS
GDTFIRY,ITILDV,RASESVSSD,GASTRAT,QQYNNWPPRYT
GFTFSSY,SYDGSN,TLSSGHSNYA,VNSDGSHTKGD,QTWGTGIQV
GLIVSSN,YAGGS,RASQSISSY,AASSLQS,QQSYTTPLFT
GFTFDDY,NWSSGG,RASQSVRSY,DASNRAT,QQRSNWPPAT
GFTFDDY,NWSSGG,RASQSVRSY,DASNRAT,QQRSNWPPAT
GYTFTEY,IPNNGG,SASQGINNY,YTSSLHS,QQYSNLPYT
GYTFTSF,SAYNGD,RASQSVSMNY,GASRRAT,QQYGTSPRT
GGTFSSS,IPLFGS,RASQSVSSSY,GASSRAT,QQYGTSPSWT
GGTFSSS,IPLFGS,RASQSVSSSY,GASSRAT,QQYGTSPSWT
GGTFSSS,IPLFGS,RASQSVSSSY,GASSRAT,QQYGTSPSWT
GYTFTDY,NPTDGG,GGSNIGSKS,YDYDRPS,QVWDSSSDHVWV
GYTFTDY,NPTDGG,GGSNIGSKS,YDYDRPS,QVWDSSSDHVWV
,,,,
GFTFSSY,SGSGGG,QASQDISNY,DASNLET,QQAYAYPLT
GFTFSSY,SGSGGG,QASQDISNY,DASNLET,QQAYAYPLT
GFTFSSY,SGSGGG,QASQDISNY,DASNLET,QQAYAYPLT
GDTFIRY,ITILDV,RASESVSSD,GASTRAT,QQYNNWPPRYT
GDTFIRY,ITILDV,RASESVSSD,GASTRAT,QQYNNWPPRYT
GFTFSQY,GPSGGS,QASQDISNY,DASNLET,QQANSFPVT
GFTFDDY,NWNGDI,RASQDISSY,AASLLQS,QHLKSYPLFT
GFTVSSN,YSGGS,QASQDISNY,DASNLET,QQYDNLPVT
GGTFSSS,IPLFGS,RASQSVSSSY,GASSRAT,QQYGTSPSWT
GFNVKYY,SPGYDY,RASQDVNTA,SASFLYS,QQVYSSPFT
GFTFSHY,YSSGGI,RASQSISSW,KASTLES,QQYNTYWT
GFTFSHY,YSSGGI,RASQSISSW,KASTLES,QQYNTYWT
GFAFSSF,SSGSGT,RSSKSLLHSNGNTY,RMSNLAS,MQHLEYPLT
GYTFISS,NPRHGA,RASQRIDNW,KASILET,QQFEE
GYGFITY,YPGDSE,KSSQSVLYSSINKNY,WASTRES,QQYYSTPYT
GLTVSSN,YSGGS,RASQGISSY,AASTLQS,QQLNSYPPKFT
GFTFDDY,SWNSDS,RASQSISSY,GASSLQS,QQSYSTPPYT
GIIVSSN,YSGGS,RASQGISSD,AASTLQS,QQLNSDLYT
GFNVSYS,YPSSGY,RASQSVSSA,SASSLYS,QQSQWYPIT
GFNVSYS,YPSSGY,RASQSVSSA,SASSLYS,QQSQWYPIT
GLTVNRN,YSGGS,RASQGISSY,AASTLQS,QQLNSYPAPV
GFNVSYY,YPYSGS,RASQSVSSA,SASSLYS,QQDGWSLIT
GFTFSSY,SSSSSY,SGSSSNIGSNT,SNNQRPS,AAWDDSLNAWV
GGTFSSY,SAYNGN,GSSTGAVTSGHY,DTSNKHS,LLSYSGALWV
GGTFSSY,SAYNGN,GSSTGAVTSGHY,DTSNKHS,LLSYSGALWV
GGTFSSY,SAYNGN,GSSTGAVTSGHY,DTSNKHS,LLSYSGALWV
GYRFSNF,NPYNGN,RSSHSIRSRR,GVSNRAS,QVYGASSYT
GFTFSSY,SYDGSN,TLRSGINVGTYR,YKSDSDKQQGS,MTWHSSAYV
GFTFGDY,RSKAYGGT,RSSQSLLHSNGYNY,LGSNRAS,MQSLQTPRLT
GFTFGDY,RSKAYGGT,RSSQSLLHSNGYNY,LGSNRAS,MQSLQTPRLT
GFTFSNY,SYDGSN,TGTSSDVGAYNY,DVSARPS,CSYAGSWV
GGSIDTY,YYSVD,RASQSVSNY,DTSKRAT,QERNNWPLTWT
GDTVTNNYA,FYRSKWY,RTSQSLSSY,AASSRGS,QQSRT
GDTVTNNYA,FYRSKWY,RTSQSLSSY,AASSRGS,QQSRT
GDTVTNNYA,FYRSKWY,RTSQSLSSY,AASSRGS,QQSRT
GYEFIDC,KPRGGA,RTSQYGS,SGSTRAA,QQYEF
GYEFIDC,KPRGGA,RTSQYGS,SGSTRAA,QQYEF
GYEFIDC,KPRGGA,RTSQYGS,SGSTRAA,QQYEF
GYEFIDC,KPRGGA,RTSQYGS,SGSTRAA,QQYEF
GFTFSTY,STSSVY,SGSSSNIEYNY,KNNQRPS,AAWDDILSGVV
GFTVSSN,YSGGS,TGRSSNIGAGYD,GNTNRPS,QSYDSSLSGSV
GFSFTSS,YPYNGF,RASQDVSTA,SASFLYS,QQSYATLPT
GFSFTSS,YPYNGF,RASQDVSTA,SASFLYS,QQSYATLPT
GFTFSTY,NNSGRN,TGTSSDVGSYNF,EVSERPS,SSYAGSTTFRV
GDTFIRY,ITILDV,RASESVSSD,GASTRAT,QQYNNWPPRYT
GFTVHSSY,FTGSGA,RASQGISSS,GASETES,QNTKVGSSYGNT
GFTVHSSY,FTGSGA,RASQGISSS,GASETES,QNTKVGSSYGNT
GFTVSSN,YPGGS,RASQGISSY,AASTLQS,QQLNSYPPA
GFTVSSN,YPGGS,RASQGISSY,AASTLQS,QQLNSYPPA
EDIFERTE,KTVTGAV,TAASYGH,ATSKRAS,QQLEF
GGTFSNY,IPILGI,RASQSISSY,AASSLQS,QQSYSTPRT
GGTFSNY,IPILGI,RASQSISSY,AASSLQS,QQSYSTPRT
GGSIRNN,YISGT,RASQSVNTNY,GTSTRAT,QQDYNLPYT
GGSISSSNF,TYSGR,TRSSGSIASNY,EDNQRPS,QSYDSSSWV
GYTFTSN,NPYNDG,RASQSISDY,YASQSIS,QNGHSFPFT
GGTLNSY,TPIFE,RAGQNINNY,AASNLQS,QQSHSTVRT
GYIFTSH,SVYNGY,SGSSSNIGSNY,GNNQRPS,AAWDDSLSGPWV
GFSLSGF,YRGSGS,QASQSISSW,DASNLAS,LGGYPAASYRTA
GFSLSGF,YRGSGS,QASQSISSW,DASNLAS,LGGYPAASYRTA
GGSISSSN,YHSGS,QGDSLRSYY,GKNNRPS,NSRDSSGNHPVV
GFTFSSY,SYDGNN,RASQSVGSSY,GAFSRAT,QQYGSSPWT
GFTFSSY,SYDGNN,RASQSVGSSY,GAFSRAT,QQYGSSPWT
GYTFTRF,SGYTGD,RASQDISRW,AASSLQG,QQGSTFPYT
GYTFTRF,SGYTGD,RASQDISRW,AASSLQG,QQGSTFPYT
GYTFTRF,SGYTGD,RASQDISRW,AASSLQG,QQGSTFPYT
GGPFRSY,IPIFGT,SGSSSNIGNDY,DNNKRPS,ATWDRRPTAYVV
GGPFRSY,IPIFGT,SGSSSNIGNDY,DNNKRPS,ATWDRRPTAYVV
GFDLGGY,YASGGA,RASQSVSSA,SASDLYS,QQSHTYPIT
GFDLGGY,YASGGA,RASQSVSSA,SASDLYS,QQSHTYPIT
GFIFSDY,TSGSR,SGSRGRY,RDNQRPS,GSYDGSIDI
GGSISSSY,YHSGN,SGDTLGDKY,QDTKRPS,QAWDSSSFV
GGSISSSY,YHSGN,SGDTLGDKY,QDTKRPS,QAWDSSSFV
GFTFSNY,SSSSGT,RSSQSLLHNGYNY,LGSNRAS,MQTLQPFT
GFTFSNY,SSSSGT,RSSQSLLHNGYNY,LGSNRAS,MQTLQPFT
GFNIKDT,DPANGY,KTSQDINKY,YTSALQP,LQYDNLWT
GYTFTSY,NSSGGS,QASQDISNY,DASNLET,QQYDNPPLT
GGTFSSY,IPILGI,RASQSVSSSY,GASSRAT,QQYGSSPIT
GLTVSSN,YSGGS,QASQDIRNY,DASILET,QQYDNLPIT
GFTFRDS,SFDGGE,KSSQSVSFGSSDKNY,WASTRES,HQYYTPPYS
EFTFRYDY,SGSGGS,SGSSSNIGSHY,DNSERTS,GTWDELTSNLV
GGTFSSF,IPVLGI,RASQSVSSN,GASTRAT,QQYSNWLT
GGTFSSY,IPILDR,RASQSVSSY,DASNRAT,QQPLT
GFSFSTS,SYDGSN,RASQGISYN,AASRLQS,QKYDSVPLT
GFSFSTS,SYDGSN,RASQGISYN,AASRLQS,QKYDSVPLT
GGSINSSHS,YSTGN,RASQSFSSH,AASSLHS,QQSYSVPYT
GGSINSSHS,YSTGN,RASQSFSSH,AASSLHS,QQSYSVPYT
GFNVYYS,YSYYGS,RASQSVSSA,SASSLYS,QQSPQGYLVT
GFNVYYS,YSYYGS,RASQSVSSA,SASSLYS,QQSPQGYLVT
GYTFTDY,DPEDGE,RASQSVSSSY,GASSRAT,QQYGSSPTWT
GYTFTDY,DPEDGE,RASQSVSSSY,GASSRAT,QQYGSSPTWT
GYTFTDY,DPEDGE,RASQSVSSSY,GASSRAT,QQYGSSPTWT
GFTFSYY,WYDGSN,RSSQSLLHSNGYNY,LGSNRAS,MQGLQTPLT
GFTFSYY,WYDGSN,RSSQSLLHSNGYNY,LGSNRAS,MQGLQTPLT
GLTVRSN,YSGGS,RASQSVSSSS,GTSSRAT,QQYGSSPL
GGTVIDY,VPLFRT,GGNNIAGKT,YDSDRPS,QVWDRNSDHWV
,,,,
GFTFSSY,SGSGGS,TRSSGSLANYY,ANNQRPS,QTYDPYSVV
GFTFSRN,SGSGDS,RTSQSVSSSY,GASSRAT,QQYGNS
GFTFSSY,KQDGSE,TGSSGSIASNY,EDNQRPS,QSYDSSNLWV
GDTVSSNRA,YYRSKWY,RASQSVASSY,GASSRAT,QQYDGSQYT
GDTVSSNRA,YYRSKWY,RASQSVASSY,GASSRAT,QQYDGSQYT
GVTFSSY,RQDGSE,TGSSSNIGAGYD,GNNNRPS,QSYDSSLSGWV
GHSIRGSY,YHSGS,RASQGINNY,AASTLQS,QQLDSYPRT
GGTVSSY,IPIFDT,RSSQSLLHSNGYNY,LGSNRAS,MQALQTPRT
GGTVSSY,IPIFDT,RSSQSLLHSNGYNY,LGSNRAS,MQALQTPRT
GFTFSSY,SGSGGS,QASQDISNY,DASNLET,QQDAGTPLT
GFTFSSY,SGSGGS,QASQDISNY,DASNLET,QQDAGTPLT
GDSMSSY,STSGS,QASQDISNF,DASNLET,QQYDNLRIFT
GDSMSSY,STSGS,QASQDISNF,DASNLET,QQYDNLRIFT
,,,,
GGSISSGSY,YKSGS,RASQSINSY,AASSLQS,QQQFDPPFT
GGSISSGSY,YKSGS,RASQSINSY,AASSLQS,QQQFDPPFT
GGSISSH,YYSGS,RASQSVSSRY,GASSRAT,QQYDNSVCT
GGSISSH,YYSGS,RASQSVSSRY,GASSRAT,QQYDNSVCT
GYTFTDY,NPNSGG,GGNNIGSYS,YDSDRPS,QVWDTNTDHVV
GYTFTSY,SGYDGN,RASQSINTW,KASSLES,QQYNSYLYT
GGSISNY,SDSES,GRQALGSRA,NNQDRPS,HMWDSRSGFSWS
GYRFNFY,SPYSGD,TGPNSVCCSHKS,EDNERAP,CSYTHNSGCV
GFNIKDT,YPTNGY,RASQDVNTA,SASFLYS,QQHYTTPPT
GGSISSSY,YHSGN,SGDTLGDKY,QDTKRPS,QAWDSSSFV
GGSISSSY,YHSGN,SGDTLGDKY,QDTKRPS,QAWDSSSFV
GFNIKDT,YPTNGY,RASQDVNTA,SASFLYS,QQHYTTPPT
GFSLTTY,WYDGD,RASQGISTS,FASQSIS,QQTYSLPYT
GFSLTTY,WYDGD,RASQGISTS,FASQSIS,QQTYSLPYT
GYTFTSY,YPGSSL,KSSQSLWDSGNQKNF,WTSYRES,QNDYFYPHT
GFTFGDY,RSKAYGGT,RSSQSLLHSNGYNY,LGSNRAS,MQSLQTPRLT
GFTFGDY,RSKAYGGT,RSSQSLLHSNGYNY,LGSNRAS,MQSLQTPRLT
GFTFTNY,SSGGSY,RASESVDNYGISF,AASNQGS,QQSKEVPRI
GFTFTNY,SSGGSY,RASESVDNYGISF,AASNQGS,QQSKEVPRI
GFTFTNY,SSGGSY,RASESVDNYGISF,AASNQGS,QQSKEVPRI
GYRFNFY,SPYSGD,TGPNSVCCSHKS,EDNERAP,CSYTHNSGCV
GGSISNY,SDRET,GRQALGSRA,NNQDRPS,HMWDSRSGFSWS
GGTFSTY,IPIFDT,SGSSSNIGNNY,DNNKRPS,GTWDSSLSAWV
GGTFSTY,IPIFDT,SGSSSNIGNNY,DNNKRPS,GTWDSSLSAWV
GGTFSTY,IPIFDT,SGSSSNIGNNY,DNNKRPS,GTWDSSLSAWV
GGTFSTY,IPIFDT,SGSSSNIGNNY,DNNKRPS,GTWDSSLSAWV
GFNVSYS,YPYSGY,RASQSVSSA,SASSLYS,QQSSTWPIT
GFTFSSY,SGSGGS,SGSSSNIGSNY,DNNQRPS,QVRDNNENEWV
GFTFSSY,SGSGGS,SGSSSNIGSNY,DNNQRPS,QVRDNNENEWV
GFTFSIY,WYDGTN,RASQSVSSY,DASIRAT,QQRSNWYT
GYTFTEY,NPNQGD,KASQNVDTN,SASSRYS,QQYNTYPWT
,,,,
,,,,
,,,,
GFNFSSS,YSYYGS,RASQSVSSA,SASSLYS,QQGWANLIT
GFNFSSS,YSYYGS,RASQSVSSA,SASSLYS,QQGWANLIT
GYEFPDY,KVGHGGG,RASYGLDTSH,GTSSRPP,QNSGGGTPLI
GFTFSTY,SYDANY,KSSQSVTFNYKNY,WASTRES,QQHYRTPPT
GYTFSDF,DPEDAD,RASQDISTW,AASTLQS,QQANSFFT
GYSFTSY,HPSDSE,RASQDIGIS,ATSSLDS,LQYASSPYT
GYSFTSY,HPSDSE,RASQDIGIS,ATSSLDS,LQYASSPYT
GYSFTNY,YPGDSG,SGSSSNLGGNT,SNNQRPS,AAWDDSLNGPV
GYSFTNY,YPGDSG,SGSSSNLGGNT,SNNQRPS,AAWDDSLNGPV
GYSFSTY,YPGDSY,SGDNIGDQY,QDKNRPS,ATYTGFGSLAV
GYSFSTY,YPGDSY,SGDNIGDQY,QDKNRPS,ATYTGFGSLAV
GYSFSTY,YPGDSY,SGDNIGDQY,QDKNRPS,ATYTGFGSLAV
GYSFSTY,YPGDSY,SGDNIGDQY,QDKNRPS,ATYTGFGSLAV
GFPLRDY,GGNDNA,RASQSVSTY,EASNRAT,QQRASWPLT
GFPLRDY,GGNDNA,RASQSVSTY,EASNRAT,QQRASWPLT
GFPLRDY,GGNDNA,RASQSVSTY,EASNRAT,QQRASWPLT
GFSLSDFGV,YSDDD,RASQGVTSA,DASSLES,QQLHFYPHT
GFTFSSY,SSSSST,RSSQSLLHSNGYNY,LGSNRAS,MQALQTPITWT
GFTFSSY,SSSSST,RSSQSLLHSNGYNY,LGSNRAS,MQALQTPITWT
GFTFSSY,SSSSST,RSSQSLLHSNGYNY,LGSNRAS,MQALQTPITWT
GFTFSNY,SFDGSK,SGSSSNIGGNT,TNSLRPS,AAWDNSLNGQV
GYTFTGY,NPISSG,RASQSVSSSY,GASSRAT,QQYGSSAWT
GFTFNSY,RYDGGN,QASQDIRFY,DASNMET,QQYDNLPFT
GFTFNSY,RYDGGN,QASQDIRFY,DASNMET,QQYDNLPFT
GYTFTGY,NPISSG,RASQSVSSSY,GASSRAT,QQYGSSAWT
GFTFNSY,RYDGGN,QASQDIRFY,DASNMET,QQYDNLPFT
GYTFTGY,NPISSG,RASQSVSSSY,GASSRAT,QQYGSSAWT
GFTFSSY,SDDGSL,SGDSLGSYF,DDSNRPS,SAFTHNSDV
GFTFSSY,SDDGSL,SGDSLGSYF,DDSNRPS,SAFTHNSDV
GFTFTSS,VVGSGN,RASQSVSSSY,GASSRAT,QQYVGLTGWT
GFTFTSS,VVGSGN,RASQSVSSSY,GASSRAT,QQYVGLTGWT
GFTFTSS,VVGSGN,RASQSVSSSY,GASSRAT,QQYVGLTGWT
GFTVSNN,YSGGT,RASEGISSY,AASTLES,QQLNSYPGT
EIIVSRN,YSGGS,RASQSVSSSY,GASSRAT,QQYGSSPGYT
AFTFSSY,SYDGSN,RASQSISSY,AASSLQS,QQSYSTLALT
GLTVNRN,YSGGS,RASQGISSY,AASTLQS,QQLNSYPAPV
GFNVYSS,SSYYGS,RASQSVSSA,SASSLYS,QQSYYSLVT
GITVSSN,YSGGS,RASQGISSY,AASTLQS,QQLNSYPPA
GFTFTSS,STSGVI,FGSSGNY,YNNKRPS,GAWETGSAT
GFSLNTYGV,YWDGD,TGTSSDVGGSNY,EVTNRPS,SSYTTTSTHIL
GFTVSSN,YSGGS,RASQSVSSSY,GASSRAT,QQYGSSPRT
GFTVSSN,YSGGS,RASQSVSSSY,GASSRAT,QQYGSSPRT
GFNVSYY,YPYYGS,RASQSVSSA,SASSLYS,QQDGWSLIT
GFTFSTY,TGEGDS,RASQSISTF,DASTRAT,QQRYNWPPYT
GFTFSTY,TGEGDS,RASQSISTF,DASTRAT,QQRYNWPPYT
GYTFTDF,NPNSGG,RASGNIHNF,NAKTLAD,QQFWSTPYT
GFTFSNY,SGSGGT,RASQTISSW,AASRLQS,QQSYSTPLT
GFTFSNY,SGSGGT,RASQTISSW,AASRLQS,QQSYSTPLT
GVSVTSDIY,FYNGD,RPSQNIRSF,AASNLQS,QQSYNTPPT
GFTFDDY,TWNSGH,RASQGIRNY,AASTLQS,QRYNRAPYT
GGTFSSY,IPIFGT,RASQSVSSSY,GASSRAT,QQYGSSPST
GGTFSSY,IPIFGT,RASQSVSSSY,GASSRAT,QQYGSSPST
GYSITSDY,SYSGT,TASSSASSSY,STSNLAS,HQHHRSPPT
GYTFTYW,FPVSGH,KASDHINNW,AATSLET,QQYWSTPFT
,,,,
GFTFSDY,SGGSSF,RASQSVSSSY,GASSRAT,QQYGTSPTVT
GGSFSDY,VPLLNL,RASQSVGSSY,GASTRAT,QQFDKSHVT
GGSISSGDY,HNSGT,RASQGISRSY,GASSRAT,QQFGSSPWT
GGSISSGDY,HNSGT,RASQGISRSY,GASSRAT,QQFGSSPWT
GGSISSGDY,HNSGT,RASQGISRSY,GASSRAT,QQFGSSPWT
GFSLTSY,WYDGN,RASENIYSN,AATNLQD,QHLWGTPYT
GGTFSMY,IPIFGT,RASQSVSSGS,GASTRAT,QQYGTSPYT
GFTFDDY,SWNSDS,RASQSISSY,GASSLQS,QQSYSTPPYT
GYTFTDS,YPDNGD,RASQDISNY,YTSRLRS,QQGHTLPPT
GYTFTDS,YPDNGD,RASQDISNY,YTSRLRS,QQGHTLPPT
GYSFTSY,YPGDSY,RASQSISSSY,GASSRAT,QQYET
GFTFTSS,VVGSGN,RASQSVSSSY,GASSRAT,QQYGSSPWT
GFTFSIY,WYDGTN,RASQSVSSY,DASIRAT,QQRSNWYT
GFTFRDY,SGIDDS,RASQSISKW,TTSTLKS,QHFYSVPWT
GFTFSSY,WYDGSN,SGDKLGNKF,QDTKRPS,QAWDSSTAWV
GLTVSSN,YSGGS,RASQGISSY,AASTLQS,QQLNSYPPFT
GYTFTDY,NPLTSQ,QTSAGYL,DGSRLVT,QVYEF
GYTFTDY,NPLTSQ,QTSAGYL,DGSRLVT,QVYEF
GYTFTAH,KPQYGA,QTSQGVGSD,HTSSVED,QVLQF
GTFYKY,IPFFGT,SGSRSNIGGNT,SSNQRSS,ASWDDSLNGVV
GFTFSNY,WFDASD,RASQSVSSN,GAATRAT,QQYNNWPLT
GFTFSNY,WFDASD,RASQSVSSN,GAATRAT,QQYNNWPLT
GDTFIRY,ITILDV,RASESVSSD,GASTRAT,QQYNNWPPRYT
GFTFSRF,SGSGGS,SGTYSNIGSNP,ANDQRPS,STWDDSLPGPL
GGTLRTY,IPLFGK,RASQSVTSSQ,GASNRAT,QQYGSSPT
GDTFIRY,ITILDV,RASESVSSD,GASTRAT,QQYNNWPPRYT
GDSIRGGEWGDKDY,HWRGT,RASQNINKN,ETYSKIA,QQYEEWPRT
,,,,
GGTFNSY,IPIFGT,SGDNIPYEY,GDNNRPS,ASWDSMTVDGV
GFTFSSY,SWNGSR,TGSSSNIGAAYD,GNNKRPS,QSYDSSLSGSV
GFTFTDVS,VVGTGN,RASQSVRISY,GSSSRAT,QQYANSPWT
GVTVSSN,YPGGS,RASQGISSY,AASTLQS,QQLNSYPR
,NPTNGA,QASRGIGKD,DASTLEG,QQYET
GYLISNGY,YYTRD,RASQDISSW,AASSLQS,QQADSFIT
GGSFGRY,DHTGS,RASQIINTN,AASARAT,QQYKHWPPYT
GGSFGRY,DHTGS,RASQIINTN,AASARAT,QQYKHWPPYT
GFNLYSY,YPYSGS,RASQSVSSA,SASSLYS,QQSSYSPLT
GFNLYSY,YPYSGS,RASQSVSSA,SASSLYS,QQSSYSPLT
GYNFNDY,DPSGGR,RASQSVRNN,GASTRAT,QQYNNWWT
GFSLSTSGM,DWDDD,RASQSISSY,AASSLQS,QQSYSTPYT
GFTFLGY,SPAGGS,RASQDVSTA,SASFLYS,QQFPTYLPT
GFNIKDT,YPTNGY,RASQDIPRSISGY,WGSYLYS,QQHYTTPPT
GFTFSSY,SSSSSY,SGSSSNIGSNT,SNNQRPS,AAWDDSLNAWV
GFAFSSF,SSGSGT,RSSKSLLHSNGNTY,RMSNLAS,MQHLEYPLT
GFNIKDT,YPTNGY,RASQDIPRSISGY,WGSYLYS,QQHYTTPPT
GFNIKDT,YPTNGY,RASQDIPRSISGY,WGSYLYS,QQHYTTPPT
GDSIRGGEWGDKDY,HWRGT,RASQNINKN,ETYSKIA,QQYEEWPRT
GYNIRDY,NPKTGQ,QANGYLN,DGSKLER,QVYEF
GYTLTEL,DPESGE,RASQSFSSSY,GASTRAT,QKYGTSAIT
,,,,
GYTFTNY,HPRDSD,RASQSISVS,AASRLQS,QETYSDLMYT
GYTFTNY,HPRDSD,RASQSISVS,AASRLQS,QETYSDLMYT
GFTFSSY,SYDGSN,SGSSSNIGNNY,DSNKRPS,GTWDSSLSVWV
GFTFSSY,SYDGSN,SGSSSNIGNNY,DSNKRPS,GTWDSSLSVWV
GYRFNFY,SPYSGD,TGPNSVCCSHKS,EDNERAP,CSYTHNSGCV
GGSISNY,SDSES,GRQALGSRA,NNQDRPS,HMWDSRSGFSWS
GYTFTAH,KPQYGA,QTSQGVGSD,HTSSVED,QVLQF
GFAFSSF,SSGSGT,RSSKSLLHSNGNTY,RMSNLAS,MQHLEYPLT
GYTFTSY,NTDNGN,TGGSSNFGAGYD,GNNNRPS,QSFDTSLSGWI
GYTFTSY,NTDNGN,TGGSSNFGAGYD,GNNNRPS,QSFDTSLSGWI
GLTLSEY,LSDGTK,RSSQSLLHSNGKNY,LGSDRAS,MQALQTPFT
GFSLSTSGM,WWDGD,RASQDISNY,YTSKLHS,LQGKMLPWT
GFTFRDY,SGSGGN,RSSQSLLYSIGYNY,LGSNRAS,MQALQTPYT
GFTFSSY,SSSSSY,SGSSSNIGSNT,SNNQRPS,AAWDDSLNAWV
GFTFSSY,ENKYAGGA,SGDSIGKKY,KKRPS,SAWGDKGMV
GFTFSSY,ENKYAGGA,SGDSIGKKY,KKRPS,SAWGDKGMV
GFTFSSY,WYDGSN,SGDALAKHY,KDSERPS,QSADSIGSSWV
GFTFSSY,SSSSSY,SGSSSNIGSNT,SNNQRPS,AAWDDSLNAWV
GYTFTGY,NPNSGG,RTSQSGS,SGSTRAA,QQYEF
GYAFSSY,WPGDSD,KASQSVDYSGDSY,DASNLVS,QQSTENPWT
GASISSGGY,YYIGN,TGTSSDVGGYKY,EVSNRPS,SSYTSSSTWV
GFTFNIY,TTAGD,RASQSVSSYY,ETSRRAT,QHYGVSPVIT
GYSFTSY,YPGESD,RASQSISSY,AASSLQS,QQSYSTPRQWT
GFNIKDT,YPTNGY,RASQDVNTA,SASFLYS,QQHYTTPPT
GYTFTDF,NPNSGG,RASGNIHNF,NAKTLAD,QQFWSTPYT
GDSVSSGSY,YYSGS,TGTSSDVGGYNY,DVSNRPS,SSYTSSSTLVV
GYTFNDY,DPANGR,RASRSVRNN,DASTRAA,LQYNNWWT
GGSISSSSY,SYSGS,KSSQSVLYSSNNKNY,WASTRES,QQYALAPPRT
GYEFIDC,KPRGGA,RTSQYGS,SGSTRAA,QQYEF
GYEFIDC,KPRGGA,RTSQYGS,SGSTRAA,QQYEF
GYEFIDC,KPRGGA,RTSQYGS,SGSTRAA,QQYEF
GDTFIRY,ITILDV,RASESVSSD,GASTRAT,QQYNNWPPRYT
GYIFTSY,SAYNGN,RSSQSLVYSDGNTY,KVSNRDS,MQATHWPLT
GYSLKDH,NPQSGG,SGSSSNIGKNY,DNNKRPS,GTPDRSLSVV
GYTLTEA,DPQDGE,RASQNVSSF,DASSRAT,QQRRSWPPLT
GFTFRTY,WYDGSN,GGNNLGSKS,DDSDRPS,QVWDSSSDHVV
GYTFSSY,LPGSGS,QASQDIWWY,YTSRLHS,QQGFYLPWT
GYTFSSY,LPGSGS,QASQDIWWY,YTSRLHS,QQGFYLPWT
GGSISSSNF,TYSGR,TRSSGSIASNY,EDNQRPS,QSYDSSSWV
GYTFTNY,HPSSGG,RASQGINNY,AASTLQS,QKYNSAPFT
GFTFSPY,NSDSTY,RSSQSLLHTNGYNY,LASNRAS,MQALQIPRT
GFTFGDY,RSKAYGGT,RSSQSLLHSNGYNY,LGSNRAS,MQSLQTPRLT
GFTFSSY,TSSSSY,SGDKLGDKY,QDTKRPS,QAWDSSTVV
GYRFNFY,SPYSGD,TGPNSVCCSHKS,EDNERAP,CSYTHNSGCV
GGSISNY,SDSES,GRQALGSRA,NNQDRPS,HMWDSRSGFSWS
GGSISSGGY,YDSGS,TLPSDINVGSYN,YYSDSDKGQGS,MIWPSNAWV
GYSFTSY,YPGDSD,TLRNDHDIGVYS,YFSQSDKSQGP,AMGA
GGSFSGY,NHSGS,RSSQSLLHSNGYNY,LGSNRAS,MQGTHWPRT
GLIVSSN,YAGGS,RASQSISSY,AASSLQS,QQSYTTPLFT
GFTFTSY,SAYDAK,RSSQSLVHSDGNTY,KISKRFS,TQASQFPRT
GLTVSSN,YSGGS,RASQSVPSSY,GASTRAT,QHYDTSPR
AFTFSSY,SYDGSN,RASQSISSY,AASSLQS,QQSYSTLALT
GYTFTNY,SANNGD,GGNIIGSKL,DDGDRPS,QVWDTGSDPVV
GFTFSSY,SYDGSN,TRSSGSIASNY,EYNQRPS,QSYDSANRV
GFTFSSY,SYDGSN,TRSSGSIASNY,EYNQRPS,QSYDSANRV
GFTVSRN,YSGGS,RASQGISSF,GASTLQS,QRLDSYPPIT
GFAFSSF,SSGSGT,RSSKSLLHSNGNTY,RMSNLAS,MQHLEYPLT
,,,,
GDTFNE,IPAFGV,RASQSVSSSY,GASSRAT,QQYGSSPQT
GFTIYSS,YSSSGS,RASQSVSSA,SASSLYS,QQIWSWPLIT
GFTIYSS,YSSSGS,RASQSVSSA,SASSLYS,QQIWSWPLIT
GFTFSNY,NQDGSE,RASQSVSSSY,GASSRAT,QQYGSSPCT
GFNFNDY,RNKNYQYG,QASQDIGIS,NANNLAD,LQHNSAPYT
GFNFNDY,RNKNYQYG,QASQDIGIS,NANNLAD,LQHNSAPYT
GFAFSSF,SSGSGT,RSSKSLLHSNGNTY,RMSNLAS,MQHLEYPLT
GYTFTSS,NPVSGS,TGTSSDVGSYNY,GVSKRPS,GTFAGGSYYGV
GYRFTNY,NPLHGG,RSSQSGW,KSSILET,QHFET
GYTFTDY,DPQEGE,RASQSVTSTY,SASSRAT,QQYGSSPPYT
GYTFTDY,DPQEGE,RASQSVTSTY,SASSRAT,QQYGSSPPYT
GFTFDDY,SWNSGT,RSSQSLLHSNGYNY,LGSNRAS,MQALQTPFT
GFTFDDY,SWNSGT,RSSQSLLHSNGYNY,LGSNRAS,MQALQTPFT
GFTFDNY,SRSSGD,RASQSVRSY,DASNRAT,QQYRYSPRT
GFTFDNY,SRSSGD,RASQSVRSY,DASNRAT,QQYRYSPRT
GFTFHDY,SWRGDI,RASQSISSW,KASKLER,LEYSSYIRT
GYEFTSY,SPNSGS,RASQSISNN,YTSRSVS,GQNNEWPEV
GYEFTSY,SPNSGS,RASQSISNN,YTSRSVS,GQNNEWPEV
GYTFTSY,NAGNGN,TGTSSDVGGFNY,DVTSRPS,SSHTSRGTWV
GFTVSSN,YSGGS,TGRSSNIGAGYD,GNTNRPS,QSYDSSLSGSV
GDTFIRY,ITILDV,RASESVSSD,GASTRAT,QQYNNWPPRYT
GDTFIRY,ITILDV,RASESVSSD,GASTRAT,QQYNNWPPRYT
GFTFSSS,SSSSGS,RASQSVSSA,SASSLYS,QQSSSSLIT
GFTFSHY,GPSGGP,RASQSISTW,KASNLHT,QQYNSYSRT
GFTFSHY,GPSGGP,RASQSISTW,KASNLHT,QQYNSYSRT
GGTFSSY,LPGSGN,TASSSVNSFY,STSNLAS,HQYHRSPYT
GGTFSSY,LPGSGN,TASSSVNSFY,STSNLAS,HQYHRSPYT
,,,,
GFDFSRQ,KYDGSE,QGTSNDVGGYES,DVSKRPS,KSLTSTRRRV
GFDFSRQ,KYDGSE,QGTSNDVGGYES,DVSKRPS,KSLTSTRRRV
GFAFSSF,SSGSGT,RSSKSLLHSNGNTY,RMSNLAS,MQHLEYPLT
GYSFTNY,FPGDSD,RASQSVSSN,GASTRAT,QQYNNWPPYT
GFAFSSF,SSGSGT,RSSKSLLHSNGNTY,RMSNLAS,MQHLEYPLT
GFDFSRQ,KYDGSE,QGTSNDVGGYES,DVSKRPS,KSLTSTRRRV
GFDFSRQ,KYDGSE,QGTSNDVGGYES,DVSKRPS,KSLTSTRRRV
GDTFRSY,IPFFGT,RAGQTVASNS,GASIRAS,QQYGLSST
GFTFSSY,SSSSSY,TGSSSNIGAGYD,GNSNRPS,QSYDSSLSGSV
GFTFSSS,VVGSGN,RASQSVRSSY,GASSRAT,QQYDSSPWT
,NPTNGA,QASRGIGKD,DASTLEG,QQYET
GYNFRDF,KPMWGA,RASQGGNS,DTSRRAS,QQFEF
GYSFTSY,YPGDSD,RASQGISSG,DVSSLES,QQFNSYLLT
GYSFTSY,YPGDSD,RASQGISSG,DVSSLES,QQFNSYLLT
GFTFSTF,SRTSKT,RASQSISSY,SASVLQS,QQSVMIPMT
GYSLTDN,YPGDSD,SGSSSDIGSNY,DNNKRPS,GTWDSRLGIAV
GGTFSSL,IPIFGT,RASQSISSW,KASSLES,QQYNIYPIT
GFTFSSY,SYDGS,SGSSSNIGSNT,SNNQRPS,AAWDDSLKGV
EFIVSRN,YSGGS,RASQGVSSF,GASSRAT,QQYGSSPRT
GYSFSTY,SAYTGI,RASHRVGSTY,GASNRAT,QQFSVSPWT
GFSLSTIGV,YWDDD,RASQSVFTY,AASRLQS,QQSHSTPFI
GDTFIRY,ITILDV,RASESVSSD,GASTRAT,QQYNNWPPRYT
,,,,
,,,,
GYTFTGY,NPNSGG,TGTSSDVGSYNL,EGSKRPS,CSYAGSVV
GFMFSSY,WYDGSK,SGSSSNIGSNP,ADEHRPS,AAWDDSLSGPAVV
GYTLTEL,DPEDGE,SGSSSNIGNNY,DNNKRPS,GTWDSSLSAHWV
GFTFSSY,SYSGSE,SGDSIGKKY,KKRPS,SAWGDKGMV
GYIFTES,SGYSGD,SGSSSNIGTNY,RSYQRPS,ATWDDSLDGWV
GFTFNHY,SGSGRS,RASESISSN,GASTRAT,QQYNNRLPYT
GFTFNHY,SGSGRS,RASESISSN,GASTRAT,QQYNNRLPYT
GYEFTSY,SPNSGS,RASQSISNN,YTSRSVS,GQNNEWPEV
GYEFTSY,SPNSGS,RASQSISNN,YTSRSVS,GQNNEWPEV
GFTINGT,YPAGGA,RASQDVSTA,SASFLYS,QQSNRAPAT
GASISSY,YTSGS,RASQSISSW,KASSLES,QQYNSYPWT
GFAFSSF,SSGSGT,RSSKSLLHSNGNTY,RMSNLAS,MQHLEYPLT
GFTFSSY,KQDGNE,RASQGISNW,AASSLQS,QQYDSYPRT
GFTFSSY,KQDGNE,RASQGISNW,AASSLQS,QQYDSYPRT
GFTFDDY,SWNSGS,RTSQTISSY,DASSLQS,QQSYNTPYA
GFTFDDY,SWNSGS,RTSQTISSY,DASSLQS,QQSYNTPYA
GFTFTSS,VVGSGN,RASQSVSSSY,GASSRAT,QQYGNSPWT
GFTFNSY,AYDSSN,SGDNIGGTF,DDNDRPS,GTWDMVTNNV
GTLVRDN,HDSGD,GEESLGSRS,NNNDRPS,HIWDSRRPTNWV
GYRFNFY,SPYSGD,TGPNSVCCSHKS,EDNERAP,CSYTHNSGCV
GYTFTSN,NPSNGR,RSSQSLVHSNGDTY,KVSNRFS,SQSTHVPPFT
GFTFSSF,SSGSST,KSSQSLLNSGNQKNY,WASTRDS,QNDYSYPLT
GFTFSDY,DLDSGS,SGSSSNIGSNS,SDNHRPS,QGWDTSLSGHV
GFTFSDY,DLDSGS,SGSSSNIGSNS,SDNHRPS,QGWDTSLSGHV
GFTFSSY,SYDGSN,RASQSISSY,AASSLQS,QQSYNLPRT
GGSISSGDY,YYSGS,RASQSVSSY,DASNRAT,HQYGSTPLT
GDSVSSNIA,YYRSKWY,RASQGISTW,AASSLET,QQSYSTPWT
,,,,
GFAFSSF,SSGSGT,RSSKSLLHSNGNTY,RMSNLAS,MQHLEYPLT
GFNFSSS,SSYSGY,RASQSVSSA,SASSLYS,QQSSYIPVT
GGSISSSN,YHGGS,QGDSLRGYY,GKNNRPS,NSRDSSGNHPVV
GFAFSSF,SSGSGT,RSSKSLLHSNGNTY,RMSNLAS,MQHLEYPLT
GYDFMES,NPRGGG,RPSQAISKSH,GTYERAS,QCFEG
GYEFLNC,KPRGGA,RTSQSGS,SGSTRAA,QQYEF
EDIFERTE,KTVTGAV,TAASYGH,ATSKRAS,QQLEF
GFDFSRN,TFESK,KSSHSLLYAPYDKDA,WASSRRS,QQTRWTPPT
GFTFSSY,SYDGDN,TGTSSDVGFYNF,DVSERPS,CSYAGTYTFV
GFTFSSY,SYDGDN,TGTSSDVGFYNF,DVSERPS,CSYAGTYTFV
GFTFSKY,KPDGSE,TGTSSDVGAYNY,EVARRPS,SSYAGSNNFAV
GFTFSKY,KPDGSE,TGTSSDVGAYNY,EVARRPS,SSYAGSNNFAV
GFTFNSY,RYDGGN,QASQDIRFY,DASNMET,QQYDNLPFT
GGSSSGY,SDSGS,RASQGVNSA,DASTLES,QQFNSYPLT
GGSSSGY,SDSGS,RASQGVNSA,DASTLES,QQFNSYPLT
GFNIHSS,YSSFGS,RASQSVSSA,SASSLYS,QQGVYLFT
GFTVSLS,YGDGN,KSSQSVLYSSNNKNY,WASTRES,QQYYSLPLT
GFTVSLS,YGDGN,KSSQSVLYSSNNKNY,WASTRES,QQYYSLPLT
GFTFSSY,SNTSTY,RSSQSLLHSNGYNY,LGSNRAS,MQALQAVG
GFTFSSY,SNTSTY,RSSQSLLHSNGYNY,LGSNRAS,MQALQAVG
GFNIKDT,YPTNGY,RASQDVNTA,SASFLYS,QQHYTTPPT
GFTVSSN,YSGGS,QASQDISNY,DASNLET,QQYDNLPMYT
GFTVSSN,YSGGS,QASQDISNY,DASNLET,QQYDNLPMYT
GGSISSSSY,SYSGS,KSSQSVLYSSNNKNY,WASTRES,QQYALAPPRT
GYSFSNY,DPFNGG,RASQSISSN,YASQSIS,QQTNFWPYI
GYSFSNY,DPFNGG,RASQSISSN,YASQSIS,QQTNFWPYI
GPTFSSY,SYDGAN,RASQVISHN,GASTRAS,QHYSNWPPRLT
GFTFSHY,SYDGHN,RASQEVGESE,GAFSRAT,QQYGSSPWT
GFAISAS,DPETGE,RASQSVSSA,SASSLYS,QQSYSFPST
GFAISAS,DPETGE,RASQSVSSA,SASSLYS,QQSYSFPST
GASISSY,YTSGS,RASQSISSW,KASSLES,QQYNSYPWT
GFDFDNA,TGPGEGWS,RGDSLRSHY,GKNNRPS,SSRDKSGSRLSV
GFTFGDY,RSKAYGGT,RSSQSLLHSNGYNY,LGSNRAS,MQSLQTPRLT
GFTFGDY,RSKAYGGT,RSSQSLLHSNGYNY,LGSNRAS,MQSLQTPRLT
GGSFSGY,NHSGS,RASQGIGNY,AASSLQS,LQHGFLPWT
GFTFSSY,SYDGSN,KSSQSVLYRSNNKNY,WASTRES,HQYYSTPFT
GFAFSSF,SSGSGT,RSSKSLLHSNGNTY,RMSNLAS,MQHLEYPLT
GYTFTAH,KPQYGA,QTSQGVGSD,HTSSVED,QVLQF
GGTFSSY,IPIFGT,RASQSISSY,AASSLQS,QQSYSTPRT
GTLVRDN,HDSGD,GEESLGSRS,NNNDRPS,HIWDSRRPTNWV
GYRFNFY,SPYSGD,TGPNSVCCSHKS,EDNERAP,CSYTHNSGCV
GATFSSF,IPMFGT,RASHSVSSSN,GASRRAT,QQYGSSPIT
GVIVSSN,YSGGS,RASQSVSSSY,GASSRAT,QQYGSSPQT
GESVGDN,GSSGD,RSSQSLLLGNGRNY,LGSNRAS,MEARQTPRLT
GFTFSSY,SGSGGS,TGTSSDIGGSKY,DVNRRPS,TSYHPTKTIL
GFTFSSY,SGSGGS,TGTSSDIGGSKY,DVNRRPS,TSYHPTKTIL
EYTFNEF,KRSGR,RASQGLNF,APSGRAP,QEYSSTPYN
GLTVSSN,YSGGS,RASQGISSD,AASTLQS,QQLNSHPLA
GLTVSSN,YSGGS,RASQGISSD,AASTLQS,QQLNSHPLA
GFTFSDY,LGGSER,RSNQDLTHSNGNTY,KVSNRFS,MQGTHWPWT
GFSFGSY,SYGGGN,SGSSSNIGSNT,SHNQRPS,AAWDDSLIGYV
GFTFDNY,SRSSGD,RASQSVRSY,DASNRAT,QQYRYSPRT
GYEFIDC,KPRGGA,RTSQYGS,SGSTRAA,QQYEF
GGSISNY,SDSES,GRQALGSRA,NNQDRPS,HMWDSRSGFSWS
GYRFNFY,SPYSGD,TGPNSVCCSHKS,EDNERAP,CSYTHNSGCV
GFTFSNY,SRSGSY,KSSQSLLESDGKTY,LVSILDS,LQATHFPQT
GYSFTSY,YPGDSS,RASQSVSSSY,GASSRAT,QQYGSSTWT
GYSFTSY,YPGDSS,RASQSVSSSY,GASSRAT,QQYGSSTWT
GFTFSNY,SYDAIS,WASQSVSSN,GASTRAT,QQYNNWPPR
GGTFSNY,IPILGI,RASQSIRSTY,GASSRAT,QQYGRSPS
GDTFSSY,TPIFGS,RASQSVAGN,GASTRAT,QQYNNWPPWT
GFTFSSY,SYDGNN,RASQSVGSSY,GAFSRAT,QQYGSSPWT
GFTFSSY,SYDGNN,RASQSVGSSY,GAFSRAT,QQYGSSPWT
GFSLSAY,WGDGK,RASKSVDSYGNSF,LASNLES,QQNNEDPRT
GFTVSSN,YPGGS,RASQGISSW,AASSLQS,QQANSFPGGT
GGPFSSY,IPVYGT,TGASSDVGDYNY,DVSNRPS,SSYTRSSSVV
GGPFSSY,IPVYGT,TGASSDVGDYNY,DVSNRPS,SSYTRSSSVV
GASIRGY,HSTGS,RASQSVSSSY,GTSTRAP,QQYGNSLYT
GYSFSSY,DPSDSN,RASQSVSSY,DASNRAS,QQRRNWPLT
GGSISNY,SDSES,GRQALGSRA,NNQDRPS,HMWDSRSGFSWS
GYRFNFY,SPYSGD,TGPNSVCCSHKS,EDNERAP,CSYTHNSGCV
GYEFIDC,KPRGGA,RTSQYGS,SGSTRAA,QQYEF
GFNIKDT,YPTNGY,RASQDIPRSISGY,WGSYLYS,QQHYTTPPT
GFTFNSY,RYDGGN,QASQDIRFY,DASNMET,QQYDNLPFT
GYTFTNY,NTYTGE,ITSTDIDDD,GGNTLRP,LQSDSLPYT
GYTFTNY,NTYTGE,ITSTDIDDD,GGNTLRP,LQSDSLPYT
GGTFSTY,IPIFGT,TGTSSDVGGYKF,DVSNRPS,SSYTNSSTVV
GFNISYS,YSYSGY,RASQSVSSA,SASSLYS,QQSSSSLIT
GFTFSHA,KAKSDDYA,RSSQSLLDSDGHTY,SVSNLES,MQATHAPPYT
GFTFSSY,SSGGGN,RASESVDNYGISF,AASNQGS,QQSKEVPLT
EDIFERTE,KTVTGAV,TAASYGH,ATSKRAS,QQLEF
GYIFTSY,KPSDDS,TGTSSDVGGYNF,EVSDRPS,FSYTTSTTWV
GFTFSNY,SYDAIS,WASQSVSSN,GASTRAT,QQYNNWPPR
GFAFSSY,SYDGSN,RASQSVRSN,DASTRAT,QQRSNWPPT
GFAFSSY,SYDGSN,RASQSVRSN,DASTRAT,QQRSNWPPT
GGSFSGY,NHSGS,RASQSVSSY,DASNRAT,QQRSNWPLT
,,,,
GFSFNEK,WYNSIH,SGDTLSTKW,EGNKRFS,FSTDSSGQTWV
GFTFTST,YPTNGS,RASQDVSTA,SASFLYS,QQSYTTPPT
GDTFIRY,ITILDV,RASESVSSD,GASTRAT,QQYNNWPPRYT
GFTFSRF,SGSGGH,GGNNIGNKG,DDSDRPS,QVWDSSSDHVV
GLIVSSN,YAGGS,RASQSISSY,AASSLQS,QQSYTTPLFT
GITVSSN,YSGGS,RASQSVSSSY,GASSRAT,QQYGSSPT
GGTFSSY,TPILGI,GGNNIGSKS,DDSDRPS,QVWDSSSDYV
GGTYINY,SPISNT,RASQSISSW,KASSLET,QHYNTYLFT
GFTFSDY,SSGSST,SASSSVTY,RTSDLAS,QHYHSYPLT
GDSISSSDY,YYIKN,TGSSSNIGAGYD,GNNNRPS,QSYDSSLSGSKV
GYTFTGY,NPNSGG,TGTSSDVGGYNY,EVSKRPS,SSYAGSNHWV
GGSITSSNH,YYSGS,RASQGISSY,AASTLQS,QQLNSYPLT
GYTFTSY,SPYNGN,TGTSSDVGSYNL,AGSKRPS,CSYAGSSTWV
GGSIKNKDF,FYSGG,TGTHSNIGAGFD,ANNNRPS,QSFDSILSGDLV
GYRFSNF,NPYNGN,RSSHSIRSRR,GVSNRAS,QVYGASSYT
GGSVSSSTY,YYSGS,RASQSISSW,KASSLLS,QHYNTYPWT
GVTVSSN,YPGGS,RASQGISSY,AASTLQS,QQLNSYRYT
GFTFSSY,SPAGGY,RASQYFSSY,GASSRAS,QQYLGSPPT
GYPFTSY,STYNGN,RASQTVSSTS,GASSRAT,QQHDTSLT
,,,,
GFTFSSY,SGGGDS,RTSQSISNW,QASTLEN,QQYNNYMALT
GFAFSSF,SSGSGT,RSSKSLLHSNGNTY,RMSNLAS,MQHLEYPLT
GYDFIDY,NPSGGG,TGTHNYV,DFNKRPS,WAFEN
GFNIDDT,YPTNGY,RASQDVNTA,SADFLYS,QQHYTTPPT
GVTVSSN,YSGGT,RASQGISSY,AASTLQS,QQLDSYPPGYT
GASISANSY,AYRGNSNSGS,SGNSFNIGRYP,YNNLRFS,STWDDTLKGWV
GASISSGGY,YYSGT,SGDNLGDKY,QDNKRPS,QTWDSTVV
GFAFSSF,SSGSGT,RSSKSLLHSNGNTY,RMSNLAS,MQHLEYPLT
GFAFSSF,SSGSGT,RSSKSLLHSNGNTY,RMSNLAS,MQHLEYPLT
GYTFTGY,NPNSGG,KSSQSVLYSSNNKNY,WASTRES,QQYYS
GDSVSSNSA,YYRSKWY,RASQTIWSY,AASSLQS,QQSYSIPQT
GFNISYS,SSYYGS,RASQSVSSA,SASSLYS,QQSSDDPIT
GFNISYS,SSYYGS,RASQSVSSA,SASSLYS,QQSSDDPIT
GFSLSDY,YASGS,QASQSISAY,DASDLAS,QTYYAIITYGAA
GGTFSIY,IPIFGT,RSSQSLLHSNGYNY,LGSNRAS,MQALQTPA
GGTFSIY,IPIFGT,RSSQSLLHSNGYNY,LGSNRAS,MQALQTPA
GYSFTSS,NPGNVR,TASSSVSSSY,RTSRLAS,HQFHRSPLT
GYTLTEL,DPEDFK,TGSSSNIGAGYD,GNSNRPS,QSYDSSLSGWV
GYNFRDY,KPLWGA,KASQGGNA,DTSRRAS,QQFEF
,,,,
GYPFTSY,STYNGN,RASQTVSSTS,GASSRAT,QQHDTSLT
GFTFSVY,WYDGDN,RASQSIGSS,YASQSFS,HQSSSLPFT
GYTFSSY,YPGSGT,KASQNVRTS,LASNRHT,LQHWTYPYT
GFTFDDY,TWNSGY,RASQSVISN,GASTRAT,QQYNNWPLT
GYSFTDY,KPERGA,RASQGVGSD,GASTRAS,QQYET
GFTFDDY,SWNTGT,GGNNIGSKS,DDSDRPP,QVWDSSSDHAV
GFTVSSN,YSGGS,RASQGISSY,AASTLQS,QHLNSYPPGYT
GFTFSSY,KQDGSE,GSSTGAVTSGHY,DTSNKHS,LLSYSGARGV
GGSISSSN,YHSGS,SGSSSNIGSNY,RNNQRPS,AAWDERLSGWV
GYTFTGY,NPNSGG,RASQSISSY,AASSLQS,QQSYSTPPT
GFNVSSS,SSYYGY,RASQSVSSA,SASSLYS,QQYFYWPIT
GFAFSSF,SSGSGT,RSSKSLLHSNGNTY,RMSNLAS,MQHLEYPLT
GFAFSSF,SSGSGT,RSSKSLLHSNGNTY,RMSNLAS,MQHLEYPLT
GFTFNSF,SGSGGG,RASQSVSSY,DASNRAT,QQRSNWPPT
GYSFISY,YPGDSD,RASQSISTY,AASSLQS,QQSHSTPRT
GGSTYNH,SYSGK,RASQSIGSW,KASSLES,QQYNNYSYT
GFSYSNH,NSDGST,TGTSSNADTYNL,EGTKRPS,CSYATSRTLV
GGPFRSY,IPIFGT,SGSSSNIGNDY,DNNKRPS,ATWDRRPTAYVV
GYTFSSY,DPGSGG,RASQYVGSY,DASNRAT,QVWDSSPPVV
GFTFRYE,SGPIPK,SGSSSNIGNHY,DNSERTA,GTWDELTSNLV
GFTFDDY,SWNRGS,TGSSSNIGAGYD,GNSNRPS,QSYDSSLSGSYV
GYIFTGY,NPNSGG,TGTSSDVGTYNY,DVSNRPS,SSFTTSSTVV
,,,,
GGSISSSNF,TYSGR,TRSSGSIASNY,EDNQRPS,QSYDSSSWV
GYEFINC,KPRFGA,RTSQYGS,SGSTRAA,QQYEF
GYEFIDC,KPRGGA,RTSQYGS,SGSTRAA,QQYEF
GDTFNE,IPAFGV,RASQSVSSSY,GASSRAT,QQYGSSPQT
GFTISGY,YPDSGY,RASQDVSTA,SASFLYS,QQAWAYLPT
GFAFSSF,SSGSGT,RSSKSLLHSNGNTY,RMSNLAS,MQHLEYPLT
GGSFSGY,NHSGS,RSSQTLMNRNGNNF,LGSNRAP,MQALQTPS
GGTFSSD,IPIFGV,KSSQSVLYSSNNKNY,WASTRES,QQYYSTPYT
GFTFSSY,SYSGSE,SGDSIGKKY,KKRPS,SSWDSTGLV
GFPFSSY,NNSGNV,RASQMISSPF,GASTRAT,QYYDDSPFT
GYTFTAY,YPGSGY,RASQSISSY,AASSLQS,QQSYSTPPT
GFAFSSF,SSGSGT,RSSKSLLHSNGNTY,RMSNLAS,MQHLEYPLT
,NPTNGA,QASRGIGKD,DASTLEG,QQYET
GYTFSDY,NPQWGQ,TGASTSV,DGNKRPS,NAFEF
GYTFLNC,KPRGGA,RTSQYGS,GGSSRAT,QQYEF
GFAFSSF,SSGSGT,RSSKSLLHSNGNTY,RMSNLAS,MQHLEYPLT
GFTFMSS,VIGSGN,RASQSVSSSY,GASSRAT,QHYGSSRGWT
GGTLNSY,TPIFE,RAGQNINNY,AASNLQS,QQSHSTVRT
GGSISSY,YYSGN,RASQSIRSY,AASSLQS,QQSYSTPPT
GFTFDDY,NWQGGS,SGDSLRSYY,GANNRPS,NSADSSGNHVV
GGSISSSN,YHSGS,SGSSSNIGSNY,RNNQRPS,AAWDERLSGWV
GGSMINY,IYGGT,RASQSVGRN,DASNRAT,QARLLLPQT
GFTISDY,TPAGGY,RASQFLSSFG,GASSLYS,QQGLLSPLT
GFDFDNA,TGPGEGWS,QGDSLRSHY,GKNNRPS,SSRDKSGSRLSV
GFTFRNY,KYDGRN,QASQDIRNY,DASNSET,QQHQNVPLTT
GFSLSTYGV,WWDDV,RASKSISKY,SGSTLQS,QQHDYPYT
GFTFHDH,TWNGGT,SGSSANIGSNT,SNNQRPS,AAWDDSLKGV
